T_validation,T_prime_validation,T_generalization,T_prime_generalization,Setup
TITANIC/TITANIC_Ver_0.csv,TITANIC/TITANIC_Ver_4.csv,TITANIC/TITANIC_Ver_1.csv,TITANIC/TITANIC_Ver_5.csv,mixed_mixed_addition_columns
TITANIC/TITANIC_Ver_0.csv,TITANIC/TITANIC_Ver_6.csv,TITANIC/TITANIC_Ver_1.csv,TITANIC/TITANIC_Ver_7.csv,mixed_numeric_addition_columns
TITANIC/TITANIC_Ver_0.csv,TITANIC/TITANIC_Ver_8.csv,TITANIC/TITANIC_Ver_1.csv,TITANIC/TITANIC_Ver_9.csv,mixed_numeric_addition_columns_with_aggregations
TITANIC/TITANIC_Ver_0.csv,TITANIC/TITANIC_Ver_10.csv,TITANIC/TITANIC_Ver_1.csv,TITANIC/TITANIC_Ver_11.csv,mixed_categorial_addition_columns
TITANIC/TITANIC_Ver_0.csv,TITANIC/TITANIC_Ver_12.csv,TITANIC/TITANIC_Ver_1.csv,TITANIC/TITANIC_Ver_13.csv,only_textual_origins_mixed_addition_columns
TITANIC/TITANIC_Ver_0.csv,TITANIC/TITANIC_Ver_14.csv,TITANIC/TITANIC_Ver_1.csv,TITANIC/TITANIC_Ver_15.csv,only_textual_origins_also_nlp_cleaning_mixed_addition_columns
TITANIC/TITANIC_Ver_0.csv,TITANIC/TITANIC_Ver_16.csv,TITANIC/TITANIC_Ver_1.csv,TITANIC/TITANIC_Ver_17.csv,only_textual_origins_onehot_addition_columns
TITANIC/TITANIC_Ver_0.csv,TITANIC/TITANIC_Ver_18.csv,TITANIC/TITANIC_Ver_1.csv,TITANIC/TITANIC_Ver_19.csv,only_textual_origins_labelencoding_addition_columns
TITANIC/TITANIC_Ver_0.csv,TITANIC/TITANIC_Ver_20.csv,TITANIC/TITANIC_Ver_1.csv,TITANIC/TITANIC_Ver_21.csv,only_textual_origins_frequencyencoding_addition_columns
TITANIC/TITANIC_Ver_0.csv,TITANIC/TITANIC_Ver_22.csv,TITANIC/TITANIC_Ver_1.csv,TITANIC/TITANIC_Ver_23.csv,only_textual_origins_numeric_targets_addition_columns
TITANIC/TITANIC_Ver_0.csv,TITANIC/TITANIC_Ver_24.csv,TITANIC/TITANIC_Ver_1.csv,TITANIC/TITANIC_Ver_25.csv,only_textual_origins_textual_targets_addition_columns
TITANIC/TITANIC_Ver_0.csv,TITANIC/TITANIC_Ver_26.csv,TITANIC/TITANIC_Ver_1.csv,TITANIC/TITANIC_Ver_27.csv,only_textual_origins_also_single_nlp_cleaning_mixed_addition_columns
TITANIC/TITANIC_Ver_28.csv,TITANIC/TITANIC_Ver_29.csv,TITANIC/TITANIC_Ver_30.csv,TITANIC/TITANIC_Ver_31.csv,mixed_mixed_removal_columns
TITANIC/TITANIC_Ver_32.csv,TITANIC/TITANIC_Ver_33.csv,TITANIC/TITANIC_Ver_34.csv,TITANIC/TITANIC_Ver_35.csv,limited_mixed_mixed_removal_columns
TITANIC/TITANIC_Ver_36.csv,TITANIC/TITANIC_Ver_37.csv,TITANIC/TITANIC_Ver_38.csv,TITANIC/TITANIC_Ver_39.csv,mixed_mixed_mixed_columns
TITANIC/TITANIC_Ver_2.csv,TITANIC/TITANIC_Ver_40.csv,TITANIC/TITANIC_Ver_3.csv,TITANIC/TITANIC_Ver_41.csv,mixed_mixed_removal_rows
TITANIC/TITANIC_Ver_2.csv,TITANIC/TITANIC_Ver_42.csv,TITANIC/TITANIC_Ver_3.csv,TITANIC/TITANIC_Ver_43.csv,mixed_mixed_removal_rows
TITANIC/TITANIC_Ver_2.csv,TITANIC/TITANIC_Ver_44.csv,TITANIC/TITANIC_Ver_3.csv,TITANIC/TITANIC_Ver_45.csv,mixed_mixed_removal_rows2
TITANIC/TITANIC_Ver_2.csv,TITANIC/TITANIC_Ver_46.csv,TITANIC/TITANIC_Ver_3.csv,TITANIC/TITANIC_Ver_47.csv,mixed_mixed_removal_rows3
TITANIC/TITANIC_Ver_2.csv,TITANIC/TITANIC_Ver_48.csv,TITANIC/TITANIC_Ver_3.csv,TITANIC/TITANIC_Ver_49.csv,mixed_mixed_removal_rows4
TITANIC/TITANIC_Ver_2.csv,TITANIC/TITANIC_Ver_50.csv,TITANIC/TITANIC_Ver_3.csv,TITANIC/TITANIC_Ver_51.csv,mixed_mixed_removal_rows5
TITANIC/TITANIC_Ver_52.csv,TITANIC/TITANIC_Ver_53.csv,TITANIC/TITANIC_Ver_54.csv,TITANIC/TITANIC_Ver_55.csv,mixed_mixed_removal_rows_mixed_columns
TITANIC/TITANIC_Ver_0.csv,TITANIC/TITANIC_Ver_56.csv,TITANIC/TITANIC_Ver_1.csv,TITANIC/TITANIC_Ver_57.csv,mixed_mixed_addition_rows
TITANIC/TITANIC_Ver_0.csv,TITANIC/TITANIC_Ver_58.csv,TITANIC/TITANIC_Ver_1.csv,TITANIC/TITANIC_Ver_59.csv,mixed_mixed_addition_rows_with_SMOTENC
TITANIC/TITANIC_Ver_0.csv,TITANIC/TITANIC_Ver_60.csv,TITANIC/TITANIC_Ver_1.csv,TITANIC/TITANIC_Ver_61.csv,mixed_mixed_addition_rows_only_SMOTENC
TITANIC/TITANIC_Ver_62.csv,TITANIC/TITANIC_Ver_63.csv,TITANIC/TITANIC_Ver_64.csv,TITANIC/TITANIC_Ver_65.csv,mixed_mixed_mixed_rows_mixed_columns
TITANIC/TITANIC_Ver_0.csv,TITANIC/TITANIC_Ver_66.csv,TITANIC/TITANIC_Ver_1.csv,TITANIC/TITANIC_Ver_67.csv,table_reshaping_group_by
TITANIC/TITANIC_Ver_0.csv,TITANIC/TITANIC_Ver_68.csv,TITANIC/TITANIC_Ver_1.csv,TITANIC/TITANIC_Ver_69.csv,table_reshaping_group_by2
TITANIC/TITANIC_Ver_0.csv,TITANIC/TITANIC_Ver_70.csv,TITANIC/TITANIC_Ver_1.csv,TITANIC/TITANIC_Ver_71.csv,table_reshaping_group_by3
