PassengerId,Name,Pclass,Age,Fare,Survived,last_name,additional_name,count_words_in_Name,Name_len,orig_index
150,"Byles, Rev. Thomas Roussel Davids",2,42.0,13.0,0,Byles,,4,33,0
408,"Richards, Master. William Rowe",2,3.0,18.75,1,Richards,,3,30,1
54,"Faunthorpe, Mrs. Lizzie (Elizabeth Anne Wilkinson)",2,29.0,26.0,1,Faunthorpe,Elizabeth Anne Wilkinson,5,50,2
370,"Aubart, Mme. Leontine Pauline",1,24.0,69.3,1,Aubart,,3,29,3
819,"Holm, Mr. John Fredrik Alexander",3,43.0,6.45,0,Holm,,4,32,4
550,"Davies, Master. John Morgan Jr",2,8.0,36.75,1,Davies,,4,30,5
86,"Backstrom, Mrs. Karl Alfred (Maria Mathilda Gustafsson)",3,33.0,15.85,1,Backstrom,Maria Mathilda Gustafsson,6,55,6
775,"Hocking, Mrs. Elizabeth (Eliza Needs)",2,54.0,23.0,1,Hocking,Eliza Needs,4,37,7
101,"Petranec, Miss. Matilda",3,28.0,7.8958,0,Petranec,,2,23,8
817,"Heininen, Miss. Wendla Maria",3,23.0,7.925,0,Heininen,,3,28,9
782,"Dick, Mrs. Albert Adrian (Vera Gillespie)",1,17.0,57.0,1,Dick,Vera Gillespie,5,41,10
124,"Webber, Miss. Susan",2,32.5,13.0,1,Webber,,2,19,11
691,"Dick, Mr. Albert Adrian",1,31.0,57.0,1,Dick,,3,23,12
109,"Rekic, Mr. Tido",3,38.0,7.8958,0,Rekic,,2,15,13
259,"Ward, Miss. Anna",1,35.0,512.3292,1,Ward,,2,16,14
530,"Hocking, Mr. Richard George",2,23.0,11.5,0,Hocking,,3,27,15
297,"Hanna, Mr. Mansour",3,23.5,7.2292,0,Hanna,,2,18,16
330,"Hippach, Miss. Jean Gertrude",1,16.0,57.9792,1,Hippach,,3,28,17
887,"Montvila, Rev. Juozas",2,27.0,13.0,0,Montvila,,2,21,18
514,"Rothschild, Mrs. Martin (Elizabeth L. Barrett)",1,54.0,59.4,1,Rothschild,Elizabeth L. Barrett,5,46,19
72,"Goodwin, Miss. Lillian Amy",3,16.0,46.9,0,Goodwin,,3,26,20
260,"Parrish, Mrs. (Lutie Davis)",2,50.0,26.0,1,Parrish,Lutie Davis,3,27,21
853,"Boulos, Miss. Nourelain",3,9.0,15.2458,0,Boulos,,2,23,22
738,"Lesurer, Mr. Gustave J",1,35.0,512.3292,1,Lesurer,,3,22,23
226,"Berglund, Mr. Karl Ivar Sven",3,22.0,9.35,0,Berglund,,4,28,24
164,"Calic, Mr. Jovo",3,17.0,8.6625,0,Calic,,2,15,25
283,"de Pelsmaeker, Mr. Alfons",3,16.0,9.5,0,de Pelsmaeker,,3,25,26
94,"Dean, Mr. Bertram Frank",3,26.0,20.575,0,Dean,,3,23,27
112,"Zabour, Miss. Hileni",3,14.5,14.4542,0,Zabour,,2,20,28
472,"Cacic, Mr. Luka",3,38.0,8.6625,0,Cacic,,2,15,29
403,"Jussila, Miss. Mari Aina",3,21.0,9.825,0,Jussila,,3,24,30
148,"Ford, Miss. Robina Maggie ""Ruby""",3,9.0,34.375,0,Ford,,4,32,31
573,"Flynn, Mr. John Irwin (""Irving"")",1,36.0,26.3875,1,Flynn,"""Irving""",4,32,32
591,"Rintamaki, Mr. Matti",3,35.0,7.125,0,Rintamaki,,2,20,33
105,"Gustafsson, Mr. Anders Vilhelm",3,37.0,7.925,0,Gustafsson,,3,30,34
560,"de Messemaeker, Mrs. Guillaume Joseph (Emma)",3,36.0,17.4,1,de Messemaeker,Emma,5,44,35
100,"Kantor, Mr. Sinai",2,34.0,26.0,0,Kantor,,2,17,36
648,"Simonius-Blumer, Col. Oberst Alfons",1,56.0,35.5,1,Simonius-Blumer,,3,35,37
171,"Van der hoef, Mr. Wyckoff",1,61.0,33.5,0,Van der hoef,,4,25,38
407,"Widegren, Mr. Carl/Charles Peter",3,51.0,7.75,0,Widegren,,3,32,39
166,"Goldsmith, Master. Frank John William ""Frankie""",3,9.0,20.525,1,Goldsmith,,5,47,40
841,"Alhomaki, Mr. Ilmari Rudolf",3,20.0,7.925,0,Alhomaki,,3,27,41
764,"Carter, Mrs. William Ernest (Lucile Polk)",1,36.0,120.0,1,Carter,Lucile Polk,5,41,42
318,"Moraweck, Dr. Ernest",2,54.0,14.0,0,Moraweck,,2,20,43
263,"Taussig, Mr. Emil",1,52.0,79.65,0,Taussig,,2,17,44
67,"Nye, Mrs. (Elizabeth Ramell)",2,29.0,10.5,1,Nye,Elizabeth Ramell,3,28,45
417,"Drew, Mrs. James Vivian (Lulu Thorne Christian)",2,34.0,32.5,1,Drew,Lulu Thorne Christian,6,47,46
437,"Ford, Miss. Doolina Margaret ""Daisy""",3,21.0,34.375,0,Ford,,4,36,47
264,"Harrison, Mr. William",1,40.0,0.0,0,Harrison,,2,21,48
557,"Duff Gordon, Lady. (Lucille Christiana Sutherland) (""Mrs Morgan"")",1,48.0,39.6,1,Duff Gordon,"""Mrs Morgan""",7,65,49
138,"Futrelle, Mr. Jacques Heath",1,37.0,53.1,0,Futrelle,,3,27,50
200,"Yrois, Miss. Henriette (""Mrs Harbeck"")",2,24.0,13.0,0,Yrois,"""Mrs Harbeck""",4,38,51
725,"Chambers, Mr. Norman Campbell",1,27.0,53.1,1,Chambers,,3,29,52
509,"Olsen, Mr. Henry Margido",3,28.0,22.525,0,Olsen,,3,24,53
885,"Sutehall, Mr. Henry Jr",3,25.0,7.05,0,Sutehall,,3,22,54
773,"Mack, Mrs. (Mary)",2,57.0,10.5,0,Mack,Mary,2,17,55
84,"Carrau, Mr. Francisco M",1,28.0,47.1,0,Carrau,,3,23,56
262,"Asplund, Master. Edvin Rojj Felix",3,3.0,31.3875,1,Asplund,,4,33,57
705,"Hansen, Mr. Henrik Juul",3,26.0,7.8542,0,Hansen,,3,23,58
571,"Harris, Mr. George",2,62.0,10.5,1,Harris,,2,18,59
12,"Bonnell, Miss. Elizabeth",1,58.0,26.55,1,Bonnell,,2,24,60
704,"Gallagher, Mr. Martin",3,25.0,7.7417,0,Gallagher,,2,21,61
441,"Hart, Mrs. Benjamin (Esther Ada Bloomfield)",2,45.0,26.25,1,Hart,Esther Ada Bloomfield,5,43,62
845,"Culumovic, Mr. Jeso",3,17.0,8.6625,0,Culumovic,,2,19,63
227,"Mellors, Mr. William John",2,19.0,10.5,1,Mellors,,3,25,64
663,"Colley, Mr. Edward Pomeroy",1,47.0,25.5875,0,Colley,,3,26,65
752,"Moor, Master. Meier",3,6.0,12.475,1,Moor,,2,19,66
357,"Bowerman, Miss. Elsie Edith",1,22.0,55.0,1,Bowerman,,3,27,67
745,"Stranden, Mr. Juho",3,31.0,7.925,1,Stranden,,2,18,68
873,"Carlsson, Mr. Frans Olof",1,33.0,5.0,0,Carlsson,,3,24,69
501,"Calic, Mr. Petar",3,17.0,8.6625,0,Calic,,2,16,70
830,"Stone, Mrs. George Nelson (Martha Evelyn)",1,62.0,80.0,1,Stone,Martha Evelyn,5,41,71
747,"Abbott, Mr. Rossmore Edward",3,16.0,20.25,0,Abbott,,3,27,72
379,"Betros, Mr. Tannous",3,20.0,4.0125,0,Betros,,2,19,73
130,"Ekstrom, Mr. Johan",3,45.0,6.975,0,Ekstrom,,2,18,74
665,"Lindqvist, Mr. Eino William",3,20.0,7.925,1,Lindqvist,,3,27,75
239,"Pengelly, Mr. Frederick William",2,19.0,10.5,0,Pengelly,,3,31,76
776,"Myhrman, Mr. Pehr Fabian Oliver Malkolm",3,18.0,7.75,0,Myhrman,,5,39,77
768,"Mangan, Miss. Mary",3,30.5,7.75,0,Mangan,,2,18,78
803,"Carter, Master. William Thornton II",1,11.0,120.0,1,Carter,,4,35,79
543,"Andersson, Miss. Sigrid Elisabeth",3,11.0,31.275,0,Andersson,,3,33,80
672,"Davidson, Mr. Thornton",1,31.0,52.0,0,Davidson,,2,22,81
41,"Ahlin, Mrs. Johan (Johanna Persdotter Larsson)",3,40.0,9.475,0,Ahlin,Johanna Persdotter Larsson,5,46,82
688,"Dakic, Mr. Branko",3,19.0,10.1708,0,Dakic,,2,17,83
795,"Dantcheff, Mr. Ristiu",3,25.0,7.8958,0,Dantcheff,,2,21,84
405,"Oreskovic, Miss. Marija",3,20.0,8.6625,0,Oreskovic,,2,23,85
542,"Andersson, Miss. Ingeborg Constanzia",3,9.0,31.275,0,Andersson,,3,36,86
526,"Farrell, Mr. James",3,40.5,7.75,0,Farrell,,2,18,87
716,"Soholt, Mr. Peter Andreas Lauritz Andersen",3,19.0,7.65,0,Soholt,,5,42,88
73,"Hood, Mr. Ambrose Jr",2,21.0,73.5,0,Hood,,3,20,89
188,"Romaine, Mr. Charles Hallace (""Mr C Rolmane"")",1,45.0,26.55,1,Romaine,"""Mr C Rolmane""",6,45,90
717,"Endres, Miss. Caroline Louise",1,38.0,227.525,1,Endres,,3,29,91
459,"Toomey, Miss. Ellen",2,50.0,10.5,1,Toomey,,2,19,92
478,"Braund, Mr. Lewis Richard",3,29.0,7.0458,0,Braund,,3,25,93
99,"Doling, Mrs. John T (Ada Julia Bone)",2,34.0,23.0,1,Doling,Ada Julia Bone,6,36,94
3,"Heikkinen, Miss. Laina",3,26.0,7.925,1,Heikkinen,,2,22,95
311,"Hays, Miss. Margaret Bechstein",1,24.0,83.1583,1,Hays,,3,30,96
783,"Long, Mr. Milton Clyde",1,29.0,30.0,0,Long,,3,22,97
419,"Matthews, Mr. William John",2,30.0,13.0,0,Matthews,,3,26,98
886,"Rice, Mrs. William (Margaret Norton)",3,39.0,29.125,0,Rice,Margaret Norton,4,36,99
444,"Reynaldo, Ms. Encarnacion",2,28.0,13.0,1,Reynaldo,,2,25,100
428,"Phillips, Miss. Kate Florence (""Mrs Kate Louise Phillips Marshall"")",2,19.0,26.0,1,Phillips,"""Mrs Kate Louise Phillips Marshall""",8,67,101
245,"Attalah, Mr. Sleiman",3,30.0,7.225,0,Attalah,,2,20,102
375,"Palsson, Miss. Stina Viola",3,3.0,21.075,0,Palsson,,3,26,103
619,"Becker, Miss. Marion Louise",2,4.0,39.0,1,Becker,,3,27,104
406,"Gale, Mr. Shadrach",2,34.0,21.0,0,Gale,,2,18,105
641,"Jensen, Mr. Hans Peder",3,20.0,7.8542,0,Jensen,,3,22,106
742,"Cavendish, Mr. Tyrell William",1,36.0,78.85,0,Cavendish,,3,29,107
415,"Sundman, Mr. Johan Julian",3,44.0,7.925,1,Sundman,,3,25,108
671,"Brown, Mrs. Thomas William Solomon (Elizabeth Catherine Ford)",2,40.0,39.0,1,Brown,Elizabeth Catherine Ford,7,61,109
170,"Ling, Mr. Lee",3,28.0,56.4958,0,Ling,,2,13,110
116,"Pekoniemi, Mr. Edvard",3,21.0,7.925,0,Pekoniemi,,2,21,111
183,"Asplund, Master. Clarence Gustaf Hugo",3,9.0,31.3875,0,Asplund,,4,37,112
450,"Peuchen, Major. Arthur Godfrey",1,52.0,30.5,1,Peuchen,,3,30,113
434,"Kallio, Mr. Nikolai Erland",3,17.0,7.125,0,Kallio,,3,26,114
80,"Dowdell, Miss. Elizabeth",3,30.0,12.475,1,Dowdell,,2,24,115
207,"Backstrom, Mr. Karl Alfred",3,32.0,15.85,0,Backstrom,,3,26,116
40,"Nicola-Yarred, Miss. Jamila",3,14.0,11.2417,1,Nicola-Yarred,,2,27,117
91,"Christmann, Mr. Emil",3,29.0,8.05,0,Christmann,,2,20,118
669,"Cook, Mr. Jacob",3,43.0,8.05,0,Cook,,2,15,119
308,"Penasco y Castellana, Mrs. Victor de Satode (Maria Josefa Perez de Soto y Vallejo)",1,17.0,108.9,1,Penasco y Castellana,Maria Josefa Perez de Soto y Vallejo,13,82,120
60,"Goodwin, Master. William Frederick",3,11.0,46.9,0,Goodwin,,3,34,121
354,"Arnold-Franchi, Mr. Josef",3,25.0,17.8,0,Arnold-Franchi,,2,25,122
92,"Andreasson, Mr. Paul Edvin",3,20.0,7.8542,0,Andreasson,,3,26,123
499,"Allison, Mrs. Hudson J C (Bessie Waldo Daniels)",1,25.0,151.55,0,Allison,Bessie Waldo Daniels,7,47,124
811,"Alexander, Mr. William",3,26.0,7.8875,0,Alexander,,2,22,125
837,"Pasic, Mr. Jakob",3,21.0,8.6625,0,Pasic,,2,16,126
390,"Lehmann, Miss. Bertha",2,17.0,12.0,1,Lehmann,,2,21,127
423,"Zimmerman, Mr. Leo",3,29.0,7.875,0,Zimmerman,,2,18,128
195,"Brown, Mrs. James Joseph (Margaret Tobin)",1,44.0,27.7208,1,Brown,Margaret Tobin,5,41,129
268,"Persson, Mr. Ernst Ulrik",3,25.0,7.775,1,Persson,,3,24,130
393,"Gustafsson, Mr. Johan Birger",3,28.0,7.925,0,Gustafsson,,3,28,131
208,"Albimona, Mr. Nassef Cassem",3,26.0,18.7875,1,Albimona,,3,27,132
517,"Lemore, Mrs. (Amelia Milley)",2,34.0,10.5,1,Lemore,Amelia Milley,3,28,133
8,"Palsson, Master. Gosta Leonard",3,2.0,21.075,0,Palsson,,3,30,134
321,"Dennis, Mr. Samuel",3,22.0,7.25,0,Dennis,,2,18,135
753,"Vande Velde, Mr. Johannes Joseph",3,33.0,9.5,0,Vande Velde,,4,32,136
274,"Natsch, Mr. Charles H",1,37.0,29.7,0,Natsch,,3,21,137
820,"Skoog, Master. Karl Thorsten",3,10.0,27.9,0,Skoog,,3,28,138
165,"Panula, Master. Eino Viljami",3,1.0,39.6875,0,Panula,,3,28,139
364,"Asim, Mr. Adola",3,35.0,7.05,0,Asim,,2,15,140
57,"Rugg, Miss. Emily",2,21.0,10.5,1,Rugg,,2,17,141
137,"Newsom, Miss. Helen Monypeny",1,19.0,26.2833,1,Newsom,,3,28,142
