PassengerId,Name,Pclass,Age,Fare,Survived
329,"Goldsmith, Mrs. Frank John (Emily Alice Brown)",3,31.0,20.525,1
74,"Chronopoulos, Mr. Apostolos",3,26.0,14.4542,0
254,"Lobb, Mr. William Arthur",3,30.0,16.1,0
720,"Johnson, Mr. Malkolm Joackim",3,33.0,7.775,0
667,"Butler, Mr. Reginald Fenton",2,25.0,13.0,0
31,"Uruchurtu, Don. Manuel E",1,40.0,27.7208,0
288,"Naidenoff, Mr. Penko",3,22.0,7.8958,0
218,"Jacobsohn, Mr. Sidney Samuel",2,42.0,27.0,0
798,"Osman, Mrs. Mara",3,31.0,8.6833,1
372,"Wiklund, Mr. Jakob Alfred",3,18.0,6.4958,0
377,"Landergren, Miss. Aurora Adelia",3,22.0,7.25,1
139,"Osen, Mr. Olaf Elon",3,16.0,9.2167,0
106,"Mionoff, Mr. Stoytcho",3,28.0,7.8958,0
69,"Andersson, Miss. Erna Alexandra",3,17.0,7.925,1
362,"del Carlo, Mr. Sebastiano",2,29.0,27.7208,0
721,"Harper, Miss. Annie Jessie ""Nina""",2,6.0,33.0,1
600,"Duff Gordon, Sir. Cosmo Edmund (""Mr Morgan"")",1,49.0,56.9292,1
515,"Coleff, Mr. Satio",3,24.0,7.4958,0
314,"Hendekovic, Mr. Ignjac",3,28.0,7.8958,0
744,"McNamee, Mr. Neal",3,24.0,16.1,0
320,"Spedden, Mrs. Frederic Oakley (Margaretta Corning Stone)",1,40.0,134.5,1
22,"Beesley, Mr. Lawrence",2,34.0,13.0,1
418,"Silven, Miss. Lyyli Karoliina",2,18.0,13.0,1
836,"Compton, Miss. Sara Rebecca",1,39.0,83.1583,1
570,"Jonsson, Mr. Carl",3,32.0,7.8542,1
292,"Bishop, Mrs. Dickinson H (Helen Walton)",1,19.0,91.0792,1
81,"Waelens, Mr. Achille",3,22.0,9.0,0
488,"Kent, Mr. Edward Austin",1,58.0,29.7,0
547,"Beane, Mrs. Edward (Ethel Clarke)",2,19.0,26.0,1
39,"Vander Planke, Miss. Augusta Maria",3,18.0,18.0,0
248,"Hamalainen, Mrs. William (Anna)",2,24.0,14.5,1
446,"Dodge, Master. Washington",1,4.0,81.8583,1
324,"Caldwell, Mrs. Albert Francis (Sylvia Mae Harbaugh)",2,22.0,29.0,1
715,"Greenberg, Mr. Samuel",2,52.0,13.0,0
877,"Gustafsson, Mr. Alfred Ossian",3,20.0,9.8458,0
266,"Reeves, Mr. David",2,36.0,10.5,0
813,"Slemen, Mr. Richard James",2,35.0,10.5,0
449,"Baclini, Miss. Marie Catherine",3,5.0,19.2583,1
658,"Bourke, Mrs. John (Catherine)",3,32.0,15.5,0
312,"Ryerson, Miss. Emily Borie",1,18.0,262.375,1
431,"Bjornstrom-Steffansson, Mr. Mauritz Hakan",1,28.0,26.55,1
479,"Karlsson, Mr. Nils August",3,22.0,7.5208,0
220,"Harris, Mr. Walter",2,30.0,10.5,0
291,"Barber, Miss. Ellen ""Nellie""",1,26.0,78.85,1
680,"Cardeza, Mr. Thomas Drake Martinez",1,36.0,512.3292,1
474,"Jerwan, Mrs. Amin S (Marie Marthe Thuillard)",2,23.0,13.7917,1
464,"Milling, Mr. Jacob Christian",2,48.0,13.0,0
839,"Chip, Mr. Chang",3,32.0,56.4958,1
206,"Strom, Miss. Telma Matilda",3,2.0,10.4625,0
609,"Laroche, Mrs. Joseph (Juliette Marie Louise Lafargue)",2,22.0,41.5792,1
787,"Sjoblom, Miss. Anna Sofia",3,18.0,7.4958,1
859,"Baclini, Mrs. Solomon (Latifa Qurban)",3,24.0,19.2583,1
453,"Foreman, Mr. Benjamin Laventall",1,30.0,27.75,0
366,"Adahl, Mr. Mauritz Nils Martin",3,30.0,7.25,0
617,"Danbom, Mr. Ernst Gilbert",3,34.0,14.4,0
541,"Crosby, Miss. Harriet R",1,36.0,71.0,1
133,"Robins, Mrs. Alexander A (Grace Charity Laury)",3,47.0,14.5,0
144,"Burke, Mr. Jeremiah",3,19.0,6.75,0
805,"Hedman, Mr. Oskar Arvid",3,27.0,6.975,1
554,"Leeni, Mr. Fahim (""Philip Zenni"")",3,22.0,7.225,1
804,"Thomas, Master. Assad Alexander",3,0.42,8.5167,1
343,"Collander, Mr. Erik Gustaf",2,28.0,13.0,0
118,"Turpin, Mr. William John Robert",2,29.0,21.0,0
9,"Johnson, Mrs. Oscar W (Elisabeth Vilhelmina Berg)",3,27.0,11.1333,1
115,"Attalah, Miss. Malake",3,17.0,14.4583,0
685,"Brown, Mr. Thomas William Solomon",2,60.0,39.0,0
538,"LeRoy, Miss. Bertha",1,30.0,106.425,1
677,"Sawyer, Mr. Frederick Charles",3,24.5,8.05,0
494,"Artagaveytia, Mr. Ramon",1,71.0,49.5042,0
480,"Hirvonen, Miss. Hildur E",3,2.0,12.2875,1
279,"Rice, Master. Eric",3,7.0,29.125,0
175,"Smith, Mr. James Clinch",1,56.0,30.6958,0
38,"Cann, Mr. Ernest Charles",3,21.0,8.05,0
59,"West, Miss. Constance Mirium",2,5.0,27.75,1
58,"Novel, Mr. Mansouer",3,28.5,7.2292,0
95,"Coxon, Mr. Daniel",3,59.0,7.25,0
210,"Blank, Mr. Henry",1,40.0,31.0,1
622,"Kimball, Mr. Edwin Nelson Jr",1,42.0,52.5542,1
785,"Ali, Mr. William",3,25.0,7.05,0
87,"Ford, Mr. William Neal",3,16.0,34.375,0
13,"Saundercock, Mr. William Henry",3,20.0,8.05,0
398,"McKane, Mr. Peter David",2,46.0,26.0,0
731,"Allen, Miss. Elisabeth Walton",1,29.0,211.3375,1
222,"Bracken, Mr. James H",2,27.0,13.0,0
350,"Dimic, Mr. Jovan",3,42.0,8.6625,0
814,"Andersson, Miss. Ebba Iris Alfrida",3,6.0,31.275,0
536,"Hart, Miss. Eva Miriam",2,7.0,26.25,1
383,"Tikkanen, Mr. Juho",3,32.0,7.925,0
692,"Karun, Miss. Manca",3,4.0,13.4167,1
221,"Sunderland, Mr. Victor Francis",3,16.0,8.05,1
867,"Duran y More, Miss. Asuncion",2,27.0,13.8583,1
588,"Frolicher-Stehli, Mr. Maxmillian",1,60.0,79.2,1
107,"Salkjelsvik, Miss. Anna Kristine",3,21.0,7.65,1
272,"Tornquist, Mr. William Henry",3,25.0,0.0,1
854,"Lines, Miss. Mary Conover",1,16.0,39.4,1
697,"Kelly, Mr. James",3,44.0,8.05,0
519,"Angle, Mrs. William A (Florence ""Mary"" Agnes Hughes)",2,36.0,26.0,1
610,"Shutes, Miss. Elizabeth W",1,40.0,153.4625,1
103,"White, Mr. Richard Frasar",1,21.0,77.2875,0
28,"Fortune, Mr. Charles Alexander",1,19.0,263.0,0
17,"Rice, Master. Eugene",3,2.0,29.125,0
563,"Norman, Mr. Robert Douglas",2,28.0,13.5,0
734,"Berriman, Mr. William John",2,23.0,13.0,0
420,"Van Impe, Miss. Catharina",3,10.0,24.15,0
363,"Barbara, Mrs. (Catherine David)",3,45.0,14.4542,0
890,"Behr, Mr. Karl Howell",1,26.0,30.0,1
413,"Minahan, Miss. Daisy E",1,33.0,90.0,1
544,"Beane, Mr. Edward",2,32.0,26.0,1
323,"Slayter, Miss. Hilda Mary",2,30.0,12.35,1
172,"Rice, Master. Arthur",3,4.0,29.125,0
533,"Elias, Mr. Joseph Jr",3,17.0,7.2292,0
402,"Adams, Mr. John",3,26.0,8.05,0
44,"Laroche, Miss. Simonne Marie Anne Andree",2,3.0,41.5792,1
397,"Olsson, Miss. Elina",3,31.0,7.8542,0
442,"Hampe, Mr. Leon",3,20.0,9.5,0
11,"Sandstrom, Miss. Marguerite Rut",3,4.0,16.7,1
313,"Lahtinen, Mrs. William (Anna Sylfven)",2,26.0,26.0,0
26,"Asplund, Mrs. Carl Oscar (Selma Augusta Emilia Johansson)",3,38.0,31.3875,1
276,"Andrews, Miss. Kornelia Theodosia",1,63.0,77.9583,1
808,"Pettersson, Miss. Ellen Natalia",3,18.0,7.775,0
874,"Vander Cruyssen, Mr. Victor",3,47.0,9.0,0
440,"Kvillner, Mr. Johan Henrik Johannesson",2,31.0,10.5,0
750,"Connaghton, Mr. Michael",3,31.0,7.75,0
253,"Stead, Mr. William Thomas",1,62.0,26.55,0
577,"Garside, Miss. Ethel",2,34.0,13.0,1
119,"Baxter, Mr. Quigg Edmond",1,24.0,247.5208,0
388,"Buss, Miss. Kate",2,36.0,13.0,1
674,"Wilhelms, Mr. Charles",2,31.0,13.0,1
497,"Eustis, Miss. Elizabeth Mussey",1,54.0,78.2667,1
229,"Fahlstrom, Mr. Arne Jonas",2,18.0,13.0,0
724,"Hodges, Mr. Henry Price",2,50.0,13.0,0
870,"Johnson, Master. Harold Theodor",3,4.0,11.1333,1
193,"Andersen-Jensen, Miss. Carla Christine Nielsine",3,19.0,7.8542,1
98,"Greenfield, Mr. William Bertram",1,23.0,63.3583,1
438,"Richards, Mrs. Sidney (Emily Hocking)",2,24.0,18.75,1
345,"Fox, Mr. Stanley Hubert",2,36.0,13.0,0
90,"Celotti, Mr. Francesco",3,24.0,8.05,0
502,"Canavan, Miss. Mary",3,21.0,7.75,0
234,"Asplund, Miss. Lillian Gertrud",3,5.0,31.3875,1
339,"Dahl, Mr. Karl Edwart",3,45.0,8.05,1
293,"Levy, Mr. Rene Jacques",2,36.0,12.875,0
114,"Jussila, Miss. Katriina",3,20.0,9.825,0
758,"Bailey, Mr. Percy Andrew",2,18.0,11.5,0
147,"Andersson, Mr. August Edvard (""Wennerstrom"")",3,27.0,7.7958,1
156,"Williams, Mr. Charles Duane",1,51.0,61.3792,0
736,"Williams, Mr. Leslie",3,28.5,16.1,0
295,"Mineff, Mr. Ivan",3,24.0,7.8958,0
1,"Braund, Mr. Owen Harris",3,22.0,7.25,0
882,"Markun, Mr. Johann",3,33.0,7.8958,0
443,"Petterson, Mr. Johan Emil",3,25.0,7.775,0
632,"Lundahl, Mr. Johan Svensson",3,51.0,7.0542,0
510,"Lang, Mr. Fang",3,26.0,56.4958,1
346,"Brown, Miss. Amelia ""Mildred""",2,24.0,13.0,1
146,"Nicholls, Mr. Joseph Charles",2,19.0,36.75,0
284,"Dorking, Mr. Edward Arthur",3,19.0,8.05,1
656,"Hickman, Mr. Leonard Mark",2,24.0,73.5,0
559,"Taussig, Mrs. Emil (Tillie Mandelbaum)",1,39.0,79.65,1
342,"Fortune, Miss. Alice Elizabeth",1,24.0,263.0,1
655,"Hegarty, Miss. Hanora ""Nora""",3,18.0,6.75,0
180,"Leonard, Mr. Lionel",3,36.0,0.0,0
652,"Doling, Miss. Elsie",2,18.0,23.0,1
495,"Stanley, Mr. Edward Roland",3,21.0,8.05,0
809,"Meyer, Mr. August",2,39.0,13.0,0
659,"Eitemiller, Mr. George Floyd",2,23.0,13.0,0
334,"Vander Planke, Mr. Leo Edmondus",3,16.0,18.0,0
618,"Lobb, Mrs. William Arthur (Cordelia K Stanlick)",3,26.0,16.1,0
642,"Sagesser, Mlle. Emma",1,24.0,69.3,1
62,"Icard, Miss. Amelie",1,38.0,80.0,1
326,"Young, Miss. Marie Grice",1,36.0,135.6333,1
244,"Maenpaa, Mr. Matti Alexanteri",3,22.0,7.125,0
891,"Dooley, Mr. Patrick",3,32.0,7.75,0
751,"Wells, Miss. Joan",2,4.0,23.0,1
136,"Richard, Mr. Emile",2,23.0,15.0458,0
615,"Brocklebank, Mr. William Alfred",3,35.0,8.05,0
676,"Edvardsson, Mr. Gustaf Hjalmar",3,18.0,7.775,0
425,"Rosblom, Mr. Viktor Richard",3,18.0,20.2125,0
128,"Madsen, Mr. Fridtjof Arne",3,24.0,7.1417,1
462,"Morley, Mr. William",3,34.0,8.05,0
802,"Collyer, Mrs. Harvey (Charlotte Annie Tate)",2,31.0,26.25,1
689,"Fischer, Mr. Eberhard Thelander",3,18.0,7.7958,0
223,"Green, Mr. George Henry",3,51.0,8.05,0
381,"Bidois, Miss. Rosalie",1,42.0,227.525,1
611,"Andersson, Mrs. Anders Johan (Alfrida Konstantia Brogren)",3,39.0,31.275,0
858,"Daly, Mr. Peter Denis ",1,51.0,26.55,1
189,"Bourke, Mr. John",3,40.0,15.5,0
154,"van Billiard, Mr. Austin Blyler",3,40.5,14.5,0
825,"Panula, Master. Urho Abraham",3,2.0,39.6875,0
778,"Emanuel, Miss. Virginia Ethel",3,5.0,12.475,1
231,"Harris, Mrs. Henry Birkhardt (Irene Wallach)",1,35.0,83.475,1
567,"Stoytcheff, Mr. Ilia",3,19.0,7.8958,0
789,"Dean, Master. Bertram Vere",3,1.0,20.575,1
880,"Potter, Mrs. Thomas Jr (Lily Alexenia Wilson)",1,56.0,83.1583,1
451,"West, Mr. Edwy Arthur",2,36.0,27.75,0
400,"Trout, Mrs. William H (Jessie L)",2,28.0,12.65,1
823,"Reuchlin, Jonkheer. John George",1,38.0,0.0,0
178,"Isham, Miss. Ann Elizabeth",1,50.0,28.7125,0
176,"Klasen, Mr. Klas Albin",3,18.0,7.8542,0
866,"Bystrom, Mrs. (Karolina)",2,42.0,13.0,1
399,"Pain, Dr. Alfred",2,23.0,10.5,0
23,"McGowan, Miss. Anna ""Annie""",3,15.0,8.0292,1
216,"Newell, Miss. Madeleine",1,31.0,113.275,1
729,"Bryhl, Mr. Kurt Arnold Gottfrid",2,25.0,26.0,0
391,"Carter, Mr. William Ernest",1,36.0,120.0,1
832,"Richards, Master. George Sibley",2,0.83,18.75,1
14,"Andersson, Mr. Anders Johan",3,39.0,31.275,0
382,"Nakid, Miss. Maria (""Mary"")",3,1.0,15.7417,1
34,"Wheadon, Mr. Edward H",2,66.0,10.5,0
673,"Mitchell, Mr. Henry Michael",2,70.0,10.5,0
212,"Cameron, Miss. Clear Annie",2,35.0,21.0,1
749,"Marvin, Mr. Daniel Warner",1,19.0,53.1,0
844,"Lemberopolous, Mr. Peter L",3,34.5,6.4375,0
309,"Abelson, Mr. Samuel",2,30.0,24.0,0
374,"Ringhini, Mr. Sante",1,22.0,135.6333,0
821,"Hays, Mrs. Charles Melville (Clara Jennings Gregg)",1,52.0,93.5,1
340,"Blackwell, Mr. Stephen Weart",1,45.0,35.5,0
194,"Navratil, Master. Michel M",2,3.0,26.0,1
157,"Gilnagh, Miss. Katherine ""Katie""",3,16.0,7.7333,1
625,"Bowen, Mr. David John ""Dai""",3,21.0,16.1,0
427,"Clarke, Mrs. Charles V (Ada Maria Winfield)",2,28.0,26.0,1
358,"Funk, Miss. Annie Clemmer",2,38.0,13.0,0
143,"Hakkarainen, Mrs. Pekka Pietari (Elin Matilda Dolck)",3,24.0,15.85,1
687,"Panula, Mr. Jaako Arnold",3,14.0,39.6875,0
217,"Honkanen, Miss. Eliina",3,27.0,7.925,1
633,"Stahelin-Maeglin, Dr. Max",1,32.0,30.5,1
578,"Silvey, Mrs. William Baird (Alice Munger)",1,39.0,55.9,1
75,"Bing, Mr. Lee",3,32.0,56.4958,1
587,"Jarvis, Mr. John Denzil",2,47.0,15.0,0
277,"Lindblom, Miss. Augusta Charlotta",3,45.0,7.75,0
349,"Coutts, Master. William Loch ""William""",3,3.0,15.9,1
21,"Fynney, Mr. Joseph J",2,35.0,26.0,0
537,"Butt, Major. Archibald Willingham",1,45.0,26.55,0
401,"Niskanen, Mr. Juha",3,39.0,7.925,1
319,"Wick, Miss. Mary Natalie",1,31.0,164.8667,1
551,"Thayer, Mr. John Borland Jr",1,17.0,110.8833,1
856,"Aks, Mrs. Sam (Leah Rosen)",3,18.0,9.35,1
237,"Hold, Mr. Stephen",2,44.0,26.0,0
743,"Ryerson, Miss. Susan Parker ""Suzette""",1,21.0,262.375,1
792,"Gaskell, Mr. Alfred",2,16.0,26.0,0
490,"Coutts, Master. Eden Leslie ""Neville""",3,9.0,15.9,1
120,"Andersson, Miss. Ellis Anna Maria",3,2.0,31.275,0
225,"Hoyt, Mr. Frederick Maxfield",1,38.0,90.0,1
378,"Widener, Mr. Harry Elkins",1,27.0,211.5,0
566,"Davies, Mr. Alfred J",3,24.0,24.15,0
727,"Renouf, Mrs. Peter Henry (Lillian Jefferys)",2,30.0,21.0,1
629,"Bostandyeff, Mr. Guentcho",3,26.0,7.8958,0
627,"Kirkland, Rev. Charles Leonard",2,57.0,12.35,0
790,"Guggenheim, Mr. Benjamin",1,46.0,79.2,0
568,"Palsson, Mrs. Nils (Alma Cornelia Berglund)",3,29.0,21.075,0
7,"McCarthy, Mr. Timothy J",1,54.0,51.8625,0
875,"Abelson, Mrs. Samuel (Hannah Wizosky)",2,28.0,24.0,1
61,"Sirayanian, Mr. Orsen",3,22.0,7.2292,0
883,"Dahlberg, Miss. Gerda Ulrika",3,22.0,10.5167,0
682,"Hassab, Mr. Hammad",1,27.0,76.7292,1
214,"Givard, Mr. Hans Kristensen",2,30.0,13.0,0
19,"Vander Planke, Mrs. Julius (Emelia Maria Vandemoortele)",3,31.0,18.0,0
64,"Skoog, Master. Harald",3,4.0,27.9,0
863,"Swift, Mrs. Frederick Joel (Margaret Welles Barron)",1,48.0,25.9292,1
818,"Mallet, Mr. Albert",2,31.0,37.0042,0
4,"Futrelle, Mrs. Jacques Heath (Lily May Peel)",1,35.0,53.1,1
595,"Chapman, Mr. John Henry",2,37.0,26.0,0
545,"Douglas, Mr. Walter Donald",1,50.0,106.425,0
395,"Sandstrom, Mrs. Hjalmar (Agnes Charlotta Bengtsson)",3,24.0,16.7,1
822,"Lulic, Mr. Nikola",3,27.0,8.6625,1
353,"Elias, Mr. Tannous",3,15.0,7.2292,0
123,"Nasser, Mr. Nicholas",2,32.5,30.0708,0
356,"Vanden Steen, Mr. Leo Peter",3,28.0,9.5,0
626,"Sutton, Mr. Frederick",1,61.0,32.3208,0
281,"Duane, Mr. Frank",3,65.0,7.75,0
35,"Meyer, Mr. Edgar Joseph",1,28.0,82.1708,0
855,"Carter, Mrs. Ernest Courtenay (Lilian Hughes)",2,44.0,26.0,0
328,"Ball, Mrs. (Ada E Hall)",2,36.0,13.0,1
68,"Crease, Mr. Ernest James",3,19.0,8.1583,0
454,"Goldenberg, Mr. Samuel L",1,49.0,89.1042,1
286,"Stankovic, Mr. Ivan",3,33.0,8.6625,0
52,"Nosworthy, Mr. Richard Cater",3,21.0,7.8,0
198,"Olsen, Mr. Karl Siegwart Andreas",3,42.0,8.4042,0
294,"Haas, Miss. Aloisia",3,24.0,8.85,0
857,"Wick, Mrs. George Dennick (Mary Hitchcock)",1,45.0,164.8667,1
470,"Baclini, Miss. Helene Barbara",3,0.75,19.2583,1
463,"Gee, Mr. Arthur H",1,47.0,38.5,0
219,"Bazzani, Miss. Albina",1,32.0,76.2917,1
759,"Theobald, Mr. Thomas Leonard",3,34.0,8.05,0
637,"Leinonen, Mr. Antti Gustaf",3,32.0,7.925,0
666,"Hickman, Mr. Lewis",2,32.0,73.5,0
243,"Coleridge, Mr. Reginald Charles",2,29.0,10.5,0
762,"Nirva, Mr. Iisakki Antino Aijo",3,41.0,7.125,0
772,"Jensen, Mr. Niels Peder",3,48.0,7.8542,0
562,"Sivic, Mr. Husein",3,40.0,7.8958,0
881,"Shelley, Mrs. William (Imanita Parrish Hall)",2,25.0,26.0,1
593,"Elsbury, Mr. William James",3,47.0,7.25,0
862,"Giles, Mr. Frederick Edward",2,21.0,11.5,0
748,"Sinkkonen, Miss. Anna",2,30.0,13.0,1
770,"Gronnestad, Mr. Daniel Danielsen",3,32.0,8.3625,0
89,"Fortune, Miss. Mabel Helen",1,23.0,263.0,1
584,"Ross, Mr. John Hugo",1,36.0,40.125,0
211,"Ali, Mr. Ahmed",3,24.0,7.05,0
592,"Stephenson, Mrs. Walter Bertram (Martha Eustis)",1,52.0,78.2667,1
205,"Cohen, Mr. Gurshon ""Gus""",3,18.0,8.05,1
387,"Goodwin, Master. Sidney Leonard",3,1.0,46.9,0
240,"Hunt, Mr. George Henry",2,33.0,12.275,0
635,"Skoog, Miss. Mabel",3,9.0,27.9,0
456,"Jalsevac, Mr. Ivan",3,29.0,7.8958,1
481,"Goodwin, Master. Harold Victor",3,9.0,46.9,0
807,"Andrews, Mr. Thomas Jr",1,39.0,0.0,0
653,"Kalvik, Mr. Johannes Halvorsen",3,21.0,8.4333,0
192,"Carbines, Mr. William",2,19.0,13.0,0
696,"Chapman, Mr. Charles Henry",2,52.0,13.5,0
735,"Troupiansky, Mr. Moses Aaron",2,23.0,13.0,0
282,"Olsson, Mr. Nils Johan Goransson",3,28.0,7.8542,0
607,"Karaic, Mr. Milan",3,30.0,7.8958,0
718,"Troutt, Miss. Edwina Celia ""Winnie""",2,27.0,10.5,1
132,"Coelho, Mr. Domingos Fernandeo",3,20.0,7.05,0
531,"Quick, Miss. Phyllis May",2,2.0,26.0,1
529,"Salonen, Mr. Johan Werner",3,39.0,7.925,0
703,"Barbara, Miss. Saiide",3,18.0,14.4542,0
730,"Ilmakangas, Miss. Pieta Sofia",3,25.0,7.925,0
97,"Goldschmidt, Mr. George B",1,71.0,34.6542,0
145,"Andrew, Mr. Edgardo Samuel",2,18.0,11.5,0
513,"McGough, Mr. James Robert",1,36.0,26.2875,1
861,"Hansen, Mr. Claus Peter",3,41.0,14.1083,0
149,"Navratil, Mr. Michel (""Louis M Hoffman"")",2,36.5,26.0,0
71,"Jenkin, Mr. Stephen Curnow",2,32.0,10.5,0
191,"Pinsky, Mrs. (Rosa)",2,32.0,13.0,1
507,"Quick, Mrs. Frederick Charles (Jane Richards)",2,33.0,26.0,1
843,"Serepeca, Miss. Augusta",1,30.0,31.0,1
258,"Cherry, Miss. Gladys",1,30.0,86.5,1
608,"Daniel, Mr. Robert Williams",1,27.0,30.5,1
647,"Cor, Mr. Liudevit",3,19.0,7.8958,0
766,"Hogeboom, Mrs. John C (Anna Andrews)",1,51.0,77.9583,1
695,"Weir, Col. John",1,60.0,26.55,0
10,"Nasser, Mrs. Nicholas (Adele Achem)",2,14.0,30.0708,1
726,"Oreskovic, Mr. Luka",3,20.0,8.6625,0
51,"Panula, Master. Juha Niilo",3,7.0,39.6875,0
572,"Appleton, Mrs. Edward Dale (Charlotte Lamson)",1,53.0,51.4792,1
174,"Sivola, Mr. Antti Wilhelm",3,21.0,7.925,0
317,"Kantor, Mrs. Sinai (Miriam Sternin)",2,24.0,26.0,1
380,"Gustafsson, Mr. Karl Gideon",3,19.0,7.775,0
679,"Goodwin, Mrs. Frederick (Augusta Tyler)",3,43.0,46.9,0
683,"Olsvigen, Mr. Thor Anderson",3,20.0,9.225,0
461,"Anderson, Mr. Harry",1,48.0,26.55,1
79,"Caldwell, Master. Alden Gates",2,0.83,29.0,1
140,"Giglio, Mr. Victor",1,24.0,79.2,0
650,"Stanley, Miss. Amy Zillah Elsie",3,23.0,7.55,1
661,"Frauenthal, Dr. Henry William",1,50.0,133.65,1
799,"Ibrahim Shawah, Mr. Yousseff",3,30.0,7.2292,0
327,"Nysveen, Mr. Johan Hansen",3,61.0,6.2375,0
834,"Augustsson, Mr. Albert",3,23.0,7.8542,0
373,"Beavan, Mr. William Thomas",3,19.0,8.05,0
606,"Lindell, Mr. Edvard Bengtsson",3,36.0,15.55,0
521,"Perreault, Miss. Anne",1,30.0,93.5,1
190,"Turcin, Mr. Stjepan",3,36.0,7.8958,0
546,"Nicholson, Mr. Arthur Ernest",1,64.0,26.0,0
846,"Abbing, Mr. Anthony",3,42.0,7.55,0
555,"Ohman, Miss. Velin",3,22.0,7.775,1
851,"Andersson, Master. Sigvard Harald Elias",3,4.0,31.275,0
332,"Partner, Mr. Austen",1,45.5,28.5,0
781,"Ayoub, Miss. Banoura",3,13.0,7.2292,1
448,"Seward, Mr. Frederic Kimber",1,34.0,26.55,1
797,"Leader, Dr. Alice (Farnham)",1,49.0,25.9292,1
53,"Harper, Mrs. Henry Sleeper (Myna Haxtun)",1,49.0,76.7292,1
158,"Corn, Mr. Harry",3,30.0,8.05,0
535,"Cacic, Miss. Marija",3,30.0,8.6625,0
524,"Hippach, Mrs. Louis Albert (Ida Sophia Fischer)",1,44.0,57.9792,1
620,"Gavey, Mr. Lawrence",2,26.0,10.5,0
384,"Holverson, Mrs. Alexander Oskar (Mary Aline Towner)",1,35.0,52.0,1
247,"Lindahl, Miss. Agda Thorilda Viktoria",3,25.0,7.775,0
439,"Fortune, Mr. Mark",1,64.0,263.0,0
185,"Kink-Heilmann, Miss. Luise Gretchen",3,4.0,22.025,1
184,"Becker, Master. Richard F",2,1.0,39.0,1
662,"Badt, Mr. Mohamed",3,40.0,7.225,0
871,"Balkic, Mr. Cerin",3,26.0,7.8958,0
678,"Turja, Miss. Anna Sofia",3,18.0,9.8417,1
436,"Carter, Miss. Lucile Polk",1,14.0,120.0,1
586,"Taussig, Miss. Ruth",1,18.0,79.65,1
404,"Hakkarainen, Mr. Pekka Pietari",3,28.0,15.85,0
232,"Larsson, Mr. Bengt Edvin",3,29.0,7.775,0
153,"Meo, Mr. Alfonzo",3,55.5,8.05,0
760,"Rothes, the Countess. of (Lucy Noel Martha Dyer-Edwards)",1,33.0,86.5,1
179,"Hale, Mr. Reginald",2,30.0,13.0,0
852,"Svensson, Mr. Johan",3,74.0,7.775,0
246,"Minahan, Dr. William Edward",1,44.0,90.0,0
347,"Smith, Miss. Marion Elsie",2,40.0,13.0,1
367,"Warren, Mrs. Frank Manley (Anna Sophia Atkinson)",1,60.0,75.25,1
504,"Laitinen, Miss. Kristina Sofia",3,37.0,9.5875,0
152,"Pears, Mrs. Thomas (Edith Wearne)",1,22.0,66.6,1
228,"Lovell, Mr. John Hall (""Henry"")",3,20.5,7.25,0
252,"Strom, Mrs. Wilhelm (Elna Matilda Persson)",3,29.0,10.4625,0
552,"Sharp, Mr. Percival James R",2,27.0,26.0,0
310,"Francatelli, Miss. Laura Mabel",1,30.0,56.9292,1
522,"Vovk, Mr. Janko",3,22.0,7.8958,0
796,"Otter, Mr. Richard",2,39.0,13.0,0
162,"Watt, Mrs. James (Elizabeth ""Bessie"" Inglis Milne)",2,40.0,15.75,1
506,"Penasco y Castellana, Mr. Victor de Satode",1,18.0,108.9,0
848,"Markoff, Mr. Marin",3,35.0,7.8958,0
700,"Humblen, Mr. Adolf Mathias Nicolai Olsen",3,42.0,7.65,0
273,"Mellinger, Mrs. (Elizabeth Anne Maidment)",2,41.0,19.5,1
812,"Lester, Mr. James",3,39.0,24.15,0
686,"Laroche, Mr. Joseph Philippe Lemercier",2,25.0,41.5792,0
815,"Tomlin, Mr. Ernest Portage",3,30.5,8.05,0
694,"Saad, Mr. Khalil",3,25.0,7.225,0
485,"Bishop, Mr. Dickinson H",1,25.0,91.0792,1
865,"Gill, Mr. John William",2,24.0,13.0,0
645,"Baclini, Miss. Eugenie",3,0.75,19.2583,1
333,"Graham, Mr. George Edward",1,38.0,153.4625,0
556,"Wright, Mr. George",1,62.0,26.55,0
628,"Longley, Miss. Gretchen Fiske",1,21.0,77.9583,1
142,"Nysten, Miss. Anna Sofia",3,22.0,7.75,1
289,"Hosono, Mr. Masabumi",2,42.0,13.0,1
780,"Robert, Mrs. Edward Scott (Elisabeth Walton McMillan)",1,43.0,211.3375,1
468,"Smart, Mr. John Montgomery",1,56.0,26.55,0
290,"Connolly, Miss. Kate",3,22.0,7.75,1
737,"Ford, Mrs. Edward (Margaret Ann Watson)",3,48.0,34.375,0
396,"Johansson, Mr. Erik",3,22.0,7.7958,0
516,"Walker, Mr. William Anderson",1,47.0,34.0208,0
801,"Ponesell, Mr. Martin",2,34.0,13.0,0
447,"Mellinger, Miss. Madeleine Violet",2,13.0,19.5,1
322,"Danoff, Mr. Yoto",3,27.0,7.8958,0
351,"Odahl, Mr. Nils Martin",3,23.0,9.225,0
473,"West, Mrs. Edwy Arthur (Ada Mary Worth)",2,33.0,27.75,1
483,"Rouse, Mr. Richard Henry",3,50.0,8.05,0
280,"Abbott, Mrs. Stanton (Rosa Hunt)",3,35.0,20.25,1
849,"Harper, Rev. John",2,28.0,33.0,0
732,"Hassan, Mr. Houssein G N",3,11.0,18.7875,0
598,"Johnson, Mr. Alfred",3,49.0,0.0,0
435,"Silvey, Mr. William Baird",1,50.0,55.9,0
639,"Panula, Mrs. Juha (Maria Emilia Ojala)",3,41.0,39.6875,0
878,"Petroff, Mr. Nedelio",3,19.0,7.8958,0
824,"Moor, Mrs. (Beila)",3,27.0,12.475,1
806,"Johansson, Mr. Karl Johan",3,31.0,7.775,0
763,"Barah, Mr. Hanna Assi",3,20.0,7.2292,1
755,"Herman, Mrs. Samuel (Jane Laver)",2,48.0,65.0,1
702,"Silverthorne, Mr. Spencer Victor",1,35.0,26.2875,1
111,"Porter, Mr. Walter Chamberlain",1,47.0,52.0,0
303,"Johnson, Mr. William Cahoone Jr",3,19.0,0.0,0
201,"Vande Walle, Mr. Nestor Cyriel",3,28.0,9.5,0
664,"Coleff, Mr. Peju",3,36.0,7.4958,0
50,"Arnold-Franchi, Mrs. Josef (Josefine Franchi)",3,18.0,17.8,0
684,"Goodwin, Mr. Charles Edward",3,14.0,46.9,0
213,"Perkin, Mr. John Henry",3,22.0,7.25,0
765,"Eklund, Mr. Hans Linus",3,16.0,7.775,0
756,"Hamalainen, Master. Viljo",2,0.67,14.5,1
842,"Mudd, Mr. Thomas Charles",2,16.0,10.5,0
121,"Hickman, Mr. Stanley George",2,21.0,73.5,0
709,"Cleaver, Miss. Alice",1,22.0,151.55,1
298,"Allison, Miss. Helen Loraine",1,2.0,151.55,0
723,"Gillespie, Mr. William Henry",2,34.0,13.0,0
582,"Thayer, Mrs. John Borland (Marian Longstreth Morris)",1,39.0,110.8833,1
699,"Thayer, Mr. John Borland",1,49.0,110.8833,0
786,"Harmer, Mr. Abraham (David Lishin)",3,25.0,7.25,0
256,"Touma, Mrs. Darwis (Hanne Youssef Razi)",3,29.0,15.2458,1
493,"Molson, Mr. Harry Markland",1,55.0,30.5,0
500,"Svensson, Mr. Olof",3,24.0,7.7958,0
757,"Carlsson, Mr. August Sigfrid",3,28.0,7.7958,0
270,"Bissette, Miss. Amelia",1,35.0,135.6333,1
5,"Allen, Mr. William Henry",3,35.0,8.05,0
800,"Van Impe, Mrs. Jean Baptiste (Rosalie Paula Govaert)",3,30.0,24.15,0
690,"Madill, Miss. Georgette Alexandra",1,15.0,211.3375,1
125,"White, Mr. Percival Wayland",1,54.0,77.2875,0
722,"Jensen, Mr. Svend Lauritz",3,17.0,7.0542,0
511,"Daly, Mr. Eugene Patrick",3,29.0,7.75,1
636,"Davis, Miss. Mary",2,28.0,13.0,1
63,"Harris, Mr. Henry Birkhardt",1,45.0,83.475,0
42,"Turpin, Mrs. William John Robert (Dorothy Ann Wonnacott)",2,27.0,21.0,0
249,"Beckwith, Mr. Richard Leonard",1,37.0,52.5542,1
168,"Skoog, Mrs. William (Anna Bernhardina Karlsson)",3,45.0,27.9,0
36,"Holverson, Mr. Alexander Oskar",1,42.0,52.0,0
788,"Rice, Master. George Hugh",3,8.0,29.125,0
287,"de Mulder, Mr. Theodore",3,30.0,9.5,1
621,"Yasbeck, Mr. Antoni",3,27.0,14.4542,0
475,"Strandberg, Miss. Ida Sofia",3,22.0,9.8375,0
361,"Skoog, Mr. Wilhelm",3,40.0,27.9,0
527,"Ridsdale, Miss. Lucy",2,50.0,10.5,1
492,"Windelov, Mr. Einar",3,21.0,7.25,0
746,"Crosby, Capt. Edward Gifford",1,70.0,71.0,0
631,"Barkworth, Mr. Algernon Henry Wilson",1,80.0,30.0,1
173,"Johnson, Miss. Eleanor Ileen",3,1.0,11.1333,1
82,"Sheerlinck, Mr. Jan Baptist",3,29.0,9.5,1
596,"Van Impe, Mr. Jean Baptiste",3,36.0,24.15,0
161,"Cribb, Mr. John Hatfield",3,44.0,16.1,0
868,"Roebling, Mr. Washington Augustus II",1,31.0,50.4958,0
660,"Newell, Mr. Arthur Webster",1,58.0,113.275,0
85,"Ilett, Miss. Bertha",2,17.0,10.5,1
16,"Hewlett, Mrs. (Mary D Kingcome) ",2,55.0,16.0,1
196,"Lurette, Miss. Elise",1,58.0,146.5208,1
55,"Ostby, Mr. Engelhart Cornelius",1,65.0,61.9792,0
624,"Hansen, Mr. Henry Damsgaard",3,21.0,7.8542,0
477,"Renouf, Mr. Peter Henry",2,34.0,21.0,0
233,"Sjostedt, Mr. Ernst Adolf",2,59.0,13.5,0
269,"Graham, Mrs. William Thompson (Edith Junkins)",1,58.0,153.4625,1
70,"Kink, Mr. Vincenz",3,26.0,8.6625,0
422,"Charters, Mr. David",3,21.0,7.7333,0
371,"Harder, Mr. George Achilles",1,25.0,55.4417,1
315,"Hart, Mr. Benjamin",2,43.0,26.25,0
583,"Downton, Mr. William James",2,54.0,26.0,0
576,"Patchett, Mr. George",3,19.0,14.5,0
888,"Graham, Miss. Margaret Edith",1,19.0,30.0,1
337,"Pears, Mr. Thomas Clinton",1,29.0,66.6,0
250,"Carter, Rev. Ernest Courtenay",2,54.0,26.0,0
204,"Youseff, Mr. Gerious",3,45.5,7.225,0
701,"Astor, Mrs. John Jacob (Madeleine Talmadge Force)",1,18.0,227.525,1
505,"Maioni, Miss. Roberta",1,16.0,86.5,1
605,"Homer, Mr. Harry (""Mr E Haven"")",1,35.0,26.55,1
134,"Weisz, Mrs. Leopold (Mathilde Francoise Pede)",2,29.0,26.0,1
713,"Taylor, Mr. Elmer Zebley",1,48.0,52.0,1
489,"Somerton, Mr. Francis William",3,30.0,8.05,0
2,"Cumings, Mrs. John Bradley (Florence Briggs Thayer)",1,38.0,71.2833,1
835,"Allum, Mr. Owen George",3,18.0,8.3,0
707,"Kelly, Mrs. Florence ""Fannie""",2,45.0,13.5,1
104,"Johansson, Mr. Gustaf Joel",3,33.0,8.6542,0
255,"Rosblom, Mrs. Viktor (Helena Wilhelmina)",3,41.0,20.2125,0
45,"Devaney, Miss. Margaret Delia",3,19.0,7.8792,1
643,"Skoog, Miss. Margit Elizabeth",3,2.0,27.9,0
540,"Frolicher, Miss. Hedwig Margaritha",1,22.0,49.5,1
575,"Rush, Mr. Alfred George John",3,16.0,8.05,0
457,"Millet, Mr. Francis Davis",1,65.0,26.55,0
117,"Connors, Mr. Patrick",3,70.5,7.75,0
424,"Danbom, Mrs. Ernst Gilbert (Anna Sigrid Maria Brogren)",3,28.0,14.4,0
711,"Mayne, Mlle. Berthe Antonine (""Mrs de Villiers"")",1,24.0,49.5042,1
433,"Louch, Mrs. Charles Alexander (Alice Adelaide Slow)",2,42.0,26.0,1
300,"Baxter, Mrs. James (Helene DeLaudeniere Chaput)",1,50.0,247.5208,1
15,"Vestrom, Miss. Hulda Amanda Adolfina",3,14.0,7.8542,0
394,"Newell, Miss. Marjorie",1,23.0,113.275,1
754,"Jonkoff, Mr. Lalio",3,23.0,7.8958,0
487,"Hoyt, Mrs. Frederick Maxfield (Jane Anne Forby)",1,35.0,90.0,1
341,"Navratil, Master. Edmond Roger",2,2.0,26.0,1
209,"Carr, Miss. Helen ""Ellen""",3,16.0,7.75,1
884,"Banfield, Mr. Frederick James",2,28.0,10.5,0
810,"Chambers, Mrs. Norman Campbell (Bertha Griggs)",1,33.0,53.1,1
616,"Herman, Miss. Alice",2,24.0,65.0,1
872,"Beckwith, Mrs. Richard Leonard (Sallie Monypeny)",1,47.0,52.5542,1
638,"Collyer, Mr. Harvey",2,31.0,26.25,0
306,"Allison, Master. Hudson Trevor",1,0.92,151.55,1
714,"Larsson, Mr. August Viktor",3,29.0,9.4833,0
708,"Calderhead, Mr. Edward Pennington",1,42.0,26.2875,1
235,"Leyson, Mr. Robert William Norman",2,24.0,10.5,0
604,"Torber, Mr. Ernst William",3,44.0,8.05,0
646,"Harper, Mr. Henry Sleeper",1,48.0,76.7292,1
76,"Moen, Mr. Sigurd Hansen",3,25.0,7.65,0
601,"Jacobsohn, Mrs. Sidney Samuel (Amy Frances Christy)",2,24.0,27.0,1
706,"Morley, Mr. Henry Samuel (""Mr Henry Marshall"")",2,39.0,26.0,0
316,"Nilsson, Miss. Helmina Josefina",3,26.0,7.8542,1
25,"Palsson, Miss. Torborg Danira",3,8.0,21.075,0
392,"Jansson, Mr. Carl Olof",3,21.0,7.7958,1
581,"Christy, Miss. Julie Rachel",2,25.0,30.0,1
203,"Johanson, Mr. Jakob Alfred",3,34.0,6.4958,0
344,"Sedgwick, Mr. Charles Frederick Waddington",2,25.0,13.0,0
238,"Collyer, Miss. Marjorie ""Lottie""",2,8.0,26.25,1
484,"Turkula, Mrs. (Hedwig)",3,63.0,9.5875,1
520,"Pavlovic, Mr. Stefo",3,32.0,7.8958,0
623,"Nakid, Mr. Sahid",3,20.0,15.7417,1
430,"Pickard, Mr. Berk (Berk Trembisky)",3,32.0,8.05,1
386,"Davies, Mr. Charles Henry",2,18.0,73.5,0
828,"Mallet, Master. Andre",2,1.0,37.0042,1
163,"Bengtsson, Mr. John Viktor",3,26.0,7.775,0
831,"Yasbeck, Mrs. Antoni (Selini Alexander)",3,15.0,14.4542,1
126,"Nicola-Yarred, Master. Elias",3,12.0,11.2417,1
466,"Goncalves, Mr. Manuel Estanslas",3,38.0,7.05,0
113,"Barton, Mr. David John",3,22.0,8.05,0
580,"Jussila, Mr. Eiriik",3,32.0,7.925,1
409,"Birkeland, Mr. Hans Martin Monsen",3,21.0,7.775,0
267,"Panula, Mr. Ernesti Arvid",3,16.0,39.6875,0
589,"Gilinski, Mr. Eliezer",3,22.0,8.05,0
151,"Bateman, Rev. Robert James",2,51.0,12.525,0
771,"Lievens, Mr. Rene Aime",3,24.0,9.5,0
24,"Sloper, Mr. William Thompson",1,28.0,35.5,1
876,"Najib, Miss. Adele Kiamie ""Jane""",3,15.0,7.225,1
93,"Chaffee, Mr. Herbert Fuller",1,46.0,61.175,0
135,"Sobey, Mr. Samuel James Hayden",2,25.0,13.0,0
338,"Burns, Miss. Elizabeth Margaret",1,41.0,134.5,1
549,"Goldsmith, Mr. Frank John",3,33.0,20.525,0
131,"Drazenoic, Mr. Jozef",3,33.0,7.8958,0
