PassengerId,Name,Pclass,Age,Fare,Survived,count_words_in_Name,Name_lower,Name_no_punc,Name_no_num,orig_index
329,"Goldsmith, Mrs. Frank John (Emily Alice Brown)",3,31.0,20.525,1,6,"goldsmith, mrs. frank john (emily alice brown)",Goldsmith Mrs Frank John Emily Alice Brown,"Goldsmith, Mrs. Frank John (Emily Alice Brown)",0
74,"Chronopoulos, Mr. Apostolos",3,26.0,14.4542,0,2,"chronopoulos, mr. apostolos",Chronopoulos Mr Apostolos,"Chronopoulos, Mr. Apostolos",1
254,"Lobb, Mr. William Arthur",3,30.0,16.1,0,3,"lobb, mr. william arthur",Lobb Mr William Arthur,"Lobb, Mr. William Arthur",2
720,"Johnson, Mr. Malkolm Joackim",3,33.0,7.775,0,3,"johnson, mr. malkolm joackim",Johnson Mr Malkolm Joackim,"Johnson, Mr. Malkolm Joackim",3
667,"Butler, Mr. Reginald Fenton",2,25.0,13.0,0,3,"butler, mr. reginald fenton",Butler Mr Reginald Fenton,"Butler, Mr. Reginald Fenton",4
31,"Uruchurtu, Don. Manuel E",1,40.0,27.7208,0,3,"uruchurtu, don. manuel e",Uruchurtu Don Manuel E,"Uruchurtu, Don. Manuel E",5
288,"Naidenoff, Mr. Penko",3,22.0,7.8958,0,2,"naidenoff, mr. penko",Naidenoff Mr Penko,"Naidenoff, Mr. Penko",6
218,"Jacobsohn, Mr. Sidney Samuel",2,42.0,27.0,0,3,"jacobsohn, mr. sidney samuel",Jacobsohn Mr Sidney Samuel,"Jacobsohn, Mr. Sidney Samuel",7
798,"Osman, Mrs. Mara",3,31.0,8.6833,1,2,"osman, mrs. mara",Osman Mrs Mara,"Osman, Mrs. Mara",8
372,"Wiklund, Mr. Jakob Alfred",3,18.0,6.4958,0,3,"wiklund, mr. jakob alfred",Wiklund Mr Jakob Alfred,"Wiklund, Mr. Jakob Alfred",9
377,"Landergren, Miss. Aurora Adelia",3,22.0,7.25,1,3,"landergren, miss. aurora adelia",Landergren Miss Aurora Adelia,"Landergren, Miss. Aurora Adelia",10
139,"Osen, Mr. Olaf Elon",3,16.0,9.2167,0,3,"osen, mr. olaf elon",Osen Mr Olaf Elon,"Osen, Mr. Olaf Elon",11
106,"Mionoff, Mr. Stoytcho",3,28.0,7.8958,0,2,"mionoff, mr. stoytcho",Mionoff Mr Stoytcho,"Mionoff, Mr. Stoytcho",12
69,"Andersson, Miss. Erna Alexandra",3,17.0,7.925,1,3,"andersson, miss. erna alexandra",Andersson Miss Erna Alexandra,"Andersson, Miss. Erna Alexandra",13
362,"del Carlo, Mr. Sebastiano",2,29.0,27.7208,0,3,"del carlo, mr. sebastiano",del Carlo Mr Sebastiano,"del Carlo, Mr. Sebastiano",14
721,"Harper, Miss. Annie Jessie ""Nina""",2,6.0,33.0,1,4,"harper, miss. annie jessie ""nina""",Harper Miss Annie Jessie Nina,"Harper, Miss. Annie Jessie ""Nina""",15
600,"Duff Gordon, Sir. Cosmo Edmund (""Mr Morgan"")",1,49.0,56.9292,1,6,"duff gordon, sir. cosmo edmund (""mr morgan"")",Duff Gordon Sir Cosmo Edmund Mr Morgan,"Duff Gordon, Sir. Cosmo Edmund (""Mr Morgan"")",16
515,"Coleff, Mr. Satio",3,24.0,7.4958,0,2,"coleff, mr. satio",Coleff Mr Satio,"Coleff, Mr. Satio",17
314,"Hendekovic, Mr. Ignjac",3,28.0,7.8958,0,2,"hendekovic, mr. ignjac",Hendekovic Mr Ignjac,"Hendekovic, Mr. Ignjac",18
744,"McNamee, Mr. Neal",3,24.0,16.1,0,2,"mcnamee, mr. neal",McNamee Mr Neal,"McNamee, Mr. Neal",19
320,"Spedden, Mrs. Frederic Oakley (Margaretta Corning Stone)",1,40.0,134.5,1,6,"spedden, mrs. frederic oakley (margaretta corning stone)",Spedden Mrs Frederic Oakley Margaretta Corning Stone,"Spedden, Mrs. Frederic Oakley (Margaretta Corning Stone)",20
22,"Beesley, Mr. Lawrence",2,34.0,13.0,1,2,"beesley, mr. lawrence",Beesley Mr Lawrence,"Beesley, Mr. Lawrence",21
418,"Silven, Miss. Lyyli Karoliina",2,18.0,13.0,1,3,"silven, miss. lyyli karoliina",Silven Miss Lyyli Karoliina,"Silven, Miss. Lyyli Karoliina",22
836,"Compton, Miss. Sara Rebecca",1,39.0,83.1583,1,3,"compton, miss. sara rebecca",Compton Miss Sara Rebecca,"Compton, Miss. Sara Rebecca",23
570,"Jonsson, Mr. Carl",3,32.0,7.8542,1,2,"jonsson, mr. carl",Jonsson Mr Carl,"Jonsson, Mr. Carl",24
292,"Bishop, Mrs. Dickinson H (Helen Walton)",1,19.0,91.0792,1,5,"bishop, mrs. dickinson h (helen walton)",Bishop Mrs Dickinson H Helen Walton,"Bishop, Mrs. Dickinson H (Helen Walton)",25
81,"Waelens, Mr. Achille",3,22.0,9.0,0,2,"waelens, mr. achille",Waelens Mr Achille,"Waelens, Mr. Achille",26
488,"Kent, Mr. Edward Austin",1,58.0,29.7,0,3,"kent, mr. edward austin",Kent Mr Edward Austin,"Kent, Mr. Edward Austin",27
547,"Beane, Mrs. Edward (Ethel Clarke)",2,19.0,26.0,1,4,"beane, mrs. edward (ethel clarke)",Beane Mrs Edward Ethel Clarke,"Beane, Mrs. Edward (Ethel Clarke)",28
39,"Vander Planke, Miss. Augusta Maria",3,18.0,18.0,0,4,"vander planke, miss. augusta maria",Vander Planke Miss Augusta Maria,"Vander Planke, Miss. Augusta Maria",29
248,"Hamalainen, Mrs. William (Anna)",2,24.0,14.5,1,3,"hamalainen, mrs. william (anna)",Hamalainen Mrs William Anna,"Hamalainen, Mrs. William (Anna)",30
446,"Dodge, Master. Washington",1,4.0,81.8583,1,2,"dodge, master. washington",Dodge Master Washington,"Dodge, Master. Washington",31
324,"Caldwell, Mrs. Albert Francis (Sylvia Mae Harbaugh)",2,22.0,29.0,1,6,"caldwell, mrs. albert francis (sylvia mae harbaugh)",Caldwell Mrs Albert Francis Sylvia Mae Harbaugh,"Caldwell, Mrs. Albert Francis (Sylvia Mae Harbaugh)",32
715,"Greenberg, Mr. Samuel",2,52.0,13.0,0,2,"greenberg, mr. samuel",Greenberg Mr Samuel,"Greenberg, Mr. Samuel",33
877,"Gustafsson, Mr. Alfred Ossian",3,20.0,9.8458,0,3,"gustafsson, mr. alfred ossian",Gustafsson Mr Alfred Ossian,"Gustafsson, Mr. Alfred Ossian",34
266,"Reeves, Mr. David",2,36.0,10.5,0,2,"reeves, mr. david",Reeves Mr David,"Reeves, Mr. David",35
813,"Slemen, Mr. Richard James",2,35.0,10.5,0,3,"slemen, mr. richard james",Slemen Mr Richard James,"Slemen, Mr. Richard James",36
449,"Baclini, Miss. Marie Catherine",3,5.0,19.2583,1,3,"baclini, miss. marie catherine",Baclini Miss Marie Catherine,"Baclini, Miss. Marie Catherine",37
658,"Bourke, Mrs. John (Catherine)",3,32.0,15.5,0,3,"bourke, mrs. john (catherine)",Bourke Mrs John Catherine,"Bourke, Mrs. John (Catherine)",38
312,"Ryerson, Miss. Emily Borie",1,18.0,262.375,1,3,"ryerson, miss. emily borie",Ryerson Miss Emily Borie,"Ryerson, Miss. Emily Borie",39
431,"Bjornstrom-Steffansson, Mr. Mauritz Hakan",1,28.0,26.55,1,3,"bjornstrom-steffansson, mr. mauritz hakan",BjornstromSteffansson Mr Mauritz Hakan,"Bjornstrom-Steffansson, Mr. Mauritz Hakan",40
479,"Karlsson, Mr. Nils August",3,22.0,7.5208,0,3,"karlsson, mr. nils august",Karlsson Mr Nils August,"Karlsson, Mr. Nils August",41
220,"Harris, Mr. Walter",2,30.0,10.5,0,2,"harris, mr. walter",Harris Mr Walter,"Harris, Mr. Walter",42
291,"Barber, Miss. Ellen ""Nellie""",1,26.0,78.85,1,3,"barber, miss. ellen ""nellie""",Barber Miss Ellen Nellie,"Barber, Miss. Ellen ""Nellie""",43
680,"Cardeza, Mr. Thomas Drake Martinez",1,36.0,512.3292,1,4,"cardeza, mr. thomas drake martinez",Cardeza Mr Thomas Drake Martinez,"Cardeza, Mr. Thomas Drake Martinez",44
474,"Jerwan, Mrs. Amin S (Marie Marthe Thuillard)",2,23.0,13.7917,1,6,"jerwan, mrs. amin s (marie marthe thuillard)",Jerwan Mrs Amin S Marie Marthe Thuillard,"Jerwan, Mrs. Amin S (Marie Marthe Thuillard)",45
464,"Milling, Mr. Jacob Christian",2,48.0,13.0,0,3,"milling, mr. jacob christian",Milling Mr Jacob Christian,"Milling, Mr. Jacob Christian",46
839,"Chip, Mr. Chang",3,32.0,56.4958,1,2,"chip, mr. chang",Chip Mr Chang,"Chip, Mr. Chang",47
206,"Strom, Miss. Telma Matilda",3,2.0,10.4625,0,3,"strom, miss. telma matilda",Strom Miss Telma Matilda,"Strom, Miss. Telma Matilda",48
609,"Laroche, Mrs. Joseph (Juliette Marie Louise Lafargue)",2,22.0,41.5792,1,6,"laroche, mrs. joseph (juliette marie louise lafargue)",Laroche Mrs Joseph Juliette Marie Louise Lafargue,"Laroche, Mrs. Joseph (Juliette Marie Louise Lafargue)",49
787,"Sjoblom, Miss. Anna Sofia",3,18.0,7.4958,1,3,"sjoblom, miss. anna sofia",Sjoblom Miss Anna Sofia,"Sjoblom, Miss. Anna Sofia",50
859,"Baclini, Mrs. Solomon (Latifa Qurban)",3,24.0,19.2583,1,4,"baclini, mrs. solomon (latifa qurban)",Baclini Mrs Solomon Latifa Qurban,"Baclini, Mrs. Solomon (Latifa Qurban)",51
453,"Foreman, Mr. Benjamin Laventall",1,30.0,27.75,0,3,"foreman, mr. benjamin laventall",Foreman Mr Benjamin Laventall,"Foreman, Mr. Benjamin Laventall",52
366,"Adahl, Mr. Mauritz Nils Martin",3,30.0,7.25,0,4,"adahl, mr. mauritz nils martin",Adahl Mr Mauritz Nils Martin,"Adahl, Mr. Mauritz Nils Martin",53
617,"Danbom, Mr. Ernst Gilbert",3,34.0,14.4,0,3,"danbom, mr. ernst gilbert",Danbom Mr Ernst Gilbert,"Danbom, Mr. Ernst Gilbert",54
541,"Crosby, Miss. Harriet R",1,36.0,71.0,1,3,"crosby, miss. harriet r",Crosby Miss Harriet R,"Crosby, Miss. Harriet R",55
133,"Robins, Mrs. Alexander A (Grace Charity Laury)",3,47.0,14.5,0,6,"robins, mrs. alexander a (grace charity laury)",Robins Mrs Alexander A Grace Charity Laury,"Robins, Mrs. Alexander A (Grace Charity Laury)",56
144,"Burke, Mr. Jeremiah",3,19.0,6.75,0,2,"burke, mr. jeremiah",Burke Mr Jeremiah,"Burke, Mr. Jeremiah",57
805,"Hedman, Mr. Oskar Arvid",3,27.0,6.975,1,3,"hedman, mr. oskar arvid",Hedman Mr Oskar Arvid,"Hedman, Mr. Oskar Arvid",58
554,"Leeni, Mr. Fahim (""Philip Zenni"")",3,22.0,7.225,1,4,"leeni, mr. fahim (""philip zenni"")",Leeni Mr Fahim Philip Zenni,"Leeni, Mr. Fahim (""Philip Zenni"")",59
804,"Thomas, Master. Assad Alexander",3,0.42,8.5167,1,3,"thomas, master. assad alexander",Thomas Master Assad Alexander,"Thomas, Master. Assad Alexander",60
343,"Collander, Mr. Erik Gustaf",2,28.0,13.0,0,3,"collander, mr. erik gustaf",Collander Mr Erik Gustaf,"Collander, Mr. Erik Gustaf",61
118,"Turpin, Mr. William John Robert",2,29.0,21.0,0,4,"turpin, mr. william john robert",Turpin Mr William John Robert,"Turpin, Mr. William John Robert",62
9,"Johnson, Mrs. Oscar W (Elisabeth Vilhelmina Berg)",3,27.0,11.1333,1,6,"johnson, mrs. oscar w (elisabeth vilhelmina berg)",Johnson Mrs Oscar W Elisabeth Vilhelmina Berg,"Johnson, Mrs. Oscar W (Elisabeth Vilhelmina Berg)",63
115,"Attalah, Miss. Malake",3,17.0,14.4583,0,2,"attalah, miss. malake",Attalah Miss Malake,"Attalah, Miss. Malake",64
685,"Brown, Mr. Thomas William Solomon",2,60.0,39.0,0,4,"brown, mr. thomas william solomon",Brown Mr Thomas William Solomon,"Brown, Mr. Thomas William Solomon",65
538,"LeRoy, Miss. Bertha",1,30.0,106.425,1,2,"leroy, miss. bertha",LeRoy Miss Bertha,"LeRoy, Miss. Bertha",66
677,"Sawyer, Mr. Frederick Charles",3,24.5,8.05,0,3,"sawyer, mr. frederick charles",Sawyer Mr Frederick Charles,"Sawyer, Mr. Frederick Charles",67
494,"Artagaveytia, Mr. Ramon",1,71.0,49.5042,0,2,"artagaveytia, mr. ramon",Artagaveytia Mr Ramon,"Artagaveytia, Mr. Ramon",68
480,"Hirvonen, Miss. Hildur E",3,2.0,12.2875,1,3,"hirvonen, miss. hildur e",Hirvonen Miss Hildur E,"Hirvonen, Miss. Hildur E",69
279,"Rice, Master. Eric",3,7.0,29.125,0,2,"rice, master. eric",Rice Master Eric,"Rice, Master. Eric",70
175,"Smith, Mr. James Clinch",1,56.0,30.6958,0,3,"smith, mr. james clinch",Smith Mr James Clinch,"Smith, Mr. James Clinch",71
38,"Cann, Mr. Ernest Charles",3,21.0,8.05,0,3,"cann, mr. ernest charles",Cann Mr Ernest Charles,"Cann, Mr. Ernest Charles",72
59,"West, Miss. Constance Mirium",2,5.0,27.75,1,3,"west, miss. constance mirium",West Miss Constance Mirium,"West, Miss. Constance Mirium",73
58,"Novel, Mr. Mansouer",3,28.5,7.2292,0,2,"novel, mr. mansouer",Novel Mr Mansouer,"Novel, Mr. Mansouer",74
95,"Coxon, Mr. Daniel",3,59.0,7.25,0,2,"coxon, mr. daniel",Coxon Mr Daniel,"Coxon, Mr. Daniel",75
210,"Blank, Mr. Henry",1,40.0,31.0,1,2,"blank, mr. henry",Blank Mr Henry,"Blank, Mr. Henry",76
622,"Kimball, Mr. Edwin Nelson Jr",1,42.0,52.5542,1,4,"kimball, mr. edwin nelson jr",Kimball Mr Edwin Nelson Jr,"Kimball, Mr. Edwin Nelson Jr",77
785,"Ali, Mr. William",3,25.0,7.05,0,2,"ali, mr. william",Ali Mr William,"Ali, Mr. William",78
87,"Ford, Mr. William Neal",3,16.0,34.375,0,3,"ford, mr. william neal",Ford Mr William Neal,"Ford, Mr. William Neal",79
13,"Saundercock, Mr. William Henry",3,20.0,8.05,0,3,"saundercock, mr. william henry",Saundercock Mr William Henry,"Saundercock, Mr. William Henry",80
398,"McKane, Mr. Peter David",2,46.0,26.0,0,3,"mckane, mr. peter david",McKane Mr Peter David,"McKane, Mr. Peter David",81
731,"Allen, Miss. Elisabeth Walton",1,29.0,211.3375,1,3,"allen, miss. elisabeth walton",Allen Miss Elisabeth Walton,"Allen, Miss. Elisabeth Walton",82
222,"Bracken, Mr. James H",2,27.0,13.0,0,3,"bracken, mr. james h",Bracken Mr James H,"Bracken, Mr. James H",83
350,"Dimic, Mr. Jovan",3,42.0,8.6625,0,2,"dimic, mr. jovan",Dimic Mr Jovan,"Dimic, Mr. Jovan",84
814,"Andersson, Miss. Ebba Iris Alfrida",3,6.0,31.275,0,4,"andersson, miss. ebba iris alfrida",Andersson Miss Ebba Iris Alfrida,"Andersson, Miss. Ebba Iris Alfrida",85
536,"Hart, Miss. Eva Miriam",2,7.0,26.25,1,3,"hart, miss. eva miriam",Hart Miss Eva Miriam,"Hart, Miss. Eva Miriam",86
383,"Tikkanen, Mr. Juho",3,32.0,7.925,0,2,"tikkanen, mr. juho",Tikkanen Mr Juho,"Tikkanen, Mr. Juho",87
692,"Karun, Miss. Manca",3,4.0,13.4167,1,2,"karun, miss. manca",Karun Miss Manca,"Karun, Miss. Manca",88
221,"Sunderland, Mr. Victor Francis",3,16.0,8.05,1,3,"sunderland, mr. victor francis",Sunderland Mr Victor Francis,"Sunderland, Mr. Victor Francis",89
867,"Duran y More, Miss. Asuncion",2,27.0,13.8583,1,4,"duran y more, miss. asuncion",Duran y More Miss Asuncion,"Duran y More, Miss. Asuncion",90
588,"Frolicher-Stehli, Mr. Maxmillian",1,60.0,79.2,1,2,"frolicher-stehli, mr. maxmillian",FrolicherStehli Mr Maxmillian,"Frolicher-Stehli, Mr. Maxmillian",91
107,"Salkjelsvik, Miss. Anna Kristine",3,21.0,7.65,1,3,"salkjelsvik, miss. anna kristine",Salkjelsvik Miss Anna Kristine,"Salkjelsvik, Miss. Anna Kristine",92
272,"Tornquist, Mr. William Henry",3,25.0,0.0,1,3,"tornquist, mr. william henry",Tornquist Mr William Henry,"Tornquist, Mr. William Henry",93
854,"Lines, Miss. Mary Conover",1,16.0,39.4,1,3,"lines, miss. mary conover",Lines Miss Mary Conover,"Lines, Miss. Mary Conover",94
697,"Kelly, Mr. James",3,44.0,8.05,0,2,"kelly, mr. james",Kelly Mr James,"Kelly, Mr. James",95
519,"Angle, Mrs. William A (Florence ""Mary"" Agnes Hughes)",2,36.0,26.0,1,7,"angle, mrs. william a (florence ""mary"" agnes hughes)",Angle Mrs William A Florence Mary Agnes Hughes,"Angle, Mrs. William A (Florence ""Mary"" Agnes Hughes)",96
610,"Shutes, Miss. Elizabeth W",1,40.0,153.4625,1,3,"shutes, miss. elizabeth w",Shutes Miss Elizabeth W,"Shutes, Miss. Elizabeth W",97
103,"White, Mr. Richard Frasar",1,21.0,77.2875,0,3,"white, mr. richard frasar",White Mr Richard Frasar,"White, Mr. Richard Frasar",98
28,"Fortune, Mr. Charles Alexander",1,19.0,263.0,0,3,"fortune, mr. charles alexander",Fortune Mr Charles Alexander,"Fortune, Mr. Charles Alexander",99
17,"Rice, Master. Eugene",3,2.0,29.125,0,2,"rice, master. eugene",Rice Master Eugene,"Rice, Master. Eugene",100
563,"Norman, Mr. Robert Douglas",2,28.0,13.5,0,3,"norman, mr. robert douglas",Norman Mr Robert Douglas,"Norman, Mr. Robert Douglas",101
734,"Berriman, Mr. William John",2,23.0,13.0,0,3,"berriman, mr. william john",Berriman Mr William John,"Berriman, Mr. William John",102
420,"Van Impe, Miss. Catharina",3,10.0,24.15,0,3,"van impe, miss. catharina",Van Impe Miss Catharina,"Van Impe, Miss. Catharina",103
363,"Barbara, Mrs. (Catherine David)",3,45.0,14.4542,0,3,"barbara, mrs. (catherine david)",Barbara Mrs Catherine David,"Barbara, Mrs. (Catherine David)",104
890,"Behr, Mr. Karl Howell",1,26.0,30.0,1,3,"behr, mr. karl howell",Behr Mr Karl Howell,"Behr, Mr. Karl Howell",105
413,"Minahan, Miss. Daisy E",1,33.0,90.0,1,3,"minahan, miss. daisy e",Minahan Miss Daisy E,"Minahan, Miss. Daisy E",106
544,"Beane, Mr. Edward",2,32.0,26.0,1,2,"beane, mr. edward",Beane Mr Edward,"Beane, Mr. Edward",107
323,"Slayter, Miss. Hilda Mary",2,30.0,12.35,1,3,"slayter, miss. hilda mary",Slayter Miss Hilda Mary,"Slayter, Miss. Hilda Mary",108
172,"Rice, Master. Arthur",3,4.0,29.125,0,2,"rice, master. arthur",Rice Master Arthur,"Rice, Master. Arthur",109
533,"Elias, Mr. Joseph Jr",3,17.0,7.2292,0,3,"elias, mr. joseph jr",Elias Mr Joseph Jr,"Elias, Mr. Joseph Jr",110
402,"Adams, Mr. John",3,26.0,8.05,0,2,"adams, mr. john",Adams Mr John,"Adams, Mr. John",111
44,"Laroche, Miss. Simonne Marie Anne Andree",2,3.0,41.5792,1,5,"laroche, miss. simonne marie anne andree",Laroche Miss Simonne Marie Anne Andree,"Laroche, Miss. Simonne Marie Anne Andree",112
397,"Olsson, Miss. Elina",3,31.0,7.8542,0,2,"olsson, miss. elina",Olsson Miss Elina,"Olsson, Miss. Elina",113
442,"Hampe, Mr. Leon",3,20.0,9.5,0,2,"hampe, mr. leon",Hampe Mr Leon,"Hampe, Mr. Leon",114
11,"Sandstrom, Miss. Marguerite Rut",3,4.0,16.7,1,3,"sandstrom, miss. marguerite rut",Sandstrom Miss Marguerite Rut,"Sandstrom, Miss. Marguerite Rut",115
313,"Lahtinen, Mrs. William (Anna Sylfven)",2,26.0,26.0,0,4,"lahtinen, mrs. william (anna sylfven)",Lahtinen Mrs William Anna Sylfven,"Lahtinen, Mrs. William (Anna Sylfven)",116
26,"Asplund, Mrs. Carl Oscar (Selma Augusta Emilia Johansson)",3,38.0,31.3875,1,7,"asplund, mrs. carl oscar (selma augusta emilia johansson)",Asplund Mrs Carl Oscar Selma Augusta Emilia Johansson,"Asplund, Mrs. Carl Oscar (Selma Augusta Emilia Johansson)",117
276,"Andrews, Miss. Kornelia Theodosia",1,63.0,77.9583,1,3,"andrews, miss. kornelia theodosia",Andrews Miss Kornelia Theodosia,"Andrews, Miss. Kornelia Theodosia",118
808,"Pettersson, Miss. Ellen Natalia",3,18.0,7.775,0,3,"pettersson, miss. ellen natalia",Pettersson Miss Ellen Natalia,"Pettersson, Miss. Ellen Natalia",119
874,"Vander Cruyssen, Mr. Victor",3,47.0,9.0,0,3,"vander cruyssen, mr. victor",Vander Cruyssen Mr Victor,"Vander Cruyssen, Mr. Victor",120
440,"Kvillner, Mr. Johan Henrik Johannesson",2,31.0,10.5,0,4,"kvillner, mr. johan henrik johannesson",Kvillner Mr Johan Henrik Johannesson,"Kvillner, Mr. Johan Henrik Johannesson",121
750,"Connaghton, Mr. Michael",3,31.0,7.75,0,2,"connaghton, mr. michael",Connaghton Mr Michael,"Connaghton, Mr. Michael",122
253,"Stead, Mr. William Thomas",1,62.0,26.55,0,3,"stead, mr. william thomas",Stead Mr William Thomas,"Stead, Mr. William Thomas",123
577,"Garside, Miss. Ethel",2,34.0,13.0,1,2,"garside, miss. ethel",Garside Miss Ethel,"Garside, Miss. Ethel",124
119,"Baxter, Mr. Quigg Edmond",1,24.0,247.5208,0,3,"baxter, mr. quigg edmond",Baxter Mr Quigg Edmond,"Baxter, Mr. Quigg Edmond",125
388,"Buss, Miss. Kate",2,36.0,13.0,1,2,"buss, miss. kate",Buss Miss Kate,"Buss, Miss. Kate",126
674,"Wilhelms, Mr. Charles",2,31.0,13.0,1,2,"wilhelms, mr. charles",Wilhelms Mr Charles,"Wilhelms, Mr. Charles",127
497,"Eustis, Miss. Elizabeth Mussey",1,54.0,78.2667,1,3,"eustis, miss. elizabeth mussey",Eustis Miss Elizabeth Mussey,"Eustis, Miss. Elizabeth Mussey",128
229,"Fahlstrom, Mr. Arne Jonas",2,18.0,13.0,0,3,"fahlstrom, mr. arne jonas",Fahlstrom Mr Arne Jonas,"Fahlstrom, Mr. Arne Jonas",129
724,"Hodges, Mr. Henry Price",2,50.0,13.0,0,3,"hodges, mr. henry price",Hodges Mr Henry Price,"Hodges, Mr. Henry Price",130
870,"Johnson, Master. Harold Theodor",3,4.0,11.1333,1,3,"johnson, master. harold theodor",Johnson Master Harold Theodor,"Johnson, Master. Harold Theodor",131
193,"Andersen-Jensen, Miss. Carla Christine Nielsine",3,19.0,7.8542,1,4,"andersen-jensen, miss. carla christine nielsine",AndersenJensen Miss Carla Christine Nielsine,"Andersen-Jensen, Miss. Carla Christine Nielsine",132
98,"Greenfield, Mr. William Bertram",1,23.0,63.3583,1,3,"greenfield, mr. william bertram",Greenfield Mr William Bertram,"Greenfield, Mr. William Bertram",133
438,"Richards, Mrs. Sidney (Emily Hocking)",2,24.0,18.75,1,4,"richards, mrs. sidney (emily hocking)",Richards Mrs Sidney Emily Hocking,"Richards, Mrs. Sidney (Emily Hocking)",134
345,"Fox, Mr. Stanley Hubert",2,36.0,13.0,0,3,"fox, mr. stanley hubert",Fox Mr Stanley Hubert,"Fox, Mr. Stanley Hubert",135
90,"Celotti, Mr. Francesco",3,24.0,8.05,0,2,"celotti, mr. francesco",Celotti Mr Francesco,"Celotti, Mr. Francesco",136
502,"Canavan, Miss. Mary",3,21.0,7.75,0,2,"canavan, miss. mary",Canavan Miss Mary,"Canavan, Miss. Mary",137
234,"Asplund, Miss. Lillian Gertrud",3,5.0,31.3875,1,3,"asplund, miss. lillian gertrud",Asplund Miss Lillian Gertrud,"Asplund, Miss. Lillian Gertrud",138
339,"Dahl, Mr. Karl Edwart",3,45.0,8.05,1,3,"dahl, mr. karl edwart",Dahl Mr Karl Edwart,"Dahl, Mr. Karl Edwart",139
293,"Levy, Mr. Rene Jacques",2,36.0,12.875,0,3,"levy, mr. rene jacques",Levy Mr Rene Jacques,"Levy, Mr. Rene Jacques",140
114,"Jussila, Miss. Katriina",3,20.0,9.825,0,2,"jussila, miss. katriina",Jussila Miss Katriina,"Jussila, Miss. Katriina",141
758,"Bailey, Mr. Percy Andrew",2,18.0,11.5,0,3,"bailey, mr. percy andrew",Bailey Mr Percy Andrew,"Bailey, Mr. Percy Andrew",142
147,"Andersson, Mr. August Edvard (""Wennerstrom"")",3,27.0,7.7958,1,4,"andersson, mr. august edvard (""wennerstrom"")",Andersson Mr August Edvard Wennerstrom,"Andersson, Mr. August Edvard (""Wennerstrom"")",143
156,"Williams, Mr. Charles Duane",1,51.0,61.3792,0,3,"williams, mr. charles duane",Williams Mr Charles Duane,"Williams, Mr. Charles Duane",144
736,"Williams, Mr. Leslie",3,28.5,16.1,0,2,"williams, mr. leslie",Williams Mr Leslie,"Williams, Mr. Leslie",145
295,"Mineff, Mr. Ivan",3,24.0,7.8958,0,2,"mineff, mr. ivan",Mineff Mr Ivan,"Mineff, Mr. Ivan",146
1,"Braund, Mr. Owen Harris",3,22.0,7.25,0,3,"braund, mr. owen harris",Braund Mr Owen Harris,"Braund, Mr. Owen Harris",147
882,"Markun, Mr. Johann",3,33.0,7.8958,0,2,"markun, mr. johann",Markun Mr Johann,"Markun, Mr. Johann",148
443,"Petterson, Mr. Johan Emil",3,25.0,7.775,0,3,"petterson, mr. johan emil",Petterson Mr Johan Emil,"Petterson, Mr. Johan Emil",149
632,"Lundahl, Mr. Johan Svensson",3,51.0,7.0542,0,3,"lundahl, mr. johan svensson",Lundahl Mr Johan Svensson,"Lundahl, Mr. Johan Svensson",150
510,"Lang, Mr. Fang",3,26.0,56.4958,1,2,"lang, mr. fang",Lang Mr Fang,"Lang, Mr. Fang",151
346,"Brown, Miss. Amelia ""Mildred""",2,24.0,13.0,1,3,"brown, miss. amelia ""mildred""",Brown Miss Amelia Mildred,"Brown, Miss. Amelia ""Mildred""",152
146,"Nicholls, Mr. Joseph Charles",2,19.0,36.75,0,3,"nicholls, mr. joseph charles",Nicholls Mr Joseph Charles,"Nicholls, Mr. Joseph Charles",153
284,"Dorking, Mr. Edward Arthur",3,19.0,8.05,1,3,"dorking, mr. edward arthur",Dorking Mr Edward Arthur,"Dorking, Mr. Edward Arthur",154
656,"Hickman, Mr. Leonard Mark",2,24.0,73.5,0,3,"hickman, mr. leonard mark",Hickman Mr Leonard Mark,"Hickman, Mr. Leonard Mark",155
559,"Taussig, Mrs. Emil (Tillie Mandelbaum)",1,39.0,79.65,1,4,"taussig, mrs. emil (tillie mandelbaum)",Taussig Mrs Emil Tillie Mandelbaum,"Taussig, Mrs. Emil (Tillie Mandelbaum)",156
342,"Fortune, Miss. Alice Elizabeth",1,24.0,263.0,1,3,"fortune, miss. alice elizabeth",Fortune Miss Alice Elizabeth,"Fortune, Miss. Alice Elizabeth",157
655,"Hegarty, Miss. Hanora ""Nora""",3,18.0,6.75,0,3,"hegarty, miss. hanora ""nora""",Hegarty Miss Hanora Nora,"Hegarty, Miss. Hanora ""Nora""",158
180,"Leonard, Mr. Lionel",3,36.0,0.0,0,2,"leonard, mr. lionel",Leonard Mr Lionel,"Leonard, Mr. Lionel",159
652,"Doling, Miss. Elsie",2,18.0,23.0,1,2,"doling, miss. elsie",Doling Miss Elsie,"Doling, Miss. Elsie",160
495,"Stanley, Mr. Edward Roland",3,21.0,8.05,0,3,"stanley, mr. edward roland",Stanley Mr Edward Roland,"Stanley, Mr. Edward Roland",161
809,"Meyer, Mr. August",2,39.0,13.0,0,2,"meyer, mr. august",Meyer Mr August,"Meyer, Mr. August",162
659,"Eitemiller, Mr. George Floyd",2,23.0,13.0,0,3,"eitemiller, mr. george floyd",Eitemiller Mr George Floyd,"Eitemiller, Mr. George Floyd",163
334,"Vander Planke, Mr. Leo Edmondus",3,16.0,18.0,0,4,"vander planke, mr. leo edmondus",Vander Planke Mr Leo Edmondus,"Vander Planke, Mr. Leo Edmondus",164
618,"Lobb, Mrs. William Arthur (Cordelia K Stanlick)",3,26.0,16.1,0,6,"lobb, mrs. william arthur (cordelia k stanlick)",Lobb Mrs William Arthur Cordelia K Stanlick,"Lobb, Mrs. William Arthur (Cordelia K Stanlick)",165
642,"Sagesser, Mlle. Emma",1,24.0,69.3,1,2,"sagesser, mlle. emma",Sagesser Mlle Emma,"Sagesser, Mlle. Emma",166
62,"Icard, Miss. Amelie",1,38.0,80.0,1,2,"icard, miss. amelie",Icard Miss Amelie,"Icard, Miss. Amelie",167
326,"Young, Miss. Marie Grice",1,36.0,135.6333,1,3,"young, miss. marie grice",Young Miss Marie Grice,"Young, Miss. Marie Grice",168
244,"Maenpaa, Mr. Matti Alexanteri",3,22.0,7.125,0,3,"maenpaa, mr. matti alexanteri",Maenpaa Mr Matti Alexanteri,"Maenpaa, Mr. Matti Alexanteri",169
891,"Dooley, Mr. Patrick",3,32.0,7.75,0,2,"dooley, mr. patrick",Dooley Mr Patrick,"Dooley, Mr. Patrick",170
751,"Wells, Miss. Joan",2,4.0,23.0,1,2,"wells, miss. joan",Wells Miss Joan,"Wells, Miss. Joan",171
136,"Richard, Mr. Emile",2,23.0,15.0458,0,2,"richard, mr. emile",Richard Mr Emile,"Richard, Mr. Emile",172
615,"Brocklebank, Mr. William Alfred",3,35.0,8.05,0,3,"brocklebank, mr. william alfred",Brocklebank Mr William Alfred,"Brocklebank, Mr. William Alfred",173
676,"Edvardsson, Mr. Gustaf Hjalmar",3,18.0,7.775,0,3,"edvardsson, mr. gustaf hjalmar",Edvardsson Mr Gustaf Hjalmar,"Edvardsson, Mr. Gustaf Hjalmar",174
425,"Rosblom, Mr. Viktor Richard",3,18.0,20.2125,0,3,"rosblom, mr. viktor richard",Rosblom Mr Viktor Richard,"Rosblom, Mr. Viktor Richard",175
128,"Madsen, Mr. Fridtjof Arne",3,24.0,7.1417,1,3,"madsen, mr. fridtjof arne",Madsen Mr Fridtjof Arne,"Madsen, Mr. Fridtjof Arne",176
462,"Morley, Mr. William",3,34.0,8.05,0,2,"morley, mr. william",Morley Mr William,"Morley, Mr. William",177
802,"Collyer, Mrs. Harvey (Charlotte Annie Tate)",2,31.0,26.25,1,5,"collyer, mrs. harvey (charlotte annie tate)",Collyer Mrs Harvey Charlotte Annie Tate,"Collyer, Mrs. Harvey (Charlotte Annie Tate)",178
689,"Fischer, Mr. Eberhard Thelander",3,18.0,7.7958,0,3,"fischer, mr. eberhard thelander",Fischer Mr Eberhard Thelander,"Fischer, Mr. Eberhard Thelander",179
223,"Green, Mr. George Henry",3,51.0,8.05,0,3,"green, mr. george henry",Green Mr George Henry,"Green, Mr. George Henry",180
381,"Bidois, Miss. Rosalie",1,42.0,227.525,1,2,"bidois, miss. rosalie",Bidois Miss Rosalie,"Bidois, Miss. Rosalie",181
611,"Andersson, Mrs. Anders Johan (Alfrida Konstantia Brogren)",3,39.0,31.275,0,6,"andersson, mrs. anders johan (alfrida konstantia brogren)",Andersson Mrs Anders Johan Alfrida Konstantia Brogren,"Andersson, Mrs. Anders Johan (Alfrida Konstantia Brogren)",182
858,"Daly, Mr. Peter Denis ",1,51.0,26.55,1,4,"daly, mr. peter denis ",Daly Mr Peter Denis ,"Daly, Mr. Peter Denis",183
189,"Bourke, Mr. John",3,40.0,15.5,0,2,"bourke, mr. john",Bourke Mr John,"Bourke, Mr. John",184
154,"van Billiard, Mr. Austin Blyler",3,40.5,14.5,0,4,"van billiard, mr. austin blyler",van Billiard Mr Austin Blyler,"van Billiard, Mr. Austin Blyler",185
825,"Panula, Master. Urho Abraham",3,2.0,39.6875,0,3,"panula, master. urho abraham",Panula Master Urho Abraham,"Panula, Master. Urho Abraham",186
778,"Emanuel, Miss. Virginia Ethel",3,5.0,12.475,1,3,"emanuel, miss. virginia ethel",Emanuel Miss Virginia Ethel,"Emanuel, Miss. Virginia Ethel",187
231,"Harris, Mrs. Henry Birkhardt (Irene Wallach)",1,35.0,83.475,1,5,"harris, mrs. henry birkhardt (irene wallach)",Harris Mrs Henry Birkhardt Irene Wallach,"Harris, Mrs. Henry Birkhardt (Irene Wallach)",188
567,"Stoytcheff, Mr. Ilia",3,19.0,7.8958,0,2,"stoytcheff, mr. ilia",Stoytcheff Mr Ilia,"Stoytcheff, Mr. Ilia",189
789,"Dean, Master. Bertram Vere",3,1.0,20.575,1,3,"dean, master. bertram vere",Dean Master Bertram Vere,"Dean, Master. Bertram Vere",190
880,"Potter, Mrs. Thomas Jr (Lily Alexenia Wilson)",1,56.0,83.1583,1,6,"potter, mrs. thomas jr (lily alexenia wilson)",Potter Mrs Thomas Jr Lily Alexenia Wilson,"Potter, Mrs. Thomas Jr (Lily Alexenia Wilson)",191
451,"West, Mr. Edwy Arthur",2,36.0,27.75,0,3,"west, mr. edwy arthur",West Mr Edwy Arthur,"West, Mr. Edwy Arthur",192
400,"Trout, Mrs. William H (Jessie L)",2,28.0,12.65,1,5,"trout, mrs. william h (jessie l)",Trout Mrs William H Jessie L,"Trout, Mrs. William H (Jessie L)",193
823,"Reuchlin, Jonkheer. John George",1,38.0,0.0,0,3,"reuchlin, jonkheer. john george",Reuchlin Jonkheer John George,"Reuchlin, Jonkheer. John George",194
178,"Isham, Miss. Ann Elizabeth",1,50.0,28.7125,0,3,"isham, miss. ann elizabeth",Isham Miss Ann Elizabeth,"Isham, Miss. Ann Elizabeth",195
176,"Klasen, Mr. Klas Albin",3,18.0,7.8542,0,3,"klasen, mr. klas albin",Klasen Mr Klas Albin,"Klasen, Mr. Klas Albin",196
866,"Bystrom, Mrs. (Karolina)",2,42.0,13.0,1,2,"bystrom, mrs. (karolina)",Bystrom Mrs Karolina,"Bystrom, Mrs. (Karolina)",197
399,"Pain, Dr. Alfred",2,23.0,10.5,0,2,"pain, dr. alfred",Pain Dr Alfred,"Pain, Dr. Alfred",198
23,"McGowan, Miss. Anna ""Annie""",3,15.0,8.0292,1,3,"mcgowan, miss. anna ""annie""",McGowan Miss Anna Annie,"McGowan, Miss. Anna ""Annie""",199
216,"Newell, Miss. Madeleine",1,31.0,113.275,1,2,"newell, miss. madeleine",Newell Miss Madeleine,"Newell, Miss. Madeleine",200
729,"Bryhl, Mr. Kurt Arnold Gottfrid",2,25.0,26.0,0,4,"bryhl, mr. kurt arnold gottfrid",Bryhl Mr Kurt Arnold Gottfrid,"Bryhl, Mr. Kurt Arnold Gottfrid",201
391,"Carter, Mr. William Ernest",1,36.0,120.0,1,3,"carter, mr. william ernest",Carter Mr William Ernest,"Carter, Mr. William Ernest",202
832,"Richards, Master. George Sibley",2,0.83,18.75,1,3,"richards, master. george sibley",Richards Master George Sibley,"Richards, Master. George Sibley",203
14,"Andersson, Mr. Anders Johan",3,39.0,31.275,0,3,"andersson, mr. anders johan",Andersson Mr Anders Johan,"Andersson, Mr. Anders Johan",204
382,"Nakid, Miss. Maria (""Mary"")",3,1.0,15.7417,1,3,"nakid, miss. maria (""mary"")",Nakid Miss Maria Mary,"Nakid, Miss. Maria (""Mary"")",205
34,"Wheadon, Mr. Edward H",2,66.0,10.5,0,3,"wheadon, mr. edward h",Wheadon Mr Edward H,"Wheadon, Mr. Edward H",206
673,"Mitchell, Mr. Henry Michael",2,70.0,10.5,0,3,"mitchell, mr. henry michael",Mitchell Mr Henry Michael,"Mitchell, Mr. Henry Michael",207
212,"Cameron, Miss. Clear Annie",2,35.0,21.0,1,3,"cameron, miss. clear annie",Cameron Miss Clear Annie,"Cameron, Miss. Clear Annie",208
749,"Marvin, Mr. Daniel Warner",1,19.0,53.1,0,3,"marvin, mr. daniel warner",Marvin Mr Daniel Warner,"Marvin, Mr. Daniel Warner",209
844,"Lemberopolous, Mr. Peter L",3,34.5,6.4375,0,3,"lemberopolous, mr. peter l",Lemberopolous Mr Peter L,"Lemberopolous, Mr. Peter L",210
309,"Abelson, Mr. Samuel",2,30.0,24.0,0,2,"abelson, mr. samuel",Abelson Mr Samuel,"Abelson, Mr. Samuel",211
374,"Ringhini, Mr. Sante",1,22.0,135.6333,0,2,"ringhini, mr. sante",Ringhini Mr Sante,"Ringhini, Mr. Sante",212
821,"Hays, Mrs. Charles Melville (Clara Jennings Gregg)",1,52.0,93.5,1,6,"hays, mrs. charles melville (clara jennings gregg)",Hays Mrs Charles Melville Clara Jennings Gregg,"Hays, Mrs. Charles Melville (Clara Jennings Gregg)",213
340,"Blackwell, Mr. Stephen Weart",1,45.0,35.5,0,3,"blackwell, mr. stephen weart",Blackwell Mr Stephen Weart,"Blackwell, Mr. Stephen Weart",214
194,"Navratil, Master. Michel M",2,3.0,26.0,1,3,"navratil, master. michel m",Navratil Master Michel M,"Navratil, Master. Michel M",215
157,"Gilnagh, Miss. Katherine ""Katie""",3,16.0,7.7333,1,3,"gilnagh, miss. katherine ""katie""",Gilnagh Miss Katherine Katie,"Gilnagh, Miss. Katherine ""Katie""",216
625,"Bowen, Mr. David John ""Dai""",3,21.0,16.1,0,4,"bowen, mr. david john ""dai""",Bowen Mr David John Dai,"Bowen, Mr. David John ""Dai""",217
427,"Clarke, Mrs. Charles V (Ada Maria Winfield)",2,28.0,26.0,1,6,"clarke, mrs. charles v (ada maria winfield)",Clarke Mrs Charles V Ada Maria Winfield,"Clarke, Mrs. Charles V (Ada Maria Winfield)",218
358,"Funk, Miss. Annie Clemmer",2,38.0,13.0,0,3,"funk, miss. annie clemmer",Funk Miss Annie Clemmer,"Funk, Miss. Annie Clemmer",219
143,"Hakkarainen, Mrs. Pekka Pietari (Elin Matilda Dolck)",3,24.0,15.85,1,6,"hakkarainen, mrs. pekka pietari (elin matilda dolck)",Hakkarainen Mrs Pekka Pietari Elin Matilda Dolck,"Hakkarainen, Mrs. Pekka Pietari (Elin Matilda Dolck)",220
687,"Panula, Mr. Jaako Arnold",3,14.0,39.6875,0,3,"panula, mr. jaako arnold",Panula Mr Jaako Arnold,"Panula, Mr. Jaako Arnold",221
217,"Honkanen, Miss. Eliina",3,27.0,7.925,1,2,"honkanen, miss. eliina",Honkanen Miss Eliina,"Honkanen, Miss. Eliina",222
633,"Stahelin-Maeglin, Dr. Max",1,32.0,30.5,1,2,"stahelin-maeglin, dr. max",StahelinMaeglin Dr Max,"Stahelin-Maeglin, Dr. Max",223
578,"Silvey, Mrs. William Baird (Alice Munger)",1,39.0,55.9,1,5,"silvey, mrs. william baird (alice munger)",Silvey Mrs William Baird Alice Munger,"Silvey, Mrs. William Baird (Alice Munger)",224
75,"Bing, Mr. Lee",3,32.0,56.4958,1,2,"bing, mr. lee",Bing Mr Lee,"Bing, Mr. Lee",225
587,"Jarvis, Mr. John Denzil",2,47.0,15.0,0,3,"jarvis, mr. john denzil",Jarvis Mr John Denzil,"Jarvis, Mr. John Denzil",226
277,"Lindblom, Miss. Augusta Charlotta",3,45.0,7.75,0,3,"lindblom, miss. augusta charlotta",Lindblom Miss Augusta Charlotta,"Lindblom, Miss. Augusta Charlotta",227
349,"Coutts, Master. William Loch ""William""",3,3.0,15.9,1,4,"coutts, master. william loch ""william""",Coutts Master William Loch William,"Coutts, Master. William Loch ""William""",228
21,"Fynney, Mr. Joseph J",2,35.0,26.0,0,3,"fynney, mr. joseph j",Fynney Mr Joseph J,"Fynney, Mr. Joseph J",229
537,"Butt, Major. Archibald Willingham",1,45.0,26.55,0,3,"butt, major. archibald willingham",Butt Major Archibald Willingham,"Butt, Major. Archibald Willingham",230
401,"Niskanen, Mr. Juha",3,39.0,7.925,1,2,"niskanen, mr. juha",Niskanen Mr Juha,"Niskanen, Mr. Juha",231
319,"Wick, Miss. Mary Natalie",1,31.0,164.8667,1,3,"wick, miss. mary natalie",Wick Miss Mary Natalie,"Wick, Miss. Mary Natalie",232
551,"Thayer, Mr. John Borland Jr",1,17.0,110.8833,1,4,"thayer, mr. john borland jr",Thayer Mr John Borland Jr,"Thayer, Mr. John Borland Jr",233
856,"Aks, Mrs. Sam (Leah Rosen)",3,18.0,9.35,1,4,"aks, mrs. sam (leah rosen)",Aks Mrs Sam Leah Rosen,"Aks, Mrs. Sam (Leah Rosen)",234
237,"Hold, Mr. Stephen",2,44.0,26.0,0,2,"hold, mr. stephen",Hold Mr Stephen,"Hold, Mr. Stephen",235
743,"Ryerson, Miss. Susan Parker ""Suzette""",1,21.0,262.375,1,4,"ryerson, miss. susan parker ""suzette""",Ryerson Miss Susan Parker Suzette,"Ryerson, Miss. Susan Parker ""Suzette""",236
792,"Gaskell, Mr. Alfred",2,16.0,26.0,0,2,"gaskell, mr. alfred",Gaskell Mr Alfred,"Gaskell, Mr. Alfred",237
490,"Coutts, Master. Eden Leslie ""Neville""",3,9.0,15.9,1,4,"coutts, master. eden leslie ""neville""",Coutts Master Eden Leslie Neville,"Coutts, Master. Eden Leslie ""Neville""",238
120,"Andersson, Miss. Ellis Anna Maria",3,2.0,31.275,0,4,"andersson, miss. ellis anna maria",Andersson Miss Ellis Anna Maria,"Andersson, Miss. Ellis Anna Maria",239
225,"Hoyt, Mr. Frederick Maxfield",1,38.0,90.0,1,3,"hoyt, mr. frederick maxfield",Hoyt Mr Frederick Maxfield,"Hoyt, Mr. Frederick Maxfield",240
378,"Widener, Mr. Harry Elkins",1,27.0,211.5,0,3,"widener, mr. harry elkins",Widener Mr Harry Elkins,"Widener, Mr. Harry Elkins",241
566,"Davies, Mr. Alfred J",3,24.0,24.15,0,3,"davies, mr. alfred j",Davies Mr Alfred J,"Davies, Mr. Alfred J",242
727,"Renouf, Mrs. Peter Henry (Lillian Jefferys)",2,30.0,21.0,1,5,"renouf, mrs. peter henry (lillian jefferys)",Renouf Mrs Peter Henry Lillian Jefferys,"Renouf, Mrs. Peter Henry (Lillian Jefferys)",243
629,"Bostandyeff, Mr. Guentcho",3,26.0,7.8958,0,2,"bostandyeff, mr. guentcho",Bostandyeff Mr Guentcho,"Bostandyeff, Mr. Guentcho",244
627,"Kirkland, Rev. Charles Leonard",2,57.0,12.35,0,3,"kirkland, rev. charles leonard",Kirkland Rev Charles Leonard,"Kirkland, Rev. Charles Leonard",245
790,"Guggenheim, Mr. Benjamin",1,46.0,79.2,0,2,"guggenheim, mr. benjamin",Guggenheim Mr Benjamin,"Guggenheim, Mr. Benjamin",246
568,"Palsson, Mrs. Nils (Alma Cornelia Berglund)",3,29.0,21.075,0,5,"palsson, mrs. nils (alma cornelia berglund)",Palsson Mrs Nils Alma Cornelia Berglund,"Palsson, Mrs. Nils (Alma Cornelia Berglund)",247
7,"McCarthy, Mr. Timothy J",1,54.0,51.8625,0,3,"mccarthy, mr. timothy j",McCarthy Mr Timothy J,"McCarthy, Mr. Timothy J",248
875,"Abelson, Mrs. Samuel (Hannah Wizosky)",2,28.0,24.0,1,4,"abelson, mrs. samuel (hannah wizosky)",Abelson Mrs Samuel Hannah Wizosky,"Abelson, Mrs. Samuel (Hannah Wizosky)",249
61,"Sirayanian, Mr. Orsen",3,22.0,7.2292,0,2,"sirayanian, mr. orsen",Sirayanian Mr Orsen,"Sirayanian, Mr. Orsen",250
883,"Dahlberg, Miss. Gerda Ulrika",3,22.0,10.5167,0,3,"dahlberg, miss. gerda ulrika",Dahlberg Miss Gerda Ulrika,"Dahlberg, Miss. Gerda Ulrika",251
682,"Hassab, Mr. Hammad",1,27.0,76.7292,1,2,"hassab, mr. hammad",Hassab Mr Hammad,"Hassab, Mr. Hammad",252
214,"Givard, Mr. Hans Kristensen",2,30.0,13.0,0,3,"givard, mr. hans kristensen",Givard Mr Hans Kristensen,"Givard, Mr. Hans Kristensen",253
19,"Vander Planke, Mrs. Julius (Emelia Maria Vandemoortele)",3,31.0,18.0,0,6,"vander planke, mrs. julius (emelia maria vandemoortele)",Vander Planke Mrs Julius Emelia Maria Vandemoortele,"Vander Planke, Mrs. Julius (Emelia Maria Vandemoortele)",254
64,"Skoog, Master. Harald",3,4.0,27.9,0,2,"skoog, master. harald",Skoog Master Harald,"Skoog, Master. Harald",255
863,"Swift, Mrs. Frederick Joel (Margaret Welles Barron)",1,48.0,25.9292,1,6,"swift, mrs. frederick joel (margaret welles barron)",Swift Mrs Frederick Joel Margaret Welles Barron,"Swift, Mrs. Frederick Joel (Margaret Welles Barron)",256
818,"Mallet, Mr. Albert",2,31.0,37.0042,0,2,"mallet, mr. albert",Mallet Mr Albert,"Mallet, Mr. Albert",257
4,"Futrelle, Mrs. Jacques Heath (Lily May Peel)",1,35.0,53.1,1,6,"futrelle, mrs. jacques heath (lily may peel)",Futrelle Mrs Jacques Heath Lily May Peel,"Futrelle, Mrs. Jacques Heath (Lily May Peel)",258
595,"Chapman, Mr. John Henry",2,37.0,26.0,0,3,"chapman, mr. john henry",Chapman Mr John Henry,"Chapman, Mr. John Henry",259
545,"Douglas, Mr. Walter Donald",1,50.0,106.425,0,3,"douglas, mr. walter donald",Douglas Mr Walter Donald,"Douglas, Mr. Walter Donald",260
395,"Sandstrom, Mrs. Hjalmar (Agnes Charlotta Bengtsson)",3,24.0,16.7,1,5,"sandstrom, mrs. hjalmar (agnes charlotta bengtsson)",Sandstrom Mrs Hjalmar Agnes Charlotta Bengtsson,"Sandstrom, Mrs. Hjalmar (Agnes Charlotta Bengtsson)",261
822,"Lulic, Mr. Nikola",3,27.0,8.6625,1,2,"lulic, mr. nikola",Lulic Mr Nikola,"Lulic, Mr. Nikola",262
353,"Elias, Mr. Tannous",3,15.0,7.2292,0,2,"elias, mr. tannous",Elias Mr Tannous,"Elias, Mr. Tannous",263
123,"Nasser, Mr. Nicholas",2,32.5,30.0708,0,2,"nasser, mr. nicholas",Nasser Mr Nicholas,"Nasser, Mr. Nicholas",264
356,"Vanden Steen, Mr. Leo Peter",3,28.0,9.5,0,4,"vanden steen, mr. leo peter",Vanden Steen Mr Leo Peter,"Vanden Steen, Mr. Leo Peter",265
626,"Sutton, Mr. Frederick",1,61.0,32.3208,0,2,"sutton, mr. frederick",Sutton Mr Frederick,"Sutton, Mr. Frederick",266
281,"Duane, Mr. Frank",3,65.0,7.75,0,2,"duane, mr. frank",Duane Mr Frank,"Duane, Mr. Frank",267
35,"Meyer, Mr. Edgar Joseph",1,28.0,82.1708,0,3,"meyer, mr. edgar joseph",Meyer Mr Edgar Joseph,"Meyer, Mr. Edgar Joseph",268
855,"Carter, Mrs. Ernest Courtenay (Lilian Hughes)",2,44.0,26.0,0,5,"carter, mrs. ernest courtenay (lilian hughes)",Carter Mrs Ernest Courtenay Lilian Hughes,"Carter, Mrs. Ernest Courtenay (Lilian Hughes)",269
328,"Ball, Mrs. (Ada E Hall)",2,36.0,13.0,1,4,"ball, mrs. (ada e hall)",Ball Mrs Ada E Hall,"Ball, Mrs. (Ada E Hall)",270
68,"Crease, Mr. Ernest James",3,19.0,8.1583,0,3,"crease, mr. ernest james",Crease Mr Ernest James,"Crease, Mr. Ernest James",271
454,"Goldenberg, Mr. Samuel L",1,49.0,89.1042,1,3,"goldenberg, mr. samuel l",Goldenberg Mr Samuel L,"Goldenberg, Mr. Samuel L",272
286,"Stankovic, Mr. Ivan",3,33.0,8.6625,0,2,"stankovic, mr. ivan",Stankovic Mr Ivan,"Stankovic, Mr. Ivan",273
52,"Nosworthy, Mr. Richard Cater",3,21.0,7.8,0,3,"nosworthy, mr. richard cater",Nosworthy Mr Richard Cater,"Nosworthy, Mr. Richard Cater",274
198,"Olsen, Mr. Karl Siegwart Andreas",3,42.0,8.4042,0,4,"olsen, mr. karl siegwart andreas",Olsen Mr Karl Siegwart Andreas,"Olsen, Mr. Karl Siegwart Andreas",275
294,"Haas, Miss. Aloisia",3,24.0,8.85,0,2,"haas, miss. aloisia",Haas Miss Aloisia,"Haas, Miss. Aloisia",276
857,"Wick, Mrs. George Dennick (Mary Hitchcock)",1,45.0,164.8667,1,5,"wick, mrs. george dennick (mary hitchcock)",Wick Mrs George Dennick Mary Hitchcock,"Wick, Mrs. George Dennick (Mary Hitchcock)",277
470,"Baclini, Miss. Helene Barbara",3,0.75,19.2583,1,3,"baclini, miss. helene barbara",Baclini Miss Helene Barbara,"Baclini, Miss. Helene Barbara",278
463,"Gee, Mr. Arthur H",1,47.0,38.5,0,3,"gee, mr. arthur h",Gee Mr Arthur H,"Gee, Mr. Arthur H",279
219,"Bazzani, Miss. Albina",1,32.0,76.2917,1,2,"bazzani, miss. albina",Bazzani Miss Albina,"Bazzani, Miss. Albina",280
759,"Theobald, Mr. Thomas Leonard",3,34.0,8.05,0,3,"theobald, mr. thomas leonard",Theobald Mr Thomas Leonard,"Theobald, Mr. Thomas Leonard",281
637,"Leinonen, Mr. Antti Gustaf",3,32.0,7.925,0,3,"leinonen, mr. antti gustaf",Leinonen Mr Antti Gustaf,"Leinonen, Mr. Antti Gustaf",282
666,"Hickman, Mr. Lewis",2,32.0,73.5,0,2,"hickman, mr. lewis",Hickman Mr Lewis,"Hickman, Mr. Lewis",283
243,"Coleridge, Mr. Reginald Charles",2,29.0,10.5,0,3,"coleridge, mr. reginald charles",Coleridge Mr Reginald Charles,"Coleridge, Mr. Reginald Charles",284
762,"Nirva, Mr. Iisakki Antino Aijo",3,41.0,7.125,0,4,"nirva, mr. iisakki antino aijo",Nirva Mr Iisakki Antino Aijo,"Nirva, Mr. Iisakki Antino Aijo",285
772,"Jensen, Mr. Niels Peder",3,48.0,7.8542,0,3,"jensen, mr. niels peder",Jensen Mr Niels Peder,"Jensen, Mr. Niels Peder",286
562,"Sivic, Mr. Husein",3,40.0,7.8958,0,2,"sivic, mr. husein",Sivic Mr Husein,"Sivic, Mr. Husein",287
881,"Shelley, Mrs. William (Imanita Parrish Hall)",2,25.0,26.0,1,5,"shelley, mrs. william (imanita parrish hall)",Shelley Mrs William Imanita Parrish Hall,"Shelley, Mrs. William (Imanita Parrish Hall)",288
593,"Elsbury, Mr. William James",3,47.0,7.25,0,3,"elsbury, mr. william james",Elsbury Mr William James,"Elsbury, Mr. William James",289
862,"Giles, Mr. Frederick Edward",2,21.0,11.5,0,3,"giles, mr. frederick edward",Giles Mr Frederick Edward,"Giles, Mr. Frederick Edward",290
748,"Sinkkonen, Miss. Anna",2,30.0,13.0,1,2,"sinkkonen, miss. anna",Sinkkonen Miss Anna,"Sinkkonen, Miss. Anna",291
770,"Gronnestad, Mr. Daniel Danielsen",3,32.0,8.3625,0,3,"gronnestad, mr. daniel danielsen",Gronnestad Mr Daniel Danielsen,"Gronnestad, Mr. Daniel Danielsen",292
89,"Fortune, Miss. Mabel Helen",1,23.0,263.0,1,3,"fortune, miss. mabel helen",Fortune Miss Mabel Helen,"Fortune, Miss. Mabel Helen",293
584,"Ross, Mr. John Hugo",1,36.0,40.125,0,3,"ross, mr. john hugo",Ross Mr John Hugo,"Ross, Mr. John Hugo",294
211,"Ali, Mr. Ahmed",3,24.0,7.05,0,2,"ali, mr. ahmed",Ali Mr Ahmed,"Ali, Mr. Ahmed",295
592,"Stephenson, Mrs. Walter Bertram (Martha Eustis)",1,52.0,78.2667,1,5,"stephenson, mrs. walter bertram (martha eustis)",Stephenson Mrs Walter Bertram Martha Eustis,"Stephenson, Mrs. Walter Bertram (Martha Eustis)",296
205,"Cohen, Mr. Gurshon ""Gus""",3,18.0,8.05,1,3,"cohen, mr. gurshon ""gus""",Cohen Mr Gurshon Gus,"Cohen, Mr. Gurshon ""Gus""",297
387,"Goodwin, Master. Sidney Leonard",3,1.0,46.9,0,3,"goodwin, master. sidney leonard",Goodwin Master Sidney Leonard,"Goodwin, Master. Sidney Leonard",298
240,"Hunt, Mr. George Henry",2,33.0,12.275,0,3,"hunt, mr. george henry",Hunt Mr George Henry,"Hunt, Mr. George Henry",299
635,"Skoog, Miss. Mabel",3,9.0,27.9,0,2,"skoog, miss. mabel",Skoog Miss Mabel,"Skoog, Miss. Mabel",300
456,"Jalsevac, Mr. Ivan",3,29.0,7.8958,1,2,"jalsevac, mr. ivan",Jalsevac Mr Ivan,"Jalsevac, Mr. Ivan",301
481,"Goodwin, Master. Harold Victor",3,9.0,46.9,0,3,"goodwin, master. harold victor",Goodwin Master Harold Victor,"Goodwin, Master. Harold Victor",302
807,"Andrews, Mr. Thomas Jr",1,39.0,0.0,0,3,"andrews, mr. thomas jr",Andrews Mr Thomas Jr,"Andrews, Mr. Thomas Jr",303
653,"Kalvik, Mr. Johannes Halvorsen",3,21.0,8.4333,0,3,"kalvik, mr. johannes halvorsen",Kalvik Mr Johannes Halvorsen,"Kalvik, Mr. Johannes Halvorsen",304
192,"Carbines, Mr. William",2,19.0,13.0,0,2,"carbines, mr. william",Carbines Mr William,"Carbines, Mr. William",305
696,"Chapman, Mr. Charles Henry",2,52.0,13.5,0,3,"chapman, mr. charles henry",Chapman Mr Charles Henry,"Chapman, Mr. Charles Henry",306
735,"Troupiansky, Mr. Moses Aaron",2,23.0,13.0,0,3,"troupiansky, mr. moses aaron",Troupiansky Mr Moses Aaron,"Troupiansky, Mr. Moses Aaron",307
282,"Olsson, Mr. Nils Johan Goransson",3,28.0,7.8542,0,4,"olsson, mr. nils johan goransson",Olsson Mr Nils Johan Goransson,"Olsson, Mr. Nils Johan Goransson",308
607,"Karaic, Mr. Milan",3,30.0,7.8958,0,2,"karaic, mr. milan",Karaic Mr Milan,"Karaic, Mr. Milan",309
718,"Troutt, Miss. Edwina Celia ""Winnie""",2,27.0,10.5,1,4,"troutt, miss. edwina celia ""winnie""",Troutt Miss Edwina Celia Winnie,"Troutt, Miss. Edwina Celia ""Winnie""",310
132,"Coelho, Mr. Domingos Fernandeo",3,20.0,7.05,0,3,"coelho, mr. domingos fernandeo",Coelho Mr Domingos Fernandeo,"Coelho, Mr. Domingos Fernandeo",311
531,"Quick, Miss. Phyllis May",2,2.0,26.0,1,3,"quick, miss. phyllis may",Quick Miss Phyllis May,"Quick, Miss. Phyllis May",312
529,"Salonen, Mr. Johan Werner",3,39.0,7.925,0,3,"salonen, mr. johan werner",Salonen Mr Johan Werner,"Salonen, Mr. Johan Werner",313
703,"Barbara, Miss. Saiide",3,18.0,14.4542,0,2,"barbara, miss. saiide",Barbara Miss Saiide,"Barbara, Miss. Saiide",314
730,"Ilmakangas, Miss. Pieta Sofia",3,25.0,7.925,0,3,"ilmakangas, miss. pieta sofia",Ilmakangas Miss Pieta Sofia,"Ilmakangas, Miss. Pieta Sofia",315
97,"Goldschmidt, Mr. George B",1,71.0,34.6542,0,3,"goldschmidt, mr. george b",Goldschmidt Mr George B,"Goldschmidt, Mr. George B",316
145,"Andrew, Mr. Edgardo Samuel",2,18.0,11.5,0,3,"andrew, mr. edgardo samuel",Andrew Mr Edgardo Samuel,"Andrew, Mr. Edgardo Samuel",317
513,"McGough, Mr. James Robert",1,36.0,26.2875,1,3,"mcgough, mr. james robert",McGough Mr James Robert,"McGough, Mr. James Robert",318
861,"Hansen, Mr. Claus Peter",3,41.0,14.1083,0,3,"hansen, mr. claus peter",Hansen Mr Claus Peter,"Hansen, Mr. Claus Peter",319
149,"Navratil, Mr. Michel (""Louis M Hoffman"")",2,36.5,26.0,0,5,"navratil, mr. michel (""louis m hoffman"")",Navratil Mr Michel Louis M Hoffman,"Navratil, Mr. Michel (""Louis M Hoffman"")",320
71,"Jenkin, Mr. Stephen Curnow",2,32.0,10.5,0,3,"jenkin, mr. stephen curnow",Jenkin Mr Stephen Curnow,"Jenkin, Mr. Stephen Curnow",321
191,"Pinsky, Mrs. (Rosa)",2,32.0,13.0,1,2,"pinsky, mrs. (rosa)",Pinsky Mrs Rosa,"Pinsky, Mrs. (Rosa)",322
507,"Quick, Mrs. Frederick Charles (Jane Richards)",2,33.0,26.0,1,5,"quick, mrs. frederick charles (jane richards)",Quick Mrs Frederick Charles Jane Richards,"Quick, Mrs. Frederick Charles (Jane Richards)",323
843,"Serepeca, Miss. Augusta",1,30.0,31.0,1,2,"serepeca, miss. augusta",Serepeca Miss Augusta,"Serepeca, Miss. Augusta",324
258,"Cherry, Miss. Gladys",1,30.0,86.5,1,2,"cherry, miss. gladys",Cherry Miss Gladys,"Cherry, Miss. Gladys",325
608,"Daniel, Mr. Robert Williams",1,27.0,30.5,1,3,"daniel, mr. robert williams",Daniel Mr Robert Williams,"Daniel, Mr. Robert Williams",326
647,"Cor, Mr. Liudevit",3,19.0,7.8958,0,2,"cor, mr. liudevit",Cor Mr Liudevit,"Cor, Mr. Liudevit",327
766,"Hogeboom, Mrs. John C (Anna Andrews)",1,51.0,77.9583,1,5,"hogeboom, mrs. john c (anna andrews)",Hogeboom Mrs John C Anna Andrews,"Hogeboom, Mrs. John C (Anna Andrews)",328
695,"Weir, Col. John",1,60.0,26.55,0,2,"weir, col. john",Weir Col John,"Weir, Col. John",329
10,"Nasser, Mrs. Nicholas (Adele Achem)",2,14.0,30.0708,1,4,"nasser, mrs. nicholas (adele achem)",Nasser Mrs Nicholas Adele Achem,"Nasser, Mrs. Nicholas (Adele Achem)",330
726,"Oreskovic, Mr. Luka",3,20.0,8.6625,0,2,"oreskovic, mr. luka",Oreskovic Mr Luka,"Oreskovic, Mr. Luka",331
51,"Panula, Master. Juha Niilo",3,7.0,39.6875,0,3,"panula, master. juha niilo",Panula Master Juha Niilo,"Panula, Master. Juha Niilo",332
572,"Appleton, Mrs. Edward Dale (Charlotte Lamson)",1,53.0,51.4792,1,5,"appleton, mrs. edward dale (charlotte lamson)",Appleton Mrs Edward Dale Charlotte Lamson,"Appleton, Mrs. Edward Dale (Charlotte Lamson)",333
174,"Sivola, Mr. Antti Wilhelm",3,21.0,7.925,0,3,"sivola, mr. antti wilhelm",Sivola Mr Antti Wilhelm,"Sivola, Mr. Antti Wilhelm",334
317,"Kantor, Mrs. Sinai (Miriam Sternin)",2,24.0,26.0,1,4,"kantor, mrs. sinai (miriam sternin)",Kantor Mrs Sinai Miriam Sternin,"Kantor, Mrs. Sinai (Miriam Sternin)",335
380,"Gustafsson, Mr. Karl Gideon",3,19.0,7.775,0,3,"gustafsson, mr. karl gideon",Gustafsson Mr Karl Gideon,"Gustafsson, Mr. Karl Gideon",336
679,"Goodwin, Mrs. Frederick (Augusta Tyler)",3,43.0,46.9,0,4,"goodwin, mrs. frederick (augusta tyler)",Goodwin Mrs Frederick Augusta Tyler,"Goodwin, Mrs. Frederick (Augusta Tyler)",337
683,"Olsvigen, Mr. Thor Anderson",3,20.0,9.225,0,3,"olsvigen, mr. thor anderson",Olsvigen Mr Thor Anderson,"Olsvigen, Mr. Thor Anderson",338
461,"Anderson, Mr. Harry",1,48.0,26.55,1,2,"anderson, mr. harry",Anderson Mr Harry,"Anderson, Mr. Harry",339
79,"Caldwell, Master. Alden Gates",2,0.83,29.0,1,3,"caldwell, master. alden gates",Caldwell Master Alden Gates,"Caldwell, Master. Alden Gates",340
140,"Giglio, Mr. Victor",1,24.0,79.2,0,2,"giglio, mr. victor",Giglio Mr Victor,"Giglio, Mr. Victor",341
650,"Stanley, Miss. Amy Zillah Elsie",3,23.0,7.55,1,4,"stanley, miss. amy zillah elsie",Stanley Miss Amy Zillah Elsie,"Stanley, Miss. Amy Zillah Elsie",342
661,"Frauenthal, Dr. Henry William",1,50.0,133.65,1,3,"frauenthal, dr. henry william",Frauenthal Dr Henry William,"Frauenthal, Dr. Henry William",343
799,"Ibrahim Shawah, Mr. Yousseff",3,30.0,7.2292,0,3,"ibrahim shawah, mr. yousseff",Ibrahim Shawah Mr Yousseff,"Ibrahim Shawah, Mr. Yousseff",344
327,"Nysveen, Mr. Johan Hansen",3,61.0,6.2375,0,3,"nysveen, mr. johan hansen",Nysveen Mr Johan Hansen,"Nysveen, Mr. Johan Hansen",345
834,"Augustsson, Mr. Albert",3,23.0,7.8542,0,2,"augustsson, mr. albert",Augustsson Mr Albert,"Augustsson, Mr. Albert",346
373,"Beavan, Mr. William Thomas",3,19.0,8.05,0,3,"beavan, mr. william thomas",Beavan Mr William Thomas,"Beavan, Mr. William Thomas",347
606,"Lindell, Mr. Edvard Bengtsson",3,36.0,15.55,0,3,"lindell, mr. edvard bengtsson",Lindell Mr Edvard Bengtsson,"Lindell, Mr. Edvard Bengtsson",348
521,"Perreault, Miss. Anne",1,30.0,93.5,1,2,"perreault, miss. anne",Perreault Miss Anne,"Perreault, Miss. Anne",349
190,"Turcin, Mr. Stjepan",3,36.0,7.8958,0,2,"turcin, mr. stjepan",Turcin Mr Stjepan,"Turcin, Mr. Stjepan",350
546,"Nicholson, Mr. Arthur Ernest",1,64.0,26.0,0,3,"nicholson, mr. arthur ernest",Nicholson Mr Arthur Ernest,"Nicholson, Mr. Arthur Ernest",351
846,"Abbing, Mr. Anthony",3,42.0,7.55,0,2,"abbing, mr. anthony",Abbing Mr Anthony,"Abbing, Mr. Anthony",352
555,"Ohman, Miss. Velin",3,22.0,7.775,1,2,"ohman, miss. velin",Ohman Miss Velin,"Ohman, Miss. Velin",353
851,"Andersson, Master. Sigvard Harald Elias",3,4.0,31.275,0,4,"andersson, master. sigvard harald elias",Andersson Master Sigvard Harald Elias,"Andersson, Master. Sigvard Harald Elias",354
332,"Partner, Mr. Austen",1,45.5,28.5,0,2,"partner, mr. austen",Partner Mr Austen,"Partner, Mr. Austen",355
781,"Ayoub, Miss. Banoura",3,13.0,7.2292,1,2,"ayoub, miss. banoura",Ayoub Miss Banoura,"Ayoub, Miss. Banoura",356
448,"Seward, Mr. Frederic Kimber",1,34.0,26.55,1,3,"seward, mr. frederic kimber",Seward Mr Frederic Kimber,"Seward, Mr. Frederic Kimber",357
797,"Leader, Dr. Alice (Farnham)",1,49.0,25.9292,1,3,"leader, dr. alice (farnham)",Leader Dr Alice Farnham,"Leader, Dr. Alice (Farnham)",358
53,"Harper, Mrs. Henry Sleeper (Myna Haxtun)",1,49.0,76.7292,1,5,"harper, mrs. henry sleeper (myna haxtun)",Harper Mrs Henry Sleeper Myna Haxtun,"Harper, Mrs. Henry Sleeper (Myna Haxtun)",359
158,"Corn, Mr. Harry",3,30.0,8.05,0,2,"corn, mr. harry",Corn Mr Harry,"Corn, Mr. Harry",360
535,"Cacic, Miss. Marija",3,30.0,8.6625,0,2,"cacic, miss. marija",Cacic Miss Marija,"Cacic, Miss. Marija",361
524,"Hippach, Mrs. Louis Albert (Ida Sophia Fischer)",1,44.0,57.9792,1,6,"hippach, mrs. louis albert (ida sophia fischer)",Hippach Mrs Louis Albert Ida Sophia Fischer,"Hippach, Mrs. Louis Albert (Ida Sophia Fischer)",362
620,"Gavey, Mr. Lawrence",2,26.0,10.5,0,2,"gavey, mr. lawrence",Gavey Mr Lawrence,"Gavey, Mr. Lawrence",363
384,"Holverson, Mrs. Alexander Oskar (Mary Aline Towner)",1,35.0,52.0,1,6,"holverson, mrs. alexander oskar (mary aline towner)",Holverson Mrs Alexander Oskar Mary Aline Towner,"Holverson, Mrs. Alexander Oskar (Mary Aline Towner)",364
247,"Lindahl, Miss. Agda Thorilda Viktoria",3,25.0,7.775,0,4,"lindahl, miss. agda thorilda viktoria",Lindahl Miss Agda Thorilda Viktoria,"Lindahl, Miss. Agda Thorilda Viktoria",365
439,"Fortune, Mr. Mark",1,64.0,263.0,0,2,"fortune, mr. mark",Fortune Mr Mark,"Fortune, Mr. Mark",366
185,"Kink-Heilmann, Miss. Luise Gretchen",3,4.0,22.025,1,3,"kink-heilmann, miss. luise gretchen",KinkHeilmann Miss Luise Gretchen,"Kink-Heilmann, Miss. Luise Gretchen",367
184,"Becker, Master. Richard F",2,1.0,39.0,1,3,"becker, master. richard f",Becker Master Richard F,"Becker, Master. Richard F",368
662,"Badt, Mr. Mohamed",3,40.0,7.225,0,2,"badt, mr. mohamed",Badt Mr Mohamed,"Badt, Mr. Mohamed",369
871,"Balkic, Mr. Cerin",3,26.0,7.8958,0,2,"balkic, mr. cerin",Balkic Mr Cerin,"Balkic, Mr. Cerin",370
678,"Turja, Miss. Anna Sofia",3,18.0,9.8417,1,3,"turja, miss. anna sofia",Turja Miss Anna Sofia,"Turja, Miss. Anna Sofia",371
436,"Carter, Miss. Lucile Polk",1,14.0,120.0,1,3,"carter, miss. lucile polk",Carter Miss Lucile Polk,"Carter, Miss. Lucile Polk",372
586,"Taussig, Miss. Ruth",1,18.0,79.65,1,2,"taussig, miss. ruth",Taussig Miss Ruth,"Taussig, Miss. Ruth",373
404,"Hakkarainen, Mr. Pekka Pietari",3,28.0,15.85,0,3,"hakkarainen, mr. pekka pietari",Hakkarainen Mr Pekka Pietari,"Hakkarainen, Mr. Pekka Pietari",374
232,"Larsson, Mr. Bengt Edvin",3,29.0,7.775,0,3,"larsson, mr. bengt edvin",Larsson Mr Bengt Edvin,"Larsson, Mr. Bengt Edvin",375
153,"Meo, Mr. Alfonzo",3,55.5,8.05,0,2,"meo, mr. alfonzo",Meo Mr Alfonzo,"Meo, Mr. Alfonzo",376
760,"Rothes, the Countess. of (Lucy Noel Martha Dyer-Edwards)",1,33.0,86.5,1,7,"rothes, the countess. of (lucy noel martha dyer-edwards)",Rothes the Countess of Lucy Noel Martha DyerEdwards,"Rothes, the Countess. of (Lucy Noel Martha Dyer-Edwards)",377
179,"Hale, Mr. Reginald",2,30.0,13.0,0,2,"hale, mr. reginald",Hale Mr Reginald,"Hale, Mr. Reginald",378
852,"Svensson, Mr. Johan",3,74.0,7.775,0,2,"svensson, mr. johan",Svensson Mr Johan,"Svensson, Mr. Johan",379
246,"Minahan, Dr. William Edward",1,44.0,90.0,0,3,"minahan, dr. william edward",Minahan Dr William Edward,"Minahan, Dr. William Edward",380
347,"Smith, Miss. Marion Elsie",2,40.0,13.0,1,3,"smith, miss. marion elsie",Smith Miss Marion Elsie,"Smith, Miss. Marion Elsie",381
367,"Warren, Mrs. Frank Manley (Anna Sophia Atkinson)",1,60.0,75.25,1,6,"warren, mrs. frank manley (anna sophia atkinson)",Warren Mrs Frank Manley Anna Sophia Atkinson,"Warren, Mrs. Frank Manley (Anna Sophia Atkinson)",382
504,"Laitinen, Miss. Kristina Sofia",3,37.0,9.5875,0,3,"laitinen, miss. kristina sofia",Laitinen Miss Kristina Sofia,"Laitinen, Miss. Kristina Sofia",383
152,"Pears, Mrs. Thomas (Edith Wearne)",1,22.0,66.6,1,4,"pears, mrs. thomas (edith wearne)",Pears Mrs Thomas Edith Wearne,"Pears, Mrs. Thomas (Edith Wearne)",384
228,"Lovell, Mr. John Hall (""Henry"")",3,20.5,7.25,0,4,"lovell, mr. john hall (""henry"")",Lovell Mr John Hall Henry,"Lovell, Mr. John Hall (""Henry"")",385
252,"Strom, Mrs. Wilhelm (Elna Matilda Persson)",3,29.0,10.4625,0,5,"strom, mrs. wilhelm (elna matilda persson)",Strom Mrs Wilhelm Elna Matilda Persson,"Strom, Mrs. Wilhelm (Elna Matilda Persson)",386
552,"Sharp, Mr. Percival James R",2,27.0,26.0,0,4,"sharp, mr. percival james r",Sharp Mr Percival James R,"Sharp, Mr. Percival James R",387
310,"Francatelli, Miss. Laura Mabel",1,30.0,56.9292,1,3,"francatelli, miss. laura mabel",Francatelli Miss Laura Mabel,"Francatelli, Miss. Laura Mabel",388
522,"Vovk, Mr. Janko",3,22.0,7.8958,0,2,"vovk, mr. janko",Vovk Mr Janko,"Vovk, Mr. Janko",389
796,"Otter, Mr. Richard",2,39.0,13.0,0,2,"otter, mr. richard",Otter Mr Richard,"Otter, Mr. Richard",390
162,"Watt, Mrs. James (Elizabeth ""Bessie"" Inglis Milne)",2,40.0,15.75,1,6,"watt, mrs. james (elizabeth ""bessie"" inglis milne)",Watt Mrs James Elizabeth Bessie Inglis Milne,"Watt, Mrs. James (Elizabeth ""Bessie"" Inglis Milne)",391
506,"Penasco y Castellana, Mr. Victor de Satode",1,18.0,108.9,0,6,"penasco y castellana, mr. victor de satode",Penasco y Castellana Mr Victor de Satode,"Penasco y Castellana, Mr. Victor de Satode",392
848,"Markoff, Mr. Marin",3,35.0,7.8958,0,2,"markoff, mr. marin",Markoff Mr Marin,"Markoff, Mr. Marin",393
700,"Humblen, Mr. Adolf Mathias Nicolai Olsen",3,42.0,7.65,0,5,"humblen, mr. adolf mathias nicolai olsen",Humblen Mr Adolf Mathias Nicolai Olsen,"Humblen, Mr. Adolf Mathias Nicolai Olsen",394
273,"Mellinger, Mrs. (Elizabeth Anne Maidment)",2,41.0,19.5,1,4,"mellinger, mrs. (elizabeth anne maidment)",Mellinger Mrs Elizabeth Anne Maidment,"Mellinger, Mrs. (Elizabeth Anne Maidment)",395
812,"Lester, Mr. James",3,39.0,24.15,0,2,"lester, mr. james",Lester Mr James,"Lester, Mr. James",396
686,"Laroche, Mr. Joseph Philippe Lemercier",2,25.0,41.5792,0,4,"laroche, mr. joseph philippe lemercier",Laroche Mr Joseph Philippe Lemercier,"Laroche, Mr. Joseph Philippe Lemercier",397
815,"Tomlin, Mr. Ernest Portage",3,30.5,8.05,0,3,"tomlin, mr. ernest portage",Tomlin Mr Ernest Portage,"Tomlin, Mr. Ernest Portage",398
694,"Saad, Mr. Khalil",3,25.0,7.225,0,2,"saad, mr. khalil",Saad Mr Khalil,"Saad, Mr. Khalil",399
485,"Bishop, Mr. Dickinson H",1,25.0,91.0792,1,3,"bishop, mr. dickinson h",Bishop Mr Dickinson H,"Bishop, Mr. Dickinson H",400
865,"Gill, Mr. John William",2,24.0,13.0,0,3,"gill, mr. john william",Gill Mr John William,"Gill, Mr. John William",401
645,"Baclini, Miss. Eugenie",3,0.75,19.2583,1,2,"baclini, miss. eugenie",Baclini Miss Eugenie,"Baclini, Miss. Eugenie",402
333,"Graham, Mr. George Edward",1,38.0,153.4625,0,3,"graham, mr. george edward",Graham Mr George Edward,"Graham, Mr. George Edward",403
556,"Wright, Mr. George",1,62.0,26.55,0,2,"wright, mr. george",Wright Mr George,"Wright, Mr. George",404
628,"Longley, Miss. Gretchen Fiske",1,21.0,77.9583,1,3,"longley, miss. gretchen fiske",Longley Miss Gretchen Fiske,"Longley, Miss. Gretchen Fiske",405
142,"Nysten, Miss. Anna Sofia",3,22.0,7.75,1,3,"nysten, miss. anna sofia",Nysten Miss Anna Sofia,"Nysten, Miss. Anna Sofia",406
289,"Hosono, Mr. Masabumi",2,42.0,13.0,1,2,"hosono, mr. masabumi",Hosono Mr Masabumi,"Hosono, Mr. Masabumi",407
780,"Robert, Mrs. Edward Scott (Elisabeth Walton McMillan)",1,43.0,211.3375,1,6,"robert, mrs. edward scott (elisabeth walton mcmillan)",Robert Mrs Edward Scott Elisabeth Walton McMillan,"Robert, Mrs. Edward Scott (Elisabeth Walton McMillan)",408
468,"Smart, Mr. John Montgomery",1,56.0,26.55,0,3,"smart, mr. john montgomery",Smart Mr John Montgomery,"Smart, Mr. John Montgomery",409
290,"Connolly, Miss. Kate",3,22.0,7.75,1,2,"connolly, miss. kate",Connolly Miss Kate,"Connolly, Miss. Kate",410
737,"Ford, Mrs. Edward (Margaret Ann Watson)",3,48.0,34.375,0,5,"ford, mrs. edward (margaret ann watson)",Ford Mrs Edward Margaret Ann Watson,"Ford, Mrs. Edward (Margaret Ann Watson)",411
396,"Johansson, Mr. Erik",3,22.0,7.7958,0,2,"johansson, mr. erik",Johansson Mr Erik,"Johansson, Mr. Erik",412
516,"Walker, Mr. William Anderson",1,47.0,34.0208,0,3,"walker, mr. william anderson",Walker Mr William Anderson,"Walker, Mr. William Anderson",413
801,"Ponesell, Mr. Martin",2,34.0,13.0,0,2,"ponesell, mr. martin",Ponesell Mr Martin,"Ponesell, Mr. Martin",414
447,"Mellinger, Miss. Madeleine Violet",2,13.0,19.5,1,3,"mellinger, miss. madeleine violet",Mellinger Miss Madeleine Violet,"Mellinger, Miss. Madeleine Violet",415
322,"Danoff, Mr. Yoto",3,27.0,7.8958,0,2,"danoff, mr. yoto",Danoff Mr Yoto,"Danoff, Mr. Yoto",416
351,"Odahl, Mr. Nils Martin",3,23.0,9.225,0,3,"odahl, mr. nils martin",Odahl Mr Nils Martin,"Odahl, Mr. Nils Martin",417
473,"West, Mrs. Edwy Arthur (Ada Mary Worth)",2,33.0,27.75,1,6,"west, mrs. edwy arthur (ada mary worth)",West Mrs Edwy Arthur Ada Mary Worth,"West, Mrs. Edwy Arthur (Ada Mary Worth)",418
483,"Rouse, Mr. Richard Henry",3,50.0,8.05,0,3,"rouse, mr. richard henry",Rouse Mr Richard Henry,"Rouse, Mr. Richard Henry",419
280,"Abbott, Mrs. Stanton (Rosa Hunt)",3,35.0,20.25,1,4,"abbott, mrs. stanton (rosa hunt)",Abbott Mrs Stanton Rosa Hunt,"Abbott, Mrs. Stanton (Rosa Hunt)",420
849,"Harper, Rev. John",2,28.0,33.0,0,2,"harper, rev. john",Harper Rev John,"Harper, Rev. John",421
732,"Hassan, Mr. Houssein G N",3,11.0,18.7875,0,4,"hassan, mr. houssein g n",Hassan Mr Houssein G N,"Hassan, Mr. Houssein G N",422
598,"Johnson, Mr. Alfred",3,49.0,0.0,0,2,"johnson, mr. alfred",Johnson Mr Alfred,"Johnson, Mr. Alfred",423
435,"Silvey, Mr. William Baird",1,50.0,55.9,0,3,"silvey, mr. william baird",Silvey Mr William Baird,"Silvey, Mr. William Baird",424
639,"Panula, Mrs. Juha (Maria Emilia Ojala)",3,41.0,39.6875,0,5,"panula, mrs. juha (maria emilia ojala)",Panula Mrs Juha Maria Emilia Ojala,"Panula, Mrs. Juha (Maria Emilia Ojala)",425
878,"Petroff, Mr. Nedelio",3,19.0,7.8958,0,2,"petroff, mr. nedelio",Petroff Mr Nedelio,"Petroff, Mr. Nedelio",426
824,"Moor, Mrs. (Beila)",3,27.0,12.475,1,2,"moor, mrs. (beila)",Moor Mrs Beila,"Moor, Mrs. (Beila)",427
806,"Johansson, Mr. Karl Johan",3,31.0,7.775,0,3,"johansson, mr. karl johan",Johansson Mr Karl Johan,"Johansson, Mr. Karl Johan",428
763,"Barah, Mr. Hanna Assi",3,20.0,7.2292,1,3,"barah, mr. hanna assi",Barah Mr Hanna Assi,"Barah, Mr. Hanna Assi",429
755,"Herman, Mrs. Samuel (Jane Laver)",2,48.0,65.0,1,4,"herman, mrs. samuel (jane laver)",Herman Mrs Samuel Jane Laver,"Herman, Mrs. Samuel (Jane Laver)",430
702,"Silverthorne, Mr. Spencer Victor",1,35.0,26.2875,1,3,"silverthorne, mr. spencer victor",Silverthorne Mr Spencer Victor,"Silverthorne, Mr. Spencer Victor",431
111,"Porter, Mr. Walter Chamberlain",1,47.0,52.0,0,3,"porter, mr. walter chamberlain",Porter Mr Walter Chamberlain,"Porter, Mr. Walter Chamberlain",432
303,"Johnson, Mr. William Cahoone Jr",3,19.0,0.0,0,4,"johnson, mr. william cahoone jr",Johnson Mr William Cahoone Jr,"Johnson, Mr. William Cahoone Jr",433
201,"Vande Walle, Mr. Nestor Cyriel",3,28.0,9.5,0,4,"vande walle, mr. nestor cyriel",Vande Walle Mr Nestor Cyriel,"Vande Walle, Mr. Nestor Cyriel",434
664,"Coleff, Mr. Peju",3,36.0,7.4958,0,2,"coleff, mr. peju",Coleff Mr Peju,"Coleff, Mr. Peju",435
50,"Arnold-Franchi, Mrs. Josef (Josefine Franchi)",3,18.0,17.8,0,4,"arnold-franchi, mrs. josef (josefine franchi)",ArnoldFranchi Mrs Josef Josefine Franchi,"Arnold-Franchi, Mrs. Josef (Josefine Franchi)",436
684,"Goodwin, Mr. Charles Edward",3,14.0,46.9,0,3,"goodwin, mr. charles edward",Goodwin Mr Charles Edward,"Goodwin, Mr. Charles Edward",437
213,"Perkin, Mr. John Henry",3,22.0,7.25,0,3,"perkin, mr. john henry",Perkin Mr John Henry,"Perkin, Mr. John Henry",438
765,"Eklund, Mr. Hans Linus",3,16.0,7.775,0,3,"eklund, mr. hans linus",Eklund Mr Hans Linus,"Eklund, Mr. Hans Linus",439
756,"Hamalainen, Master. Viljo",2,0.67,14.5,1,2,"hamalainen, master. viljo",Hamalainen Master Viljo,"Hamalainen, Master. Viljo",440
842,"Mudd, Mr. Thomas Charles",2,16.0,10.5,0,3,"mudd, mr. thomas charles",Mudd Mr Thomas Charles,"Mudd, Mr. Thomas Charles",441
121,"Hickman, Mr. Stanley George",2,21.0,73.5,0,3,"hickman, mr. stanley george",Hickman Mr Stanley George,"Hickman, Mr. Stanley George",442
709,"Cleaver, Miss. Alice",1,22.0,151.55,1,2,"cleaver, miss. alice",Cleaver Miss Alice,"Cleaver, Miss. Alice",443
298,"Allison, Miss. Helen Loraine",1,2.0,151.55,0,3,"allison, miss. helen loraine",Allison Miss Helen Loraine,"Allison, Miss. Helen Loraine",444
723,"Gillespie, Mr. William Henry",2,34.0,13.0,0,3,"gillespie, mr. william henry",Gillespie Mr William Henry,"Gillespie, Mr. William Henry",445
582,"Thayer, Mrs. John Borland (Marian Longstreth Morris)",1,39.0,110.8833,1,6,"thayer, mrs. john borland (marian longstreth morris)",Thayer Mrs John Borland Marian Longstreth Morris,"Thayer, Mrs. John Borland (Marian Longstreth Morris)",446
699,"Thayer, Mr. John Borland",1,49.0,110.8833,0,3,"thayer, mr. john borland",Thayer Mr John Borland,"Thayer, Mr. John Borland",447
786,"Harmer, Mr. Abraham (David Lishin)",3,25.0,7.25,0,4,"harmer, mr. abraham (david lishin)",Harmer Mr Abraham David Lishin,"Harmer, Mr. Abraham (David Lishin)",448
256,"Touma, Mrs. Darwis (Hanne Youssef Razi)",3,29.0,15.2458,1,5,"touma, mrs. darwis (hanne youssef razi)",Touma Mrs Darwis Hanne Youssef Razi,"Touma, Mrs. Darwis (Hanne Youssef Razi)",449
493,"Molson, Mr. Harry Markland",1,55.0,30.5,0,3,"molson, mr. harry markland",Molson Mr Harry Markland,"Molson, Mr. Harry Markland",450
500,"Svensson, Mr. Olof",3,24.0,7.7958,0,2,"svensson, mr. olof",Svensson Mr Olof,"Svensson, Mr. Olof",451
757,"Carlsson, Mr. August Sigfrid",3,28.0,7.7958,0,3,"carlsson, mr. august sigfrid",Carlsson Mr August Sigfrid,"Carlsson, Mr. August Sigfrid",452
270,"Bissette, Miss. Amelia",1,35.0,135.6333,1,2,"bissette, miss. amelia",Bissette Miss Amelia,"Bissette, Miss. Amelia",453
5,"Allen, Mr. William Henry",3,35.0,8.05,0,3,"allen, mr. william henry",Allen Mr William Henry,"Allen, Mr. William Henry",454
800,"Van Impe, Mrs. Jean Baptiste (Rosalie Paula Govaert)",3,30.0,24.15,0,7,"van impe, mrs. jean baptiste (rosalie paula govaert)",Van Impe Mrs Jean Baptiste Rosalie Paula Govaert,"Van Impe, Mrs. Jean Baptiste (Rosalie Paula Govaert)",455
690,"Madill, Miss. Georgette Alexandra",1,15.0,211.3375,1,3,"madill, miss. georgette alexandra",Madill Miss Georgette Alexandra,"Madill, Miss. Georgette Alexandra",456
125,"White, Mr. Percival Wayland",1,54.0,77.2875,0,3,"white, mr. percival wayland",White Mr Percival Wayland,"White, Mr. Percival Wayland",457
722,"Jensen, Mr. Svend Lauritz",3,17.0,7.0542,0,3,"jensen, mr. svend lauritz",Jensen Mr Svend Lauritz,"Jensen, Mr. Svend Lauritz",458
511,"Daly, Mr. Eugene Patrick",3,29.0,7.75,1,3,"daly, mr. eugene patrick",Daly Mr Eugene Patrick,"Daly, Mr. Eugene Patrick",459
636,"Davis, Miss. Mary",2,28.0,13.0,1,2,"davis, miss. mary",Davis Miss Mary,"Davis, Miss. Mary",460
63,"Harris, Mr. Henry Birkhardt",1,45.0,83.475,0,3,"harris, mr. henry birkhardt",Harris Mr Henry Birkhardt,"Harris, Mr. Henry Birkhardt",461
42,"Turpin, Mrs. William John Robert (Dorothy Ann Wonnacott)",2,27.0,21.0,0,7,"turpin, mrs. william john robert (dorothy ann wonnacott)",Turpin Mrs William John Robert Dorothy Ann Wonnacott,"Turpin, Mrs. William John Robert (Dorothy Ann Wonnacott)",462
249,"Beckwith, Mr. Richard Leonard",1,37.0,52.5542,1,3,"beckwith, mr. richard leonard",Beckwith Mr Richard Leonard,"Beckwith, Mr. Richard Leonard",463
168,"Skoog, Mrs. William (Anna Bernhardina Karlsson)",3,45.0,27.9,0,5,"skoog, mrs. william (anna bernhardina karlsson)",Skoog Mrs William Anna Bernhardina Karlsson,"Skoog, Mrs. William (Anna Bernhardina Karlsson)",464
36,"Holverson, Mr. Alexander Oskar",1,42.0,52.0,0,3,"holverson, mr. alexander oskar",Holverson Mr Alexander Oskar,"Holverson, Mr. Alexander Oskar",465
788,"Rice, Master. George Hugh",3,8.0,29.125,0,3,"rice, master. george hugh",Rice Master George Hugh,"Rice, Master. George Hugh",466
287,"de Mulder, Mr. Theodore",3,30.0,9.5,1,3,"de mulder, mr. theodore",de Mulder Mr Theodore,"de Mulder, Mr. Theodore",467
621,"Yasbeck, Mr. Antoni",3,27.0,14.4542,0,2,"yasbeck, mr. antoni",Yasbeck Mr Antoni,"Yasbeck, Mr. Antoni",468
475,"Strandberg, Miss. Ida Sofia",3,22.0,9.8375,0,3,"strandberg, miss. ida sofia",Strandberg Miss Ida Sofia,"Strandberg, Miss. Ida Sofia",469
361,"Skoog, Mr. Wilhelm",3,40.0,27.9,0,2,"skoog, mr. wilhelm",Skoog Mr Wilhelm,"Skoog, Mr. Wilhelm",470
527,"Ridsdale, Miss. Lucy",2,50.0,10.5,1,2,"ridsdale, miss. lucy",Ridsdale Miss Lucy,"Ridsdale, Miss. Lucy",471
492,"Windelov, Mr. Einar",3,21.0,7.25,0,2,"windelov, mr. einar",Windelov Mr Einar,"Windelov, Mr. Einar",472
746,"Crosby, Capt. Edward Gifford",1,70.0,71.0,0,3,"crosby, capt. edward gifford",Crosby Capt Edward Gifford,"Crosby, Capt. Edward Gifford",473
631,"Barkworth, Mr. Algernon Henry Wilson",1,80.0,30.0,1,4,"barkworth, mr. algernon henry wilson",Barkworth Mr Algernon Henry Wilson,"Barkworth, Mr. Algernon Henry Wilson",474
173,"Johnson, Miss. Eleanor Ileen",3,1.0,11.1333,1,3,"johnson, miss. eleanor ileen",Johnson Miss Eleanor Ileen,"Johnson, Miss. Eleanor Ileen",475
82,"Sheerlinck, Mr. Jan Baptist",3,29.0,9.5,1,3,"sheerlinck, mr. jan baptist",Sheerlinck Mr Jan Baptist,"Sheerlinck, Mr. Jan Baptist",476
596,"Van Impe, Mr. Jean Baptiste",3,36.0,24.15,0,4,"van impe, mr. jean baptiste",Van Impe Mr Jean Baptiste,"Van Impe, Mr. Jean Baptiste",477
161,"Cribb, Mr. John Hatfield",3,44.0,16.1,0,3,"cribb, mr. john hatfield",Cribb Mr John Hatfield,"Cribb, Mr. John Hatfield",478
868,"Roebling, Mr. Washington Augustus II",1,31.0,50.4958,0,4,"roebling, mr. washington augustus ii",Roebling Mr Washington Augustus II,"Roebling, Mr. Washington Augustus II",479
660,"Newell, Mr. Arthur Webster",1,58.0,113.275,0,3,"newell, mr. arthur webster",Newell Mr Arthur Webster,"Newell, Mr. Arthur Webster",480
85,"Ilett, Miss. Bertha",2,17.0,10.5,1,2,"ilett, miss. bertha",Ilett Miss Bertha,"Ilett, Miss. Bertha",481
16,"Hewlett, Mrs. (Mary D Kingcome) ",2,55.0,16.0,1,5,"hewlett, mrs. (mary d kingcome) ",Hewlett Mrs Mary D Kingcome ,"Hewlett, Mrs. (Mary D Kingcome)",482
196,"Lurette, Miss. Elise",1,58.0,146.5208,1,2,"lurette, miss. elise",Lurette Miss Elise,"Lurette, Miss. Elise",483
55,"Ostby, Mr. Engelhart Cornelius",1,65.0,61.9792,0,3,"ostby, mr. engelhart cornelius",Ostby Mr Engelhart Cornelius,"Ostby, Mr. Engelhart Cornelius",484
624,"Hansen, Mr. Henry Damsgaard",3,21.0,7.8542,0,3,"hansen, mr. henry damsgaard",Hansen Mr Henry Damsgaard,"Hansen, Mr. Henry Damsgaard",485
477,"Renouf, Mr. Peter Henry",2,34.0,21.0,0,3,"renouf, mr. peter henry",Renouf Mr Peter Henry,"Renouf, Mr. Peter Henry",486
233,"Sjostedt, Mr. Ernst Adolf",2,59.0,13.5,0,3,"sjostedt, mr. ernst adolf",Sjostedt Mr Ernst Adolf,"Sjostedt, Mr. Ernst Adolf",487
269,"Graham, Mrs. William Thompson (Edith Junkins)",1,58.0,153.4625,1,5,"graham, mrs. william thompson (edith junkins)",Graham Mrs William Thompson Edith Junkins,"Graham, Mrs. William Thompson (Edith Junkins)",488
70,"Kink, Mr. Vincenz",3,26.0,8.6625,0,2,"kink, mr. vincenz",Kink Mr Vincenz,"Kink, Mr. Vincenz",489
422,"Charters, Mr. David",3,21.0,7.7333,0,2,"charters, mr. david",Charters Mr David,"Charters, Mr. David",490
371,"Harder, Mr. George Achilles",1,25.0,55.4417,1,3,"harder, mr. george achilles",Harder Mr George Achilles,"Harder, Mr. George Achilles",491
315,"Hart, Mr. Benjamin",2,43.0,26.25,0,2,"hart, mr. benjamin",Hart Mr Benjamin,"Hart, Mr. Benjamin",492
583,"Downton, Mr. William James",2,54.0,26.0,0,3,"downton, mr. william james",Downton Mr William James,"Downton, Mr. William James",493
576,"Patchett, Mr. George",3,19.0,14.5,0,2,"patchett, mr. george",Patchett Mr George,"Patchett, Mr. George",494
888,"Graham, Miss. Margaret Edith",1,19.0,30.0,1,3,"graham, miss. margaret edith",Graham Miss Margaret Edith,"Graham, Miss. Margaret Edith",495
337,"Pears, Mr. Thomas Clinton",1,29.0,66.6,0,3,"pears, mr. thomas clinton",Pears Mr Thomas Clinton,"Pears, Mr. Thomas Clinton",496
250,"Carter, Rev. Ernest Courtenay",2,54.0,26.0,0,3,"carter, rev. ernest courtenay",Carter Rev Ernest Courtenay,"Carter, Rev. Ernest Courtenay",497
204,"Youseff, Mr. Gerious",3,45.5,7.225,0,2,"youseff, mr. gerious",Youseff Mr Gerious,"Youseff, Mr. Gerious",498
701,"Astor, Mrs. John Jacob (Madeleine Talmadge Force)",1,18.0,227.525,1,6,"astor, mrs. john jacob (madeleine talmadge force)",Astor Mrs John Jacob Madeleine Talmadge Force,"Astor, Mrs. John Jacob (Madeleine Talmadge Force)",499
505,"Maioni, Miss. Roberta",1,16.0,86.5,1,2,"maioni, miss. roberta",Maioni Miss Roberta,"Maioni, Miss. Roberta",500
605,"Homer, Mr. Harry (""Mr E Haven"")",1,35.0,26.55,1,5,"homer, mr. harry (""mr e haven"")",Homer Mr Harry Mr E Haven,"Homer, Mr. Harry (""Mr E Haven"")",501
134,"Weisz, Mrs. Leopold (Mathilde Francoise Pede)",2,29.0,26.0,1,5,"weisz, mrs. leopold (mathilde francoise pede)",Weisz Mrs Leopold Mathilde Francoise Pede,"Weisz, Mrs. Leopold (Mathilde Francoise Pede)",502
713,"Taylor, Mr. Elmer Zebley",1,48.0,52.0,1,3,"taylor, mr. elmer zebley",Taylor Mr Elmer Zebley,"Taylor, Mr. Elmer Zebley",503
489,"Somerton, Mr. Francis William",3,30.0,8.05,0,3,"somerton, mr. francis william",Somerton Mr Francis William,"Somerton, Mr. Francis William",504
2,"Cumings, Mrs. John Bradley (Florence Briggs Thayer)",1,38.0,71.2833,1,6,"cumings, mrs. john bradley (florence briggs thayer)",Cumings Mrs John Bradley Florence Briggs Thayer,"Cumings, Mrs. John Bradley (Florence Briggs Thayer)",505
835,"Allum, Mr. Owen George",3,18.0,8.3,0,3,"allum, mr. owen george",Allum Mr Owen George,"Allum, Mr. Owen George",506
707,"Kelly, Mrs. Florence ""Fannie""",2,45.0,13.5,1,3,"kelly, mrs. florence ""fannie""",Kelly Mrs Florence Fannie,"Kelly, Mrs. Florence ""Fannie""",507
104,"Johansson, Mr. Gustaf Joel",3,33.0,8.6542,0,3,"johansson, mr. gustaf joel",Johansson Mr Gustaf Joel,"Johansson, Mr. Gustaf Joel",508
255,"Rosblom, Mrs. Viktor (Helena Wilhelmina)",3,41.0,20.2125,0,4,"rosblom, mrs. viktor (helena wilhelmina)",Rosblom Mrs Viktor Helena Wilhelmina,"Rosblom, Mrs. Viktor (Helena Wilhelmina)",509
45,"Devaney, Miss. Margaret Delia",3,19.0,7.8792,1,3,"devaney, miss. margaret delia",Devaney Miss Margaret Delia,"Devaney, Miss. Margaret Delia",510
643,"Skoog, Miss. Margit Elizabeth",3,2.0,27.9,0,3,"skoog, miss. margit elizabeth",Skoog Miss Margit Elizabeth,"Skoog, Miss. Margit Elizabeth",511
540,"Frolicher, Miss. Hedwig Margaritha",1,22.0,49.5,1,3,"frolicher, miss. hedwig margaritha",Frolicher Miss Hedwig Margaritha,"Frolicher, Miss. Hedwig Margaritha",512
575,"Rush, Mr. Alfred George John",3,16.0,8.05,0,4,"rush, mr. alfred george john",Rush Mr Alfred George John,"Rush, Mr. Alfred George John",513
457,"Millet, Mr. Francis Davis",1,65.0,26.55,0,3,"millet, mr. francis davis",Millet Mr Francis Davis,"Millet, Mr. Francis Davis",514
117,"Connors, Mr. Patrick",3,70.5,7.75,0,2,"connors, mr. patrick",Connors Mr Patrick,"Connors, Mr. Patrick",515
424,"Danbom, Mrs. Ernst Gilbert (Anna Sigrid Maria Brogren)",3,28.0,14.4,0,7,"danbom, mrs. ernst gilbert (anna sigrid maria brogren)",Danbom Mrs Ernst Gilbert Anna Sigrid Maria Brogren,"Danbom, Mrs. Ernst Gilbert (Anna Sigrid Maria Brogren)",516
711,"Mayne, Mlle. Berthe Antonine (""Mrs de Villiers"")",1,24.0,49.5042,1,6,"mayne, mlle. berthe antonine (""mrs de villiers"")",Mayne Mlle Berthe Antonine Mrs de Villiers,"Mayne, Mlle. Berthe Antonine (""Mrs de Villiers"")",517
433,"Louch, Mrs. Charles Alexander (Alice Adelaide Slow)",2,42.0,26.0,1,6,"louch, mrs. charles alexander (alice adelaide slow)",Louch Mrs Charles Alexander Alice Adelaide Slow,"Louch, Mrs. Charles Alexander (Alice Adelaide Slow)",518
300,"Baxter, Mrs. James (Helene DeLaudeniere Chaput)",1,50.0,247.5208,1,5,"baxter, mrs. james (helene delaudeniere chaput)",Baxter Mrs James Helene DeLaudeniere Chaput,"Baxter, Mrs. James (Helene DeLaudeniere Chaput)",519
15,"Vestrom, Miss. Hulda Amanda Adolfina",3,14.0,7.8542,0,4,"vestrom, miss. hulda amanda adolfina",Vestrom Miss Hulda Amanda Adolfina,"Vestrom, Miss. Hulda Amanda Adolfina",520
394,"Newell, Miss. Marjorie",1,23.0,113.275,1,2,"newell, miss. marjorie",Newell Miss Marjorie,"Newell, Miss. Marjorie",521
754,"Jonkoff, Mr. Lalio",3,23.0,7.8958,0,2,"jonkoff, mr. lalio",Jonkoff Mr Lalio,"Jonkoff, Mr. Lalio",522
487,"Hoyt, Mrs. Frederick Maxfield (Jane Anne Forby)",1,35.0,90.0,1,6,"hoyt, mrs. frederick maxfield (jane anne forby)",Hoyt Mrs Frederick Maxfield Jane Anne Forby,"Hoyt, Mrs. Frederick Maxfield (Jane Anne Forby)",523
341,"Navratil, Master. Edmond Roger",2,2.0,26.0,1,3,"navratil, master. edmond roger",Navratil Master Edmond Roger,"Navratil, Master. Edmond Roger",524
209,"Carr, Miss. Helen ""Ellen""",3,16.0,7.75,1,3,"carr, miss. helen ""ellen""",Carr Miss Helen Ellen,"Carr, Miss. Helen ""Ellen""",525
884,"Banfield, Mr. Frederick James",2,28.0,10.5,0,3,"banfield, mr. frederick james",Banfield Mr Frederick James,"Banfield, Mr. Frederick James",526
810,"Chambers, Mrs. Norman Campbell (Bertha Griggs)",1,33.0,53.1,1,5,"chambers, mrs. norman campbell (bertha griggs)",Chambers Mrs Norman Campbell Bertha Griggs,"Chambers, Mrs. Norman Campbell (Bertha Griggs)",527
616,"Herman, Miss. Alice",2,24.0,65.0,1,2,"herman, miss. alice",Herman Miss Alice,"Herman, Miss. Alice",528
872,"Beckwith, Mrs. Richard Leonard (Sallie Monypeny)",1,47.0,52.5542,1,5,"beckwith, mrs. richard leonard (sallie monypeny)",Beckwith Mrs Richard Leonard Sallie Monypeny,"Beckwith, Mrs. Richard Leonard (Sallie Monypeny)",529
638,"Collyer, Mr. Harvey",2,31.0,26.25,0,2,"collyer, mr. harvey",Collyer Mr Harvey,"Collyer, Mr. Harvey",530
306,"Allison, Master. Hudson Trevor",1,0.92,151.55,1,3,"allison, master. hudson trevor",Allison Master Hudson Trevor,"Allison, Master. Hudson Trevor",531
714,"Larsson, Mr. August Viktor",3,29.0,9.4833,0,3,"larsson, mr. august viktor",Larsson Mr August Viktor,"Larsson, Mr. August Viktor",532
708,"Calderhead, Mr. Edward Pennington",1,42.0,26.2875,1,3,"calderhead, mr. edward pennington",Calderhead Mr Edward Pennington,"Calderhead, Mr. Edward Pennington",533
235,"Leyson, Mr. Robert William Norman",2,24.0,10.5,0,4,"leyson, mr. robert william norman",Leyson Mr Robert William Norman,"Leyson, Mr. Robert William Norman",534
604,"Torber, Mr. Ernst William",3,44.0,8.05,0,3,"torber, mr. ernst william",Torber Mr Ernst William,"Torber, Mr. Ernst William",535
646,"Harper, Mr. Henry Sleeper",1,48.0,76.7292,1,3,"harper, mr. henry sleeper",Harper Mr Henry Sleeper,"Harper, Mr. Henry Sleeper",536
76,"Moen, Mr. Sigurd Hansen",3,25.0,7.65,0,3,"moen, mr. sigurd hansen",Moen Mr Sigurd Hansen,"Moen, Mr. Sigurd Hansen",537
601,"Jacobsohn, Mrs. Sidney Samuel (Amy Frances Christy)",2,24.0,27.0,1,6,"jacobsohn, mrs. sidney samuel (amy frances christy)",Jacobsohn Mrs Sidney Samuel Amy Frances Christy,"Jacobsohn, Mrs. Sidney Samuel (Amy Frances Christy)",538
706,"Morley, Mr. Henry Samuel (""Mr Henry Marshall"")",2,39.0,26.0,0,6,"morley, mr. henry samuel (""mr henry marshall"")",Morley Mr Henry Samuel Mr Henry Marshall,"Morley, Mr. Henry Samuel (""Mr Henry Marshall"")",539
316,"Nilsson, Miss. Helmina Josefina",3,26.0,7.8542,1,3,"nilsson, miss. helmina josefina",Nilsson Miss Helmina Josefina,"Nilsson, Miss. Helmina Josefina",540
25,"Palsson, Miss. Torborg Danira",3,8.0,21.075,0,3,"palsson, miss. torborg danira",Palsson Miss Torborg Danira,"Palsson, Miss. Torborg Danira",541
392,"Jansson, Mr. Carl Olof",3,21.0,7.7958,1,3,"jansson, mr. carl olof",Jansson Mr Carl Olof,"Jansson, Mr. Carl Olof",542
581,"Christy, Miss. Julie Rachel",2,25.0,30.0,1,3,"christy, miss. julie rachel",Christy Miss Julie Rachel,"Christy, Miss. Julie Rachel",543
203,"Johanson, Mr. Jakob Alfred",3,34.0,6.4958,0,3,"johanson, mr. jakob alfred",Johanson Mr Jakob Alfred,"Johanson, Mr. Jakob Alfred",544
344,"Sedgwick, Mr. Charles Frederick Waddington",2,25.0,13.0,0,4,"sedgwick, mr. charles frederick waddington",Sedgwick Mr Charles Frederick Waddington,"Sedgwick, Mr. Charles Frederick Waddington",545
238,"Collyer, Miss. Marjorie ""Lottie""",2,8.0,26.25,1,3,"collyer, miss. marjorie ""lottie""",Collyer Miss Marjorie Lottie,"Collyer, Miss. Marjorie ""Lottie""",546
484,"Turkula, Mrs. (Hedwig)",3,63.0,9.5875,1,2,"turkula, mrs. (hedwig)",Turkula Mrs Hedwig,"Turkula, Mrs. (Hedwig)",547
520,"Pavlovic, Mr. Stefo",3,32.0,7.8958,0,2,"pavlovic, mr. stefo",Pavlovic Mr Stefo,"Pavlovic, Mr. Stefo",548
623,"Nakid, Mr. Sahid",3,20.0,15.7417,1,2,"nakid, mr. sahid",Nakid Mr Sahid,"Nakid, Mr. Sahid",549
430,"Pickard, Mr. Berk (Berk Trembisky)",3,32.0,8.05,1,4,"pickard, mr. berk (berk trembisky)",Pickard Mr Berk Berk Trembisky,"Pickard, Mr. Berk (Berk Trembisky)",550
386,"Davies, Mr. Charles Henry",2,18.0,73.5,0,3,"davies, mr. charles henry",Davies Mr Charles Henry,"Davies, Mr. Charles Henry",551
828,"Mallet, Master. Andre",2,1.0,37.0042,1,2,"mallet, master. andre",Mallet Master Andre,"Mallet, Master. Andre",552
163,"Bengtsson, Mr. John Viktor",3,26.0,7.775,0,3,"bengtsson, mr. john viktor",Bengtsson Mr John Viktor,"Bengtsson, Mr. John Viktor",553
831,"Yasbeck, Mrs. Antoni (Selini Alexander)",3,15.0,14.4542,1,4,"yasbeck, mrs. antoni (selini alexander)",Yasbeck Mrs Antoni Selini Alexander,"Yasbeck, Mrs. Antoni (Selini Alexander)",554
126,"Nicola-Yarred, Master. Elias",3,12.0,11.2417,1,2,"nicola-yarred, master. elias",NicolaYarred Master Elias,"Nicola-Yarred, Master. Elias",555
466,"Goncalves, Mr. Manuel Estanslas",3,38.0,7.05,0,3,"goncalves, mr. manuel estanslas",Goncalves Mr Manuel Estanslas,"Goncalves, Mr. Manuel Estanslas",556
113,"Barton, Mr. David John",3,22.0,8.05,0,3,"barton, mr. david john",Barton Mr David John,"Barton, Mr. David John",557
580,"Jussila, Mr. Eiriik",3,32.0,7.925,1,2,"jussila, mr. eiriik",Jussila Mr Eiriik,"Jussila, Mr. Eiriik",558
409,"Birkeland, Mr. Hans Martin Monsen",3,21.0,7.775,0,4,"birkeland, mr. hans martin monsen",Birkeland Mr Hans Martin Monsen,"Birkeland, Mr. Hans Martin Monsen",559
267,"Panula, Mr. Ernesti Arvid",3,16.0,39.6875,0,3,"panula, mr. ernesti arvid",Panula Mr Ernesti Arvid,"Panula, Mr. Ernesti Arvid",560
589,"Gilinski, Mr. Eliezer",3,22.0,8.05,0,2,"gilinski, mr. eliezer",Gilinski Mr Eliezer,"Gilinski, Mr. Eliezer",561
151,"Bateman, Rev. Robert James",2,51.0,12.525,0,3,"bateman, rev. robert james",Bateman Rev Robert James,"Bateman, Rev. Robert James",562
771,"Lievens, Mr. Rene Aime",3,24.0,9.5,0,3,"lievens, mr. rene aime",Lievens Mr Rene Aime,"Lievens, Mr. Rene Aime",563
24,"Sloper, Mr. William Thompson",1,28.0,35.5,1,3,"sloper, mr. william thompson",Sloper Mr William Thompson,"Sloper, Mr. William Thompson",564
876,"Najib, Miss. Adele Kiamie ""Jane""",3,15.0,7.225,1,4,"najib, miss. adele kiamie ""jane""",Najib Miss Adele Kiamie Jane,"Najib, Miss. Adele Kiamie ""Jane""",565
93,"Chaffee, Mr. Herbert Fuller",1,46.0,61.175,0,3,"chaffee, mr. herbert fuller",Chaffee Mr Herbert Fuller,"Chaffee, Mr. Herbert Fuller",566
135,"Sobey, Mr. Samuel James Hayden",2,25.0,13.0,0,4,"sobey, mr. samuel james hayden",Sobey Mr Samuel James Hayden,"Sobey, Mr. Samuel James Hayden",567
338,"Burns, Miss. Elizabeth Margaret",1,41.0,134.5,1,3,"burns, miss. elizabeth margaret",Burns Miss Elizabeth Margaret,"Burns, Miss. Elizabeth Margaret",568
549,"Goldsmith, Mr. Frank John",3,33.0,20.525,0,3,"goldsmith, mr. frank john",Goldsmith Mr Frank John,"Goldsmith, Mr. Frank John",569
131,"Drazenoic, Mr. Jozef",3,33.0,7.8958,0,2,"drazenoic, mr. jozef",Drazenoic Mr Jozef,"Drazenoic, Mr. Jozef",570
