PassengerId,Name,Pclass,Age,Fare,Survived,orig_index
841,"Alhomaki, Mr. Ilmari Rudolf",3,20.0,7.925,0,2
721,"Harper, Miss. Annie Jessie ""Nina""",2,6.0,33.0,1,3
40,"Nicola-Yarred, Miss. Jamila",3,14.0,11.2417,1,4
334,"Vander Planke, Mr. Leo Edmondus",3,16.0,18.0,0,7
209,"Carr, Miss. Helen ""Ellen""",3,16.0,7.75,1,8
137,"Newsom, Miss. Helen Monypeny",1,19.0,26.2833,1,9
854,"Lines, Miss. Mary Conover",1,16.0,39.4,1,15
295,"Mineff, Mr. Ivan",3,24.0,7.8958,0,20
193,"Andersen-Jensen, Miss. Carla Christine Nielsine",3,19.0,7.8542,1,22
683,"Olsvigen, Mr. Thor Anderson",3,20.0,9.225,0,23
820,"Skoog, Master. Karl Thorsten",3,10.0,27.9,0,25
64,"Skoog, Master. Harald",3,4.0,27.9,0,28
878,"Petroff, Mr. Nedelio",3,19.0,7.8958,0,30
142,"Nysten, Miss. Anna Sofia",3,22.0,7.75,1,31
205,"Cohen, Mr. Gurshon ""Gus""",3,18.0,8.05,1,34
121,"Hickman, Mr. Stanley George",2,21.0,73.5,0,40
87,"Ford, Mr. William Neal",3,16.0,34.375,0,45
68,"Crease, Mr. Ernest James",3,19.0,8.1583,0,46
351,"Odahl, Mr. Nils Martin",3,23.0,9.225,0,47
211,"Ali, Mr. Ahmed",3,24.0,7.05,0,48
449,"Baclini, Miss. Marie Catherine",3,5.0,19.2583,1,50
803,"Carter, Master. William Thornton II",1,11.0,120.0,1,53
586,"Taussig, Miss. Ruth",1,18.0,79.65,1,55
45,"Devaney, Miss. Margaret Delia",3,19.0,7.8792,1,59
409,"Birkeland, Mr. Hans Martin Monsen",3,21.0,7.775,0,60
447,"Mellinger, Miss. Madeleine Violet",2,13.0,19.5,1,61
73,"Hood, Mr. Ambrose Jr",2,21.0,73.5,0,66
533,"Elias, Mr. Joseph Jr",3,17.0,7.2292,0,68
312,"Ryerson, Miss. Emily Borie",1,18.0,262.375,1,71
834,"Augustsson, Mr. Albert",3,23.0,7.8542,0,74
540,"Frolicher, Miss. Hedwig Margaritha",1,22.0,49.5,1,77
267,"Panula, Mr. Ernesti Arvid",3,16.0,39.6875,0,80
166,"Goldsmith, Master. Frank John William ""Frankie""",3,9.0,20.525,1,90
542,"Andersson, Miss. Ingeborg Constanzia",3,9.0,31.275,0,91
292,"Bishop, Mrs. Dickinson H (Helen Walton)",1,19.0,91.0792,1,102
443,"Petterson, Mr. Johan Emil",3,25.0,7.775,0,105
228,"Lovell, Mr. John Hall (""Henry"")",3,20.5,7.25,0,111
877,"Gustafsson, Mr. Alfred Ossian",3,20.0,9.8458,0,115
324,"Caldwell, Mrs. Albert Francis (Sylvia Mae Harbaugh)",2,22.0,29.0,1,118
530,"Hocking, Mr. Richard George",2,23.0,11.5,0,120
79,"Caldwell, Master. Alden Gates",2,0.83,29.0,1,123
786,"Harmer, Mr. Abraham (David Lishin)",3,25.0,7.25,0,124
140,"Giglio, Mr. Victor",1,24.0,79.2,0,127
495,"Stanley, Mr. Edward Roland",3,21.0,8.05,0,129
778,"Emanuel, Miss. Virginia Ethel",3,5.0,12.475,1,133
831,"Yasbeck, Mrs. Antoni (Selini Alexander)",3,15.0,14.4542,1,135
50,"Arnold-Franchi, Mrs. Josef (Josefine Franchi)",3,18.0,17.8,0,139
653,"Kalvik, Mr. Johannes Halvorsen",3,21.0,8.4333,0,140
515,"Coleff, Mr. Satio",3,24.0,7.4958,0,151
689,"Fischer, Mr. Eberhard Thelander",3,18.0,7.7958,0,152
297,"Hanna, Mr. Mansour",3,23.5,7.2292,0,160
399,"Pain, Dr. Alfred",2,23.0,10.5,0,166
522,"Vovk, Mr. Janko",3,22.0,7.8958,0,168
98,"Greenfield, Mr. William Bertram",1,23.0,63.3583,1,170
418,"Silven, Miss. Lyyli Karoliina",2,18.0,13.0,1,171
853,"Boulos, Miss. Nourelain",3,9.0,15.2458,0,173
434,"Kallio, Mr. Nikolai Erland",3,17.0,7.125,0,174
85,"Ilett, Miss. Bertha",2,17.0,10.5,1,177
11,"Sandstrom, Miss. Marguerite Rut",3,4.0,16.7,1,178
