PassengerId,Name,Pclass,Age,Fare,Survived,orig_index
383,"Tikkanen, Mr. Juho",3,32.0,7.925,0,2
705,"Hansen, Mr. Henrik Juul",3,26.0,7.8542,0,3
814,"Andersson, Miss. Ebba Iris Alfrida",3,6.0,31.275,0,4
596,"Van Impe, Mr. Jean Baptiste",3,36.0,24.15,0,11
722,"Jensen, Mr. Svend Lauritz",3,17.0,7.0542,0,13
82,"Sheerlinck, Mr. Jan Baptist",3,29.0,9.5,1,14
543,"Andersson, Miss. Sigrid Elisabeth",3,11.0,31.275,0,20
327,"Nysveen, Mr. Johan Hansen",3,61.0,6.2375,0,21
535,"Cacic, Miss. Marija",3,30.0,8.6625,0,22
484,"Turkula, Mrs. (Hedwig)",3,63.0,9.5875,1,24
763,"Barah, Mr. Hanna Assi",3,20.0,7.2292,1,25
714,"Larsson, Mr. August Viktor",3,29.0,9.4833,0,27
483,"Rouse, Mr. Richard Henry",3,50.0,8.05,0,30
366,"Adahl, Mr. Mauritz Nils Martin",3,30.0,7.25,0,32
8,"Palsson, Master. Gosta Leonard",3,2.0,21.075,0,36
425,"Rosblom, Mr. Viktor Richard",3,18.0,20.2125,0,43
885,"Sutehall, Mr. Henry Jr",3,25.0,7.05,0,45
479,"Karlsson, Mr. Nils August",3,22.0,7.5208,0,47
3,"Heikkinen, Miss. Laina",3,26.0,7.925,1,50
555,"Ohman, Miss. Velin",3,22.0,7.775,1,56
678,"Turja, Miss. Anna Sofia",3,18.0,9.8417,1,58
303,"Johnson, Mr. William Cahoone Jr",3,19.0,0.0,0,61
405,"Oreskovic, Miss. Marija",3,20.0,8.6625,0,64
844,"Lemberopolous, Mr. Peter L",3,34.5,6.4375,0,65
356,"Vanden Steen, Mr. Leo Peter",3,28.0,9.5,0,66
754,"Jonkoff, Mr. Lalio",3,23.0,7.8958,0,68
213,"Perkin, Mr. John Henry",3,22.0,7.25,0,69
80,"Dowdell, Miss. Elizabeth",3,30.0,12.475,1,71
61,"Sirayanian, Mr. Orsen",3,22.0,7.2292,0,74
805,"Hedman, Mr. Oskar Arvid",3,27.0,6.975,1,76
589,"Gilinski, Mr. Eliezer",3,22.0,8.05,0,77
822,"Lulic, Mr. Nikola",3,27.0,8.6625,1,84
501,"Calic, Mr. Petar",3,17.0,8.6625,0,87
173,"Johnson, Miss. Eleanor Ileen",3,1.0,11.1333,1,91
91,"Christmann, Mr. Emil",3,29.0,8.05,0,96
835,"Allum, Mr. Owen George",3,18.0,8.3,0,97
70,"Kink, Mr. Vincenz",3,26.0,8.6625,0,101
132,"Coelho, Mr. Domingos Fernandeo",3,20.0,7.05,0,102
598,"Johnson, Mr. Alfred",3,49.0,0.0,0,104
165,"Panula, Master. Eino Viljami",3,1.0,39.6875,0,106
870,"Johnson, Master. Harold Theodor",3,4.0,11.1333,1,110
716,"Soholt, Mr. Peter Andreas Lauritz Andersen",3,19.0,7.65,0,111
526,"Farrell, Mr. James",3,40.5,7.75,0,112
382,"Nakid, Miss. Maria (""Mary"")",3,1.0,15.7417,1,113
174,"Sivola, Mr. Antti Wilhelm",3,21.0,7.925,0,115
74,"Chronopoulos, Mr. Apostolos",3,26.0,14.4542,0,119
883,"Dahlberg, Miss. Gerda Ulrika",3,22.0,10.5167,0,120
329,"Goldsmith, Mrs. Frank John (Emily Alice Brown)",3,31.0,20.525,1,121
221,"Sunderland, Mr. Victor Francis",3,16.0,8.05,1,125
812,"Lester, Mr. James",3,39.0,24.15,0,127
133,"Robins, Mrs. Alexander A (Grace Charity Laury)",3,47.0,14.5,0,128
109,"Rekic, Mr. Tido",3,38.0,7.8958,0,134
604,"Torber, Mr. Ernst William",3,44.0,8.05,0,135
395,"Sandstrom, Mrs. Hjalmar (Agnes Charlotta Bengtsson)",3,24.0,16.7,1,137
25,"Palsson, Miss. Torborg Danira",3,8.0,21.075,0,140
430,"Pickard, Mr. Berk (Berk Trembisky)",3,32.0,8.05,1,142
52,"Nosworthy, Mr. Richard Cater",3,21.0,7.8,0,144
817,"Heininen, Miss. Wendla Maria",3,23.0,7.925,0,146
570,"Jonsson, Mr. Carl",3,32.0,7.8542,1,147
437,"Ford, Miss. Doolina Margaret ""Daisy""",3,21.0,34.375,0,149
694,"Saad, Mr. Khalil",3,25.0,7.225,0,151
353,"Elias, Mr. Tannous",3,15.0,7.2292,0,152
19,"Vander Planke, Mrs. Julius (Emelia Maria Vandemoortele)",3,31.0,18.0,0,153
286,"Stankovic, Mr. Ivan",3,33.0,8.6625,0,159
747,"Abbott, Mr. Rossmore Edward",3,16.0,20.25,0,161
13,"Saundercock, Mr. William Henry",3,20.0,8.05,0,162
183,"Asplund, Master. Clarence Gustaf Hugo",3,9.0,31.3875,0,163
629,"Bostandyeff, Mr. Guentcho",3,26.0,7.8958,0,168
665,"Lindqvist, Mr. Eino William",3,20.0,7.925,1,172
679,"Goodwin, Mrs. Frederick (Augusta Tyler)",3,43.0,46.9,0,175
164,"Calic, Mr. Jovo",3,17.0,8.6625,0,176
788,"Rice, Master. George Hugh",3,8.0,29.125,0,179
114,"Jussila, Miss. Katriina",3,20.0,9.825,0,181
502,"Canavan, Miss. Mary",3,21.0,7.75,0,183
105,"Gustafsson, Mr. Anders Vilhelm",3,37.0,7.925,0,184
115,"Attalah, Miss. Malake",3,17.0,14.4583,0,185
90,"Celotti, Mr. Francesco",3,24.0,8.05,0,189
549,"Goldsmith, Mr. Frank John",3,33.0,20.525,0,195
95,"Coxon, Mr. Daniel",3,59.0,7.25,0,196
168,"Skoog, Mrs. William (Anna Bernhardina Karlsson)",3,45.0,27.9,0,202
736,"Williams, Mr. Leslie",3,28.5,16.1,0,205
500,"Svensson, Mr. Olof",3,24.0,7.7958,0,206
785,"Ali, Mr. William",3,25.0,7.05,0,209
645,"Baclini, Miss. Eugenie",3,0.75,19.2583,1,212
223,"Green, Mr. George Henry",3,51.0,8.05,0,228
568,"Palsson, Mrs. Nils (Alma Cornelia Berglund)",3,29.0,21.075,0,230
23,"McGowan, Miss. Anna ""Annie""",3,15.0,8.0292,1,236
529,"Salonen, Mr. Johan Werner",3,39.0,7.925,0,242
744,"McNamee, Mr. Neal",3,24.0,16.1,0,244
520,"Pavlovic, Mr. Stefo",3,32.0,7.8958,0,245
204,"Youseff, Mr. Gerious",3,45.5,7.225,0,246
94,"Dean, Mr. Bertram Frank",3,26.0,20.575,0,248
560,"de Messemaeker, Mrs. Guillaume Joseph (Emma)",3,36.0,17.4,1,251
185,"Kink-Heilmann, Miss. Luise Gretchen",3,4.0,22.025,1,253
154,"van Billiard, Mr. Austin Blyler",3,40.5,14.5,0,256
76,"Moen, Mr. Sigurd Hansen",3,25.0,7.65,0,257
632,"Lundahl, Mr. Johan Svensson",3,51.0,7.0542,0,259
69,"Andersson, Miss. Erna Alexandra",3,17.0,7.925,1,261
189,"Bourke, Mr. John",3,40.0,15.5,0,263
272,"Tornquist, Mr. William Henry",3,25.0,0.0,1,264
126,"Nicola-Yarred, Master. Elias",3,12.0,11.2417,1,271
732,"Hassan, Mr. Houssein G N",3,11.0,18.7875,0,272
290,"Connolly, Miss. Kate",3,22.0,7.75,1,273
1,"Braund, Mr. Owen Harris",3,22.0,7.25,0,275
882,"Markun, Mr. Johann",3,33.0,7.8958,0,276
396,"Johansson, Mr. Erik",3,22.0,7.7958,0,279
279,"Rice, Master. Eric",3,7.0,29.125,0,282
692,"Karun, Miss. Manca",3,4.0,13.4167,1,283
117,"Connors, Mr. Patrick",3,70.5,7.75,0,284
623,"Nakid, Mr. Sahid",3,20.0,15.7417,1,286
607,"Karaic, Mr. Milan",3,30.0,7.8958,0,292
635,"Skoog, Miss. Mabel",3,9.0,27.9,0,294
624,"Hansen, Mr. Henry Damsgaard",3,21.0,7.8542,0,300
424,"Danbom, Mrs. Ernst Gilbert (Anna Sigrid Maria Brogren)",3,28.0,14.4,0,302
350,"Dimic, Mr. Jovan",3,42.0,8.6625,0,306
372,"Wiklund, Mr. Jakob Alfred",3,18.0,6.4958,0,307
480,"Hirvonen, Miss. Hildur E",3,2.0,12.2875,1,308
262,"Asplund, Master. Edvin Rojj Felix",3,3.0,31.3875,1,310
891,"Dooley, Mr. Patrick",3,32.0,7.75,0,312
745,"Stranden, Mr. Juho",3,31.0,7.925,1,313
60,"Goodwin, Master. William Frederick",3,11.0,46.9,0,316
101,"Petranec, Miss. Matilda",3,28.0,7.8958,0,320
688,"Dakic, Mr. Branko",3,19.0,10.1708,0,323
800,"Van Impe, Mrs. Jean Baptiste (Rosalie Paula Govaert)",3,30.0,24.15,0,324
641,"Jensen, Mr. Hans Peder",3,20.0,7.8542,0,325
180,"Leonard, Mr. Lionel",3,36.0,0.0,0,327
58,"Novel, Mr. Mansouer",3,28.5,7.2292,0,330
859,"Baclini, Mrs. Solomon (Latifa Qurban)",3,24.0,19.2583,1,331
704,"Gallagher, Mr. Martin",3,25.0,7.7417,0,334
51,"Panula, Master. Juha Niilo",3,7.0,39.6875,0,335
354,"Arnold-Franchi, Mr. Josef",3,25.0,17.8,0,336
824,"Moor, Mrs. (Beila)",3,27.0,12.475,1,337
143,"Hakkarainen, Mrs. Pekka Pietari (Elin Matilda Dolck)",3,24.0,15.85,1,338
576,"Patchett, Mr. George",3,19.0,14.5,0,341
321,"Dennis, Mr. Samuel",3,22.0,7.25,0,342
39,"Vander Planke, Miss. Augusta Maria",3,18.0,18.0,0,349
176,"Klasen, Mr. Klas Albin",3,18.0,7.8542,0,350
765,"Eklund, Mr. Hans Linus",3,16.0,7.775,0,355
288,"Naidenoff, Mr. Penko",3,22.0,7.8958,0,357
128,"Madsen, Mr. Fridtjof Arne",3,24.0,7.1417,1,360
256,"Touma, Mrs. Darwis (Hanne Youssef Razi)",3,29.0,15.2458,1,362
771,"Lievens, Mr. Rene Aime",3,24.0,9.5,0,363
116,"Pekoniemi, Mr. Edvard",3,21.0,7.925,0,366
639,"Panula, Mrs. Juha (Maria Emilia Ojala)",3,41.0,39.6875,0,371
650,"Stanley, Miss. Amy Zillah Elsie",3,23.0,7.55,1,372
617,"Danbom, Mr. Ernst Gilbert",3,34.0,14.4,0,373
876,"Najib, Miss. Adele Kiamie ""Jane""",3,15.0,7.225,1,376
808,"Pettersson, Miss. Ellen Natalia",3,18.0,7.775,0,378
158,"Corn, Mr. Harry",3,30.0,8.05,0,379
172,"Rice, Master. Arthur",3,4.0,29.125,0,381
17,"Rice, Master. Eugene",3,2.0,29.125,0,382
750,"Connaghton, Mr. Michael",3,31.0,7.75,0,386
618,"Lobb, Mrs. William Arthur (Cordelia K Stanlick)",3,26.0,16.1,0,388
481,"Goodwin, Master. Harold Victor",3,9.0,46.9,0,389
284,"Dorking, Mr. Edward Arthur",3,19.0,8.05,1,390
226,"Berglund, Mr. Karl Ivar Sven",3,22.0,9.35,0,392
845,"Culumovic, Mr. Jeso",3,17.0,8.6625,0,396
38,"Cann, Mr. Ernest Charles",3,21.0,8.05,0,399
375,"Palsson, Miss. Stina Viola",3,3.0,21.075,0,401
470,"Baclini, Miss. Helene Barbara",3,0.75,19.2583,1,402
759,"Theobald, Mr. Thomas Leonard",3,34.0,8.05,0,404
504,"Laitinen, Miss. Kristina Sofia",3,37.0,9.5875,0,409
580,"Jussila, Mr. Eiriik",3,32.0,7.925,1,412
163,"Bengtsson, Mr. John Viktor",3,26.0,7.775,0,414
153,"Meo, Mr. Alfonzo",3,55.5,8.05,0,416
676,"Edvardsson, Mr. Gustaf Hjalmar",3,18.0,7.775,0,419
112,"Zabour, Miss. Hileni",3,14.5,14.4542,0,420
104,"Johansson, Mr. Gustaf Joel",3,33.0,8.6542,0,423
422,"Charters, Mr. David",3,21.0,7.7333,0,424
420,"Van Impe, Miss. Catharina",3,10.0,24.15,0,425
120,"Andersson, Miss. Ellis Anna Maria",3,2.0,31.275,0,427
404,"Hakkarainen, Mr. Pekka Pietari",3,28.0,15.85,0,430
208,"Albimona, Mr. Nassef Cassem",3,26.0,18.7875,1,432
753,"Vande Velde, Mr. Johannes Joseph",3,33.0,9.5,0,433
9,"Johnson, Mrs. Oscar W (Elisabeth Vilhelmina Berg)",3,27.0,11.1333,1,435
254,"Lobb, Mr. William Arthur",3,30.0,16.1,0,439
637,"Leinonen, Mr. Antti Gustaf",3,32.0,7.925,0,443
611,"Andersson, Mrs. Anders Johan (Alfrida Konstantia Brogren)",3,39.0,31.275,0,446
415,"Sundman, Mr. Johan Julian",3,44.0,7.925,1,448
489,"Somerton, Mr. Francis William",3,30.0,8.05,0,453
148,"Ford, Miss. Robina Maggie ""Ruby""",3,9.0,34.375,0,454
147,"Andersson, Mr. August Edvard (""Wennerstrom"")",3,27.0,7.7958,1,455
837,"Pasic, Mr. Jakob",3,21.0,8.6625,0,456
871,"Balkic, Mr. Cerin",3,26.0,7.8958,0,458
349,"Coutts, Master. William Loch ""William""",3,3.0,15.9,1,459
144,"Burke, Mr. Jeremiah",3,19.0,6.75,0,466
852,"Svensson, Mr. Johan",3,74.0,7.775,0,467
198,"Olsen, Mr. Karl Siegwart Andreas",3,42.0,8.4042,0,468
280,"Abbott, Mrs. Stanton (Rosa Hunt)",3,35.0,20.25,1,470
294,"Haas, Miss. Aloisia",3,24.0,8.85,0,471
401,"Niskanen, Mr. Juha",3,39.0,7.925,1,472
203,"Johanson, Mr. Jakob Alfred",3,34.0,6.4958,0,475
247,"Lindahl, Miss. Agda Thorilda Viktoria",3,25.0,7.775,0,477
789,"Dean, Master. Bertram Vere",3,1.0,20.575,1,479
130,"Ekstrom, Mr. Johan",3,45.0,6.975,0,480
403,"Jussila, Miss. Mari Aina",3,21.0,9.825,0,482
795,"Dantcheff, Mr. Ristiu",3,25.0,7.8958,0,483
811,"Alexander, Mr. William",3,26.0,7.8875,0,485
625,"Bowen, Mr. David John ""Dai""",3,21.0,16.1,0,491
856,"Aks, Mrs. Sam (Leah Rosen)",3,18.0,9.35,1,492
387,"Goodwin, Master. Sidney Leonard",3,1.0,46.9,0,494
268,"Persson, Mr. Ernst Ulrik",3,25.0,7.775,1,497
442,"Hampe, Mr. Leon",3,20.0,9.5,0,499
113,"Barton, Mr. David John",3,22.0,8.05,0,501
752,"Moor, Master. Meier",3,6.0,12.475,1,508
234,"Asplund, Miss. Lillian Gertrud",3,5.0,31.3875,1,509
677,"Sawyer, Mr. Frederick Charles",3,24.5,8.05,0,511
799,"Ibrahim Shawah, Mr. Yousseff",3,30.0,7.2292,0,515
283,"de Pelsmaeker, Mr. Alfons",3,16.0,9.5,0,520
377,"Landergren, Miss. Aurora Adelia",3,22.0,7.25,1,521
825,"Panula, Master. Urho Abraham",3,2.0,39.6875,0,531
804,"Thomas, Master. Assad Alexander",3,0.42,8.5167,1,532
762,"Nirva, Mr. Iisakki Antino Aijo",3,41.0,7.125,0,534
851,"Andersson, Master. Sigvard Harald Elias",3,4.0,31.275,0,538
86,"Backstrom, Mrs. Karl Alfred (Maria Mathilda Gustafsson)",3,33.0,15.85,1,540
655,"Hegarty, Miss. Hanora ""Nora""",3,18.0,6.75,0,548
787,"Sjoblom, Miss. Anna Sofia",3,18.0,7.4958,1,549
575,"Rush, Mr. Alfred George John",3,16.0,8.05,0,555
554,"Leeni, Mr. Fahim (""Philip Zenni"")",3,22.0,7.225,1,558
781,"Ayoub, Miss. Banoura",3,13.0,7.2292,1,559
207,"Backstrom, Mr. Karl Alfred",3,32.0,15.85,0,560
393,"Gustafsson, Mr. Johan Birger",3,28.0,7.925,0,561
757,"Carlsson, Mr. August Sigfrid",3,28.0,7.7958,0,563
5,"Allen, Mr. William Henry",3,35.0,8.05,0,565
643,"Skoog, Miss. Margit Elizabeth",3,2.0,27.9,0,566
798,"Osman, Mrs. Mara",3,31.0,8.6833,1,567
726,"Oreskovic, Mr. Luka",3,20.0,8.6625,0,571
684,"Goodwin, Mr. Charles Edward",3,14.0,46.9,0,572
407,"Widegren, Mr. Carl/Charles Peter",3,51.0,7.75,0,576
201,"Vande Walle, Mr. Nestor Cyriel",3,28.0,9.5,0,580
848,"Markoff, Mr. Marin",3,35.0,7.8958,0,583
490,"Coutts, Master. Eden Leslie ""Neville""",3,9.0,15.9,1,585
379,"Betros, Mr. Tannous",3,20.0,4.0125,0,586
392,"Jansson, Mr. Carl Olof",3,21.0,7.7958,1,590
593,"Elsbury, Mr. William James",3,47.0,7.25,0,591
139,"Osen, Mr. Olaf Elon",3,16.0,9.2167,0,593
472,"Cacic, Mr. Luka",3,38.0,8.6625,0,595
15,"Vestrom, Miss. Hulda Amanda Adolfina",3,14.0,7.8542,0,601
157,"Gilnagh, Miss. Katherine ""Katie""",3,16.0,7.7333,1,602
41,"Ahlin, Mrs. Johan (Johanna Persdotter Larsson)",3,40.0,9.475,0,603
380,"Gustafsson, Mr. Karl Gideon",3,19.0,7.775,0,605
217,"Honkanen, Miss. Eliina",3,27.0,7.925,1,608
720,"Johnson, Mr. Malkolm Joackim",3,33.0,7.775,0,612
252,"Strom, Mrs. Wilhelm (Elna Matilda Persson)",3,29.0,10.4625,0,616
462,"Morley, Mr. William",3,34.0,8.05,0,618
456,"Jalsevac, Mr. Ivan",3,29.0,7.8958,1,619
730,"Ilmakangas, Miss. Pieta Sofia",3,25.0,7.925,0,625
402,"Adams, Mr. John",3,26.0,8.05,0,626
703,"Barbara, Miss. Saiide",3,18.0,14.4542,0,627
772,"Jensen, Mr. Niels Peder",3,48.0,7.8542,0,629
106,"Mionoff, Mr. Stoytcho",3,28.0,7.8958,0,630
566,"Davies, Mr. Alfred J",3,24.0,24.15,0,631
562,"Sivic, Mr. Husein",3,40.0,7.8958,0,635
81,"Waelens, Mr. Achille",3,22.0,9.0,0,636
206,"Strom, Miss. Telma Matilda",3,2.0,10.4625,0,637
776,"Myhrman, Mr. Pehr Fabian Oliver Malkolm",3,18.0,7.75,0,639
509,"Olsen, Mr. Henry Margido",3,28.0,22.525,0,640
92,"Andreasson, Mr. Paul Edvin",3,20.0,7.8542,0,644
14,"Andersson, Mr. Anders Johan",3,39.0,31.275,0,650
316,"Nilsson, Miss. Helmina Josefina",3,26.0,7.8542,1,651
647,"Cor, Mr. Liudevit",3,19.0,7.8958,0,657
819,"Holm, Mr. John Fredrik Alexander",3,43.0,6.45,0,658
874,"Vander Cruyssen, Mr. Victor",3,47.0,9.0,0,660
244,"Maenpaa, Mr. Matti Alexanteri",3,22.0,7.125,0,663
567,"Stoytcheff, Mr. Ilia",3,19.0,7.8958,0,664
687,"Panula, Mr. Jaako Arnold",3,14.0,39.6875,0,666
190,"Turcin, Mr. Stjepan",3,36.0,7.8958,0,667
700,"Humblen, Mr. Adolf Mathias Nicolai Olsen",3,42.0,7.65,0,669
511,"Daly, Mr. Eugene Patrick",3,29.0,7.75,1,672
475,"Strandberg, Miss. Ida Sofia",3,22.0,9.8375,0,674
314,"Hendekovic, Mr. Ignjac",3,28.0,7.8958,0,679
161,"Cribb, Mr. John Hatfield",3,44.0,16.1,0,681
277,"Lindblom, Miss. Augusta Charlotta",3,45.0,7.75,0,682
806,"Johansson, Mr. Karl Johan",3,31.0,7.775,0,685
492,"Windelov, Mr. Einar",3,21.0,7.25,0,687
770,"Gronnestad, Mr. Daniel Danielsen",3,32.0,8.3625,0,689
662,"Badt, Mr. Mohamed",3,40.0,7.225,0,691
131,"Drazenoic, Mr. Jozef",3,33.0,7.8958,0,692
664,"Coleff, Mr. Peju",3,36.0,7.4958,0,693
373,"Beavan, Mr. William Thomas",3,19.0,8.05,0,696
615,"Brocklebank, Mr. William Alfred",3,35.0,8.05,0,703
72,"Goodwin, Miss. Lillian Amy",3,16.0,46.9,0,706
107,"Salkjelsvik, Miss. Anna Kristine",3,21.0,7.65,1,707
861,"Hansen, Mr. Claus Peter",3,41.0,14.1083,0,709
