PassengerId,Name,Pclass,Age,Fare,Survived,count_words_in_Name,Name_lower,Name_no_punc,Name_no_num,orig_index
150,"Byles, Rev. Thomas Roussel Davids",2,42.0,13.0,0,4,"byles, rev. thomas roussel davids",Byles Rev Thomas Roussel Davids,"Byles, Rev. Thomas Roussel Davids",0
408,"Richards, Master. William Rowe",2,3.0,18.75,1,3,"richards, master. william rowe",Richards Master William Rowe,"Richards, Master. William Rowe",1
54,"Faunthorpe, Mrs. Lizzie (Elizabeth Anne Wilkinson)",2,29.0,26.0,1,5,"faunthorpe, mrs. lizzie (elizabeth anne wilkinson)",Faunthorpe Mrs Lizzie Elizabeth Anne Wilkinson,"Faunthorpe, Mrs. Lizzie (Elizabeth Anne Wilkinson)",2
370,"Aubart, Mme. Leontine Pauline",1,24.0,69.3,1,3,"aubart, mme. leontine pauline",Aubart Mme Leontine Pauline,"Aubart, Mme. Leontine Pauline",3
819,"Holm, Mr. John Fredrik Alexander",3,43.0,6.45,0,4,"holm, mr. john fredrik alexander",Holm Mr John Fredrik Alexander,"Holm, Mr. John Fredrik Alexander",4
550,"Davies, Master. John Morgan Jr",2,8.0,36.75,1,4,"davies, master. john morgan jr",Davies Master John Morgan Jr,"Davies, Master. John Morgan Jr",5
86,"Backstrom, Mrs. Karl Alfred (Maria Mathilda Gustafsson)",3,33.0,15.85,1,6,"backstrom, mrs. karl alfred (maria mathilda gustafsson)",Backstrom Mrs Karl Alfred Maria Mathilda Gustafsson,"Backstrom, Mrs. Karl Alfred (Maria Mathilda Gustafsson)",6
775,"Hocking, Mrs. Elizabeth (Eliza Needs)",2,54.0,23.0,1,4,"hocking, mrs. elizabeth (eliza needs)",Hocking Mrs Elizabeth Eliza Needs,"Hocking, Mrs. Elizabeth (Eliza Needs)",7
101,"Petranec, Miss. Matilda",3,28.0,7.8958,0,2,"petranec, miss. matilda",Petranec Miss Matilda,"Petranec, Miss. Matilda",8
817,"Heininen, Miss. Wendla Maria",3,23.0,7.925,0,3,"heininen, miss. wendla maria",Heininen Miss Wendla Maria,"Heininen, Miss. Wendla Maria",9
782,"Dick, Mrs. Albert Adrian (Vera Gillespie)",1,17.0,57.0,1,5,"dick, mrs. albert adrian (vera gillespie)",Dick Mrs Albert Adrian Vera Gillespie,"Dick, Mrs. Albert Adrian (Vera Gillespie)",10
124,"Webber, Miss. Susan",2,32.5,13.0,1,2,"webber, miss. susan",Webber Miss Susan,"Webber, Miss. Susan",11
691,"Dick, Mr. Albert Adrian",1,31.0,57.0,1,3,"dick, mr. albert adrian",Dick Mr Albert Adrian,"Dick, Mr. Albert Adrian",12
109,"Rekic, Mr. Tido",3,38.0,7.8958,0,2,"rekic, mr. tido",Rekic Mr Tido,"Rekic, Mr. Tido",13
259,"Ward, Miss. Anna",1,35.0,512.3292,1,2,"ward, miss. anna",Ward Miss Anna,"Ward, Miss. Anna",14
530,"Hocking, Mr. Richard George",2,23.0,11.5,0,3,"hocking, mr. richard george",Hocking Mr Richard George,"Hocking, Mr. Richard George",15
297,"Hanna, Mr. Mansour",3,23.5,7.2292,0,2,"hanna, mr. mansour",Hanna Mr Mansour,"Hanna, Mr. Mansour",16
330,"Hippach, Miss. Jean Gertrude",1,16.0,57.9792,1,3,"hippach, miss. jean gertrude",Hippach Miss Jean Gertrude,"Hippach, Miss. Jean Gertrude",17
887,"Montvila, Rev. Juozas",2,27.0,13.0,0,2,"montvila, rev. juozas",Montvila Rev Juozas,"Montvila, Rev. Juozas",18
514,"Rothschild, Mrs. Martin (Elizabeth L. Barrett)",1,54.0,59.4,1,5,"rothschild, mrs. martin (elizabeth l. barrett)",Rothschild Mrs Martin Elizabeth L Barrett,"Rothschild, Mrs. Martin (Elizabeth L. Barrett)",19
72,"Goodwin, Miss. Lillian Amy",3,16.0,46.9,0,3,"goodwin, miss. lillian amy",Goodwin Miss Lillian Amy,"Goodwin, Miss. Lillian Amy",20
260,"Parrish, Mrs. (Lutie Davis)",2,50.0,26.0,1,3,"parrish, mrs. (lutie davis)",Parrish Mrs Lutie Davis,"Parrish, Mrs. (Lutie Davis)",21
853,"Boulos, Miss. Nourelain",3,9.0,15.2458,0,2,"boulos, miss. nourelain",Boulos Miss Nourelain,"Boulos, Miss. Nourelain",22
738,"Lesurer, Mr. Gustave J",1,35.0,512.3292,1,3,"lesurer, mr. gustave j",Lesurer Mr Gustave J,"Lesurer, Mr. Gustave J",23
226,"Berglund, Mr. Karl Ivar Sven",3,22.0,9.35,0,4,"berglund, mr. karl ivar sven",Berglund Mr Karl Ivar Sven,"Berglund, Mr. Karl Ivar Sven",24
164,"Calic, Mr. Jovo",3,17.0,8.6625,0,2,"calic, mr. jovo",Calic Mr Jovo,"Calic, Mr. Jovo",25
283,"de Pelsmaeker, Mr. Alfons",3,16.0,9.5,0,3,"de pelsmaeker, mr. alfons",de Pelsmaeker Mr Alfons,"de Pelsmaeker, Mr. Alfons",26
94,"Dean, Mr. Bertram Frank",3,26.0,20.575,0,3,"dean, mr. bertram frank",Dean Mr Bertram Frank,"Dean, Mr. Bertram Frank",27
112,"Zabour, Miss. Hileni",3,14.5,14.4542,0,2,"zabour, miss. hileni",Zabour Miss Hileni,"Zabour, Miss. Hileni",28
472,"Cacic, Mr. Luka",3,38.0,8.6625,0,2,"cacic, mr. luka",Cacic Mr Luka,"Cacic, Mr. Luka",29
403,"Jussila, Miss. Mari Aina",3,21.0,9.825,0,3,"jussila, miss. mari aina",Jussila Miss Mari Aina,"Jussila, Miss. Mari Aina",30
148,"Ford, Miss. Robina Maggie ""Ruby""",3,9.0,34.375,0,4,"ford, miss. robina maggie ""ruby""",Ford Miss Robina Maggie Ruby,"Ford, Miss. Robina Maggie ""Ruby""",31
573,"Flynn, Mr. John Irwin (""Irving"")",1,36.0,26.3875,1,4,"flynn, mr. john irwin (""irving"")",Flynn Mr John Irwin Irving,"Flynn, Mr. John Irwin (""Irving"")",32
591,"Rintamaki, Mr. Matti",3,35.0,7.125,0,2,"rintamaki, mr. matti",Rintamaki Mr Matti,"Rintamaki, Mr. Matti",33
105,"Gustafsson, Mr. Anders Vilhelm",3,37.0,7.925,0,3,"gustafsson, mr. anders vilhelm",Gustafsson Mr Anders Vilhelm,"Gustafsson, Mr. Anders Vilhelm",34
560,"de Messemaeker, Mrs. Guillaume Joseph (Emma)",3,36.0,17.4,1,5,"de messemaeker, mrs. guillaume joseph (emma)",de Messemaeker Mrs Guillaume Joseph Emma,"de Messemaeker, Mrs. Guillaume Joseph (Emma)",35
100,"Kantor, Mr. Sinai",2,34.0,26.0,0,2,"kantor, mr. sinai",Kantor Mr Sinai,"Kantor, Mr. Sinai",36
648,"Simonius-Blumer, Col. Oberst Alfons",1,56.0,35.5,1,3,"simonius-blumer, col. oberst alfons",SimoniusBlumer Col Oberst Alfons,"Simonius-Blumer, Col. Oberst Alfons",37
171,"Van der hoef, Mr. Wyckoff",1,61.0,33.5,0,4,"van der hoef, mr. wyckoff",Van der hoef Mr Wyckoff,"Van der hoef, Mr. Wyckoff",38
407,"Widegren, Mr. Carl/Charles Peter",3,51.0,7.75,0,3,"widegren, mr. carl/charles peter",Widegren Mr CarlCharles Peter,"Widegren, Mr. Carl/Charles Peter",39
166,"Goldsmith, Master. Frank John William ""Frankie""",3,9.0,20.525,1,5,"goldsmith, master. frank john william ""frankie""",Goldsmith Master Frank John William Frankie,"Goldsmith, Master. Frank John William ""Frankie""",40
841,"Alhomaki, Mr. Ilmari Rudolf",3,20.0,7.925,0,3,"alhomaki, mr. ilmari rudolf",Alhomaki Mr Ilmari Rudolf,"Alhomaki, Mr. Ilmari Rudolf",41
764,"Carter, Mrs. William Ernest (Lucile Polk)",1,36.0,120.0,1,5,"carter, mrs. william ernest (lucile polk)",Carter Mrs William Ernest Lucile Polk,"Carter, Mrs. William Ernest (Lucile Polk)",42
318,"Moraweck, Dr. Ernest",2,54.0,14.0,0,2,"moraweck, dr. ernest",Moraweck Dr Ernest,"Moraweck, Dr. Ernest",43
263,"Taussig, Mr. Emil",1,52.0,79.65,0,2,"taussig, mr. emil",Taussig Mr Emil,"Taussig, Mr. Emil",44
67,"Nye, Mrs. (Elizabeth Ramell)",2,29.0,10.5,1,3,"nye, mrs. (elizabeth ramell)",Nye Mrs Elizabeth Ramell,"Nye, Mrs. (Elizabeth Ramell)",45
417,"Drew, Mrs. James Vivian (Lulu Thorne Christian)",2,34.0,32.5,1,6,"drew, mrs. james vivian (lulu thorne christian)",Drew Mrs James Vivian Lulu Thorne Christian,"Drew, Mrs. James Vivian (Lulu Thorne Christian)",46
437,"Ford, Miss. Doolina Margaret ""Daisy""",3,21.0,34.375,0,4,"ford, miss. doolina margaret ""daisy""",Ford Miss Doolina Margaret Daisy,"Ford, Miss. Doolina Margaret ""Daisy""",47
264,"Harrison, Mr. William",1,40.0,0.0,0,2,"harrison, mr. william",Harrison Mr William,"Harrison, Mr. William",48
557,"Duff Gordon, Lady. (Lucille Christiana Sutherland) (""Mrs Morgan"")",1,48.0,39.6,1,7,"duff gordon, lady. (lucille christiana sutherland) (""mrs morgan"")",Duff Gordon Lady Lucille Christiana Sutherland Mrs Morgan,"Duff Gordon, Lady. (Lucille Christiana Sutherland) (""Mrs Morgan"")",49
138,"Futrelle, Mr. Jacques Heath",1,37.0,53.1,0,3,"futrelle, mr. jacques heath",Futrelle Mr Jacques Heath,"Futrelle, Mr. Jacques Heath",50
200,"Yrois, Miss. Henriette (""Mrs Harbeck"")",2,24.0,13.0,0,4,"yrois, miss. henriette (""mrs harbeck"")",Yrois Miss Henriette Mrs Harbeck,"Yrois, Miss. Henriette (""Mrs Harbeck"")",51
725,"Chambers, Mr. Norman Campbell",1,27.0,53.1,1,3,"chambers, mr. norman campbell",Chambers Mr Norman Campbell,"Chambers, Mr. Norman Campbell",52
509,"Olsen, Mr. Henry Margido",3,28.0,22.525,0,3,"olsen, mr. henry margido",Olsen Mr Henry Margido,"Olsen, Mr. Henry Margido",53
885,"Sutehall, Mr. Henry Jr",3,25.0,7.05,0,3,"sutehall, mr. henry jr",Sutehall Mr Henry Jr,"Sutehall, Mr. Henry Jr",54
773,"Mack, Mrs. (Mary)",2,57.0,10.5,0,2,"mack, mrs. (mary)",Mack Mrs Mary,"Mack, Mrs. (Mary)",55
84,"Carrau, Mr. Francisco M",1,28.0,47.1,0,3,"carrau, mr. francisco m",Carrau Mr Francisco M,"Carrau, Mr. Francisco M",56
262,"Asplund, Master. Edvin Rojj Felix",3,3.0,31.3875,1,4,"asplund, master. edvin rojj felix",Asplund Master Edvin Rojj Felix,"Asplund, Master. Edvin Rojj Felix",57
705,"Hansen, Mr. Henrik Juul",3,26.0,7.8542,0,3,"hansen, mr. henrik juul",Hansen Mr Henrik Juul,"Hansen, Mr. Henrik Juul",58
571,"Harris, Mr. George",2,62.0,10.5,1,2,"harris, mr. george",Harris Mr George,"Harris, Mr. George",59
12,"Bonnell, Miss. Elizabeth",1,58.0,26.55,1,2,"bonnell, miss. elizabeth",Bonnell Miss Elizabeth,"Bonnell, Miss. Elizabeth",60
704,"Gallagher, Mr. Martin",3,25.0,7.7417,0,2,"gallagher, mr. martin",Gallagher Mr Martin,"Gallagher, Mr. Martin",61
441,"Hart, Mrs. Benjamin (Esther Ada Bloomfield)",2,45.0,26.25,1,5,"hart, mrs. benjamin (esther ada bloomfield)",Hart Mrs Benjamin Esther Ada Bloomfield,"Hart, Mrs. Benjamin (Esther Ada Bloomfield)",62
845,"Culumovic, Mr. Jeso",3,17.0,8.6625,0,2,"culumovic, mr. jeso",Culumovic Mr Jeso,"Culumovic, Mr. Jeso",63
227,"Mellors, Mr. William John",2,19.0,10.5,1,3,"mellors, mr. william john",Mellors Mr William John,"Mellors, Mr. William John",64
663,"Colley, Mr. Edward Pomeroy",1,47.0,25.5875,0,3,"colley, mr. edward pomeroy",Colley Mr Edward Pomeroy,"Colley, Mr. Edward Pomeroy",65
752,"Moor, Master. Meier",3,6.0,12.475,1,2,"moor, master. meier",Moor Master Meier,"Moor, Master. Meier",66
357,"Bowerman, Miss. Elsie Edith",1,22.0,55.0,1,3,"bowerman, miss. elsie edith",Bowerman Miss Elsie Edith,"Bowerman, Miss. Elsie Edith",67
745,"Stranden, Mr. Juho",3,31.0,7.925,1,2,"stranden, mr. juho",Stranden Mr Juho,"Stranden, Mr. Juho",68
873,"Carlsson, Mr. Frans Olof",1,33.0,5.0,0,3,"carlsson, mr. frans olof",Carlsson Mr Frans Olof,"Carlsson, Mr. Frans Olof",69
501,"Calic, Mr. Petar",3,17.0,8.6625,0,2,"calic, mr. petar",Calic Mr Petar,"Calic, Mr. Petar",70
830,"Stone, Mrs. George Nelson (Martha Evelyn)",1,62.0,80.0,1,5,"stone, mrs. george nelson (martha evelyn)",Stone Mrs George Nelson Martha Evelyn,"Stone, Mrs. George Nelson (Martha Evelyn)",71
747,"Abbott, Mr. Rossmore Edward",3,16.0,20.25,0,3,"abbott, mr. rossmore edward",Abbott Mr Rossmore Edward,"Abbott, Mr. Rossmore Edward",72
379,"Betros, Mr. Tannous",3,20.0,4.0125,0,2,"betros, mr. tannous",Betros Mr Tannous,"Betros, Mr. Tannous",73
130,"Ekstrom, Mr. Johan",3,45.0,6.975,0,2,"ekstrom, mr. johan",Ekstrom Mr Johan,"Ekstrom, Mr. Johan",74
665,"Lindqvist, Mr. Eino William",3,20.0,7.925,1,3,"lindqvist, mr. eino william",Lindqvist Mr Eino William,"Lindqvist, Mr. Eino William",75
239,"Pengelly, Mr. Frederick William",2,19.0,10.5,0,3,"pengelly, mr. frederick william",Pengelly Mr Frederick William,"Pengelly, Mr. Frederick William",76
776,"Myhrman, Mr. Pehr Fabian Oliver Malkolm",3,18.0,7.75,0,5,"myhrman, mr. pehr fabian oliver malkolm",Myhrman Mr Pehr Fabian Oliver Malkolm,"Myhrman, Mr. Pehr Fabian Oliver Malkolm",77
768,"Mangan, Miss. Mary",3,30.5,7.75,0,2,"mangan, miss. mary",Mangan Miss Mary,"Mangan, Miss. Mary",78
803,"Carter, Master. William Thornton II",1,11.0,120.0,1,4,"carter, master. william thornton ii",Carter Master William Thornton II,"Carter, Master. William Thornton II",79
543,"Andersson, Miss. Sigrid Elisabeth",3,11.0,31.275,0,3,"andersson, miss. sigrid elisabeth",Andersson Miss Sigrid Elisabeth,"Andersson, Miss. Sigrid Elisabeth",80
672,"Davidson, Mr. Thornton",1,31.0,52.0,0,2,"davidson, mr. thornton",Davidson Mr Thornton,"Davidson, Mr. Thornton",81
41,"Ahlin, Mrs. Johan (Johanna Persdotter Larsson)",3,40.0,9.475,0,5,"ahlin, mrs. johan (johanna persdotter larsson)",Ahlin Mrs Johan Johanna Persdotter Larsson,"Ahlin, Mrs. Johan (Johanna Persdotter Larsson)",82
688,"Dakic, Mr. Branko",3,19.0,10.1708,0,2,"dakic, mr. branko",Dakic Mr Branko,"Dakic, Mr. Branko",83
795,"Dantcheff, Mr. Ristiu",3,25.0,7.8958,0,2,"dantcheff, mr. ristiu",Dantcheff Mr Ristiu,"Dantcheff, Mr. Ristiu",84
405,"Oreskovic, Miss. Marija",3,20.0,8.6625,0,2,"oreskovic, miss. marija",Oreskovic Miss Marija,"Oreskovic, Miss. Marija",85
542,"Andersson, Miss. Ingeborg Constanzia",3,9.0,31.275,0,3,"andersson, miss. ingeborg constanzia",Andersson Miss Ingeborg Constanzia,"Andersson, Miss. Ingeborg Constanzia",86
526,"Farrell, Mr. James",3,40.5,7.75,0,2,"farrell, mr. james",Farrell Mr James,"Farrell, Mr. James",87
716,"Soholt, Mr. Peter Andreas Lauritz Andersen",3,19.0,7.65,0,5,"soholt, mr. peter andreas lauritz andersen",Soholt Mr Peter Andreas Lauritz Andersen,"Soholt, Mr. Peter Andreas Lauritz Andersen",88
73,"Hood, Mr. Ambrose Jr",2,21.0,73.5,0,3,"hood, mr. ambrose jr",Hood Mr Ambrose Jr,"Hood, Mr. Ambrose Jr",89
188,"Romaine, Mr. Charles Hallace (""Mr C Rolmane"")",1,45.0,26.55,1,6,"romaine, mr. charles hallace (""mr c rolmane"")",Romaine Mr Charles Hallace Mr C Rolmane,"Romaine, Mr. Charles Hallace (""Mr C Rolmane"")",90
717,"Endres, Miss. Caroline Louise",1,38.0,227.525,1,3,"endres, miss. caroline louise",Endres Miss Caroline Louise,"Endres, Miss. Caroline Louise",91
459,"Toomey, Miss. Ellen",2,50.0,10.5,1,2,"toomey, miss. ellen",Toomey Miss Ellen,"Toomey, Miss. Ellen",92
478,"Braund, Mr. Lewis Richard",3,29.0,7.0458,0,3,"braund, mr. lewis richard",Braund Mr Lewis Richard,"Braund, Mr. Lewis Richard",93
99,"Doling, Mrs. John T (Ada Julia Bone)",2,34.0,23.0,1,6,"doling, mrs. john t (ada julia bone)",Doling Mrs John T Ada Julia Bone,"Doling, Mrs. John T (Ada Julia Bone)",94
3,"Heikkinen, Miss. Laina",3,26.0,7.925,1,2,"heikkinen, miss. laina",Heikkinen Miss Laina,"Heikkinen, Miss. Laina",95
311,"Hays, Miss. Margaret Bechstein",1,24.0,83.1583,1,3,"hays, miss. margaret bechstein",Hays Miss Margaret Bechstein,"Hays, Miss. Margaret Bechstein",96
783,"Long, Mr. Milton Clyde",1,29.0,30.0,0,3,"long, mr. milton clyde",Long Mr Milton Clyde,"Long, Mr. Milton Clyde",97
419,"Matthews, Mr. William John",2,30.0,13.0,0,3,"matthews, mr. william john",Matthews Mr William John,"Matthews, Mr. William John",98
886,"Rice, Mrs. William (Margaret Norton)",3,39.0,29.125,0,4,"rice, mrs. william (margaret norton)",Rice Mrs William Margaret Norton,"Rice, Mrs. William (Margaret Norton)",99
444,"Reynaldo, Ms. Encarnacion",2,28.0,13.0,1,2,"reynaldo, ms. encarnacion",Reynaldo Ms Encarnacion,"Reynaldo, Ms. Encarnacion",100
428,"Phillips, Miss. Kate Florence (""Mrs Kate Louise Phillips Marshall"")",2,19.0,26.0,1,8,"phillips, miss. kate florence (""mrs kate louise phillips marshall"")",Phillips Miss Kate Florence Mrs Kate Louise Phillips Marshall,"Phillips, Miss. Kate Florence (""Mrs Kate Louise Phillips Marshall"")",101
245,"Attalah, Mr. Sleiman",3,30.0,7.225,0,2,"attalah, mr. sleiman",Attalah Mr Sleiman,"Attalah, Mr. Sleiman",102
375,"Palsson, Miss. Stina Viola",3,3.0,21.075,0,3,"palsson, miss. stina viola",Palsson Miss Stina Viola,"Palsson, Miss. Stina Viola",103
619,"Becker, Miss. Marion Louise",2,4.0,39.0,1,3,"becker, miss. marion louise",Becker Miss Marion Louise,"Becker, Miss. Marion Louise",104
406,"Gale, Mr. Shadrach",2,34.0,21.0,0,2,"gale, mr. shadrach",Gale Mr Shadrach,"Gale, Mr. Shadrach",105
641,"Jensen, Mr. Hans Peder",3,20.0,7.8542,0,3,"jensen, mr. hans peder",Jensen Mr Hans Peder,"Jensen, Mr. Hans Peder",106
742,"Cavendish, Mr. Tyrell William",1,36.0,78.85,0,3,"cavendish, mr. tyrell william",Cavendish Mr Tyrell William,"Cavendish, Mr. Tyrell William",107
415,"Sundman, Mr. Johan Julian",3,44.0,7.925,1,3,"sundman, mr. johan julian",Sundman Mr Johan Julian,"Sundman, Mr. Johan Julian",108
671,"Brown, Mrs. Thomas William Solomon (Elizabeth Catherine Ford)",2,40.0,39.0,1,7,"brown, mrs. thomas william solomon (elizabeth catherine ford)",Brown Mrs Thomas William Solomon Elizabeth Catherine Ford,"Brown, Mrs. Thomas William Solomon (Elizabeth Catherine Ford)",109
170,"Ling, Mr. Lee",3,28.0,56.4958,0,2,"ling, mr. lee",Ling Mr Lee,"Ling, Mr. Lee",110
116,"Pekoniemi, Mr. Edvard",3,21.0,7.925,0,2,"pekoniemi, mr. edvard",Pekoniemi Mr Edvard,"Pekoniemi, Mr. Edvard",111
183,"Asplund, Master. Clarence Gustaf Hugo",3,9.0,31.3875,0,4,"asplund, master. clarence gustaf hugo",Asplund Master Clarence Gustaf Hugo,"Asplund, Master. Clarence Gustaf Hugo",112
450,"Peuchen, Major. Arthur Godfrey",1,52.0,30.5,1,3,"peuchen, major. arthur godfrey",Peuchen Major Arthur Godfrey,"Peuchen, Major. Arthur Godfrey",113
434,"Kallio, Mr. Nikolai Erland",3,17.0,7.125,0,3,"kallio, mr. nikolai erland",Kallio Mr Nikolai Erland,"Kallio, Mr. Nikolai Erland",114
80,"Dowdell, Miss. Elizabeth",3,30.0,12.475,1,2,"dowdell, miss. elizabeth",Dowdell Miss Elizabeth,"Dowdell, Miss. Elizabeth",115
207,"Backstrom, Mr. Karl Alfred",3,32.0,15.85,0,3,"backstrom, mr. karl alfred",Backstrom Mr Karl Alfred,"Backstrom, Mr. Karl Alfred",116
40,"Nicola-Yarred, Miss. Jamila",3,14.0,11.2417,1,2,"nicola-yarred, miss. jamila",NicolaYarred Miss Jamila,"Nicola-Yarred, Miss. Jamila",117
91,"Christmann, Mr. Emil",3,29.0,8.05,0,2,"christmann, mr. emil",Christmann Mr Emil,"Christmann, Mr. Emil",118
669,"Cook, Mr. Jacob",3,43.0,8.05,0,2,"cook, mr. jacob",Cook Mr Jacob,"Cook, Mr. Jacob",119
308,"Penasco y Castellana, Mrs. Victor de Satode (Maria Josefa Perez de Soto y Vallejo)",1,17.0,108.9,1,13,"penasco y castellana, mrs. victor de satode (maria josefa perez de soto y vallejo)",Penasco y Castellana Mrs Victor de Satode Maria Josefa Perez de Soto y Vallejo,"Penasco y Castellana, Mrs. Victor de Satode (Maria Josefa Perez de Soto y Vallejo)",120
60,"Goodwin, Master. William Frederick",3,11.0,46.9,0,3,"goodwin, master. william frederick",Goodwin Master William Frederick,"Goodwin, Master. William Frederick",121
354,"Arnold-Franchi, Mr. Josef",3,25.0,17.8,0,2,"arnold-franchi, mr. josef",ArnoldFranchi Mr Josef,"Arnold-Franchi, Mr. Josef",122
92,"Andreasson, Mr. Paul Edvin",3,20.0,7.8542,0,3,"andreasson, mr. paul edvin",Andreasson Mr Paul Edvin,"Andreasson, Mr. Paul Edvin",123
499,"Allison, Mrs. Hudson J C (Bessie Waldo Daniels)",1,25.0,151.55,0,7,"allison, mrs. hudson j c (bessie waldo daniels)",Allison Mrs Hudson J C Bessie Waldo Daniels,"Allison, Mrs. Hudson J C (Bessie Waldo Daniels)",124
811,"Alexander, Mr. William",3,26.0,7.8875,0,2,"alexander, mr. william",Alexander Mr William,"Alexander, Mr. William",125
837,"Pasic, Mr. Jakob",3,21.0,8.6625,0,2,"pasic, mr. jakob",Pasic Mr Jakob,"Pasic, Mr. Jakob",126
390,"Lehmann, Miss. Bertha",2,17.0,12.0,1,2,"lehmann, miss. bertha",Lehmann Miss Bertha,"Lehmann, Miss. Bertha",127
423,"Zimmerman, Mr. Leo",3,29.0,7.875,0,2,"zimmerman, mr. leo",Zimmerman Mr Leo,"Zimmerman, Mr. Leo",128
195,"Brown, Mrs. James Joseph (Margaret Tobin)",1,44.0,27.7208,1,5,"brown, mrs. james joseph (margaret tobin)",Brown Mrs James Joseph Margaret Tobin,"Brown, Mrs. James Joseph (Margaret Tobin)",129
268,"Persson, Mr. Ernst Ulrik",3,25.0,7.775,1,3,"persson, mr. ernst ulrik",Persson Mr Ernst Ulrik,"Persson, Mr. Ernst Ulrik",130
393,"Gustafsson, Mr. Johan Birger",3,28.0,7.925,0,3,"gustafsson, mr. johan birger",Gustafsson Mr Johan Birger,"Gustafsson, Mr. Johan Birger",131
208,"Albimona, Mr. Nassef Cassem",3,26.0,18.7875,1,3,"albimona, mr. nassef cassem",Albimona Mr Nassef Cassem,"Albimona, Mr. Nassef Cassem",132
517,"Lemore, Mrs. (Amelia Milley)",2,34.0,10.5,1,3,"lemore, mrs. (amelia milley)",Lemore Mrs Amelia Milley,"Lemore, Mrs. (Amelia Milley)",133
8,"Palsson, Master. Gosta Leonard",3,2.0,21.075,0,3,"palsson, master. gosta leonard",Palsson Master Gosta Leonard,"Palsson, Master. Gosta Leonard",134
321,"Dennis, Mr. Samuel",3,22.0,7.25,0,2,"dennis, mr. samuel",Dennis Mr Samuel,"Dennis, Mr. Samuel",135
753,"Vande Velde, Mr. Johannes Joseph",3,33.0,9.5,0,4,"vande velde, mr. johannes joseph",Vande Velde Mr Johannes Joseph,"Vande Velde, Mr. Johannes Joseph",136
274,"Natsch, Mr. Charles H",1,37.0,29.7,0,3,"natsch, mr. charles h",Natsch Mr Charles H,"Natsch, Mr. Charles H",137
820,"Skoog, Master. Karl Thorsten",3,10.0,27.9,0,3,"skoog, master. karl thorsten",Skoog Master Karl Thorsten,"Skoog, Master. Karl Thorsten",138
165,"Panula, Master. Eino Viljami",3,1.0,39.6875,0,3,"panula, master. eino viljami",Panula Master Eino Viljami,"Panula, Master. Eino Viljami",139
364,"Asim, Mr. Adola",3,35.0,7.05,0,2,"asim, mr. adola",Asim Mr Adola,"Asim, Mr. Adola",140
57,"Rugg, Miss. Emily",2,21.0,10.5,1,2,"rugg, miss. emily",Rugg Miss Emily,"Rugg, Miss. Emily",141
137,"Newsom, Miss. Helen Monypeny",1,19.0,26.2833,1,3,"newsom, miss. helen monypeny",Newsom Miss Helen Monypeny,"Newsom, Miss. Helen Monypeny",142
