PassengerId,Name,Pclass,Age,Fare,Survived,orig_index
440,"Kvillner, Mr. Johan Henrik Johannesson",2,31.0,10.5,0,1
841,"Alhomaki, Mr. Ilmari Rudolf",3,20.0,7.925,0,2
721,"Harper, Miss. Annie Jessie ""Nina""",2,6.0,33.0,1,3
40,"Nicola-Yarred, Miss. Jamila",3,14.0,11.2417,1,4
291,"Barber, Miss. Ellen ""Nellie""",1,26.0,78.85,1,5
334,"Vander Planke, Mr. Leo Edmondus",3,16.0,18.0,0,7
209,"Carr, Miss. Helen ""Ellen""",3,16.0,7.75,1,8
137,"Newsom, Miss. Helen Monypeny",1,19.0,26.2833,1,9
138,"Futrelle, Mr. Jacques Heath",1,37.0,53.1,0,10
697,"Kelly, Mr. James",3,44.0,8.05,0,11
245,"Attalah, Mr. Sleiman",3,30.0,7.225,0,13
345,"Fox, Mr. Stanley Hubert",2,36.0,13.0,0,14
854,"Lines, Miss. Mary Conover",1,16.0,39.4,1,15
622,"Kimball, Mr. Edwin Nelson Jr",1,42.0,52.5542,1,16
887,"Montvila, Rev. Juozas",2,27.0,13.0,0,18
111,"Porter, Mr. Walter Chamberlain",1,47.0,52.0,0,19
295,"Mineff, Mr. Ivan",3,24.0,7.8958,0,20
448,"Seward, Mr. Frederic Kimber",1,34.0,26.55,1,21
193,"Andersen-Jensen, Miss. Carla Christine Nielsine",3,19.0,7.8542,1,22
683,"Olsvigen, Mr. Thor Anderson",3,20.0,9.225,0,23
820,"Skoog, Master. Karl Thorsten",3,10.0,27.9,0,25
31,"Uruchurtu, Don. Manuel E",1,40.0,27.7208,0,26
674,"Wilhelms, Mr. Charles",2,31.0,13.0,1,27
64,"Skoog, Master. Harald",3,4.0,27.9,0,28
397,"Olsson, Miss. Elina",3,31.0,7.8542,0,29
878,"Petroff, Mr. Nedelio",3,19.0,7.8958,0,30
142,"Nysten, Miss. Anna Sofia",3,22.0,7.75,1,31
205,"Cohen, Mr. Gurshon ""Gus""",3,18.0,8.05,1,34
621,"Yasbeck, Mr. Antoni",3,27.0,14.4542,0,35
24,"Sloper, Mr. William Thompson",1,28.0,35.5,1,36
843,"Serepeca, Miss. Augusta",1,30.0,31.0,1,38
121,"Hickman, Mr. Stanley George",2,21.0,73.5,0,40
478,"Braund, Mr. Lewis Richard",3,29.0,7.0458,0,41
363,"Barbara, Mrs. (Catherine David)",3,45.0,14.4542,0,44
87,"Ford, Mr. William Neal",3,16.0,34.375,0,45
68,"Crease, Mr. Ernest James",3,19.0,8.1583,0,46
351,"Odahl, Mr. Nils Martin",3,23.0,9.225,0,47
211,"Ali, Mr. Ahmed",3,24.0,7.05,0,48
660,"Newell, Mr. Arthur Webster",1,58.0,113.275,0,49
449,"Baclini, Miss. Marie Catherine",3,5.0,19.2583,1,50
821,"Hays, Mrs. Charles Melville (Clara Jennings Gregg)",1,52.0,93.5,1,51
361,"Skoog, Mr. Wilhelm",3,40.0,27.9,0,52
803,"Carter, Master. William Thornton II",1,11.0,120.0,1,53
281,"Duane, Mr. Frank",3,65.0,7.75,0,54
586,"Taussig, Miss. Ruth",1,18.0,79.65,1,55
71,"Jenkin, Mr. Stephen Curnow",2,32.0,10.5,0,56
300,"Baxter, Mrs. James (Helene DeLaudeniere Chaput)",1,50.0,247.5208,1,57
212,"Cameron, Miss. Clear Annie",2,35.0,21.0,1,58
45,"Devaney, Miss. Margaret Delia",3,19.0,7.8792,1,59
409,"Birkeland, Mr. Hans Martin Monsen",3,21.0,7.775,0,60
447,"Mellinger, Miss. Madeleine Violet",2,13.0,19.5,1,61
427,"Clarke, Mrs. Charles V (Ada Maria Winfield)",2,28.0,26.0,1,62
773,"Mack, Mrs. (Mary)",2,57.0,10.5,0,65
73,"Hood, Mr. Ambrose Jr",2,21.0,73.5,0,66
423,"Zimmerman, Mr. Leo",3,29.0,7.875,0,67
533,"Elias, Mr. Joseph Jr",3,17.0,7.2292,0,68
592,"Stephenson, Mrs. Walter Bertram (Martha Eustis)",1,52.0,78.2667,1,69
313,"Lahtinen, Mrs. William (Anna Sylfven)",2,26.0,26.0,0,70
312,"Ryerson, Miss. Emily Borie",1,18.0,262.375,1,71
890,"Behr, Mr. Karl Howell",1,26.0,30.0,1,72
836,"Compton, Miss. Sara Rebecca",1,39.0,83.1583,1,73
834,"Augustsson, Mr. Albert",3,23.0,7.8542,0,74
606,"Lindell, Mr. Edvard Bengtsson",3,36.0,15.55,0,75
768,"Mangan, Miss. Mary",3,30.5,7.75,0,76
540,"Frolicher, Miss. Hedwig Margaritha",1,22.0,49.5,1,77
358,"Funk, Miss. Annie Clemmer",2,38.0,13.0,0,78
255,"Rosblom, Mrs. Viktor (Helena Wilhelmina)",3,41.0,20.2125,0,79
267,"Panula, Mr. Ernesti Arvid",3,16.0,39.6875,0,80
67,"Nye, Mrs. (Elizabeth Ramell)",2,29.0,10.5,1,81
320,"Spedden, Mrs. Frederic Oakley (Margaretta Corning Stone)",1,40.0,134.5,1,82
175,"Smith, Mr. James Clinch",1,56.0,30.6958,0,84
494,"Artagaveytia, Mr. Ramon",1,71.0,49.5042,0,85
216,"Newell, Miss. Madeleine",1,31.0,113.275,1,86
310,"Francatelli, Miss. Laura Mabel",1,30.0,56.9292,1,87
823,"Reuchlin, Jonkheer. John George",1,38.0,0.0,0,88
166,"Goldsmith, Master. Frank John William ""Frankie""",3,9.0,20.525,1,90
542,"Andersson, Miss. Ingeborg Constanzia",3,9.0,31.275,0,91
626,"Sutton, Mr. Frederick",1,61.0,32.3208,0,92
282,"Olsson, Mr. Nils Johan Goransson",3,28.0,7.8542,0,95
713,"Taylor, Mr. Elmer Zebley",1,48.0,52.0,1,96
339,"Dahl, Mr. Karl Edwart",3,45.0,8.05,1,97
328,"Ball, Mrs. (Ada E Hall)",2,36.0,13.0,1,98
322,"Danoff, Mr. Yoto",3,27.0,7.8958,0,99
546,"Nicholson, Mr. Arthur Ernest",1,64.0,26.0,0,100
591,"Rintamaki, Mr. Matti",3,35.0,7.125,0,101
292,"Bishop, Mrs. Dickinson H (Helen Walton)",1,19.0,91.0792,1,102
466,"Goncalves, Mr. Manuel Estanslas",3,38.0,7.05,0,103
815,"Tomlin, Mr. Ernest Portage",3,30.5,8.05,0,104
443,"Petterson, Mr. Johan Emil",3,25.0,7.775,0,105
671,"Brown, Mrs. Thomas William Solomon (Elizabeth Catherine Ford)",2,40.0,39.0,1,106
463,"Gee, Mr. Arthur H",1,47.0,38.5,0,107
287,"de Mulder, Mr. Theodore",3,30.0,9.5,1,108
210,"Blank, Mr. Henry",1,40.0,31.0,1,109
228,"Lovell, Mr. John Hall (""Henry"")",3,20.5,7.25,0,111
513,"McGough, Mr. James Robert",1,36.0,26.2875,1,113
877,"Gustafsson, Mr. Alfred Ossian",3,20.0,9.8458,0,115
97,"Goldschmidt, Mr. George B",1,71.0,34.6542,0,116
293,"Levy, Mr. Rene Jacques",2,36.0,12.875,0,117
324,"Caldwell, Mrs. Albert Francis (Sylvia Mae Harbaugh)",2,22.0,29.0,1,118
737,"Ford, Mrs. Edward (Margaret Ann Watson)",3,48.0,34.375,0,119
530,"Hocking, Mr. Richard George",2,23.0,11.5,0,120
219,"Bazzani, Miss. Albina",1,32.0,76.2917,1,121
276,"Andrews, Miss. Kornelia Theodosia",1,63.0,77.9583,1,122
79,"Caldwell, Master. Alden Gates",2,0.83,29.0,1,123
786,"Harmer, Mr. Abraham (David Lishin)",3,25.0,7.25,0,124
605,"Homer, Mr. Harry (""Mr E Haven"")",1,35.0,26.55,1,125
797,"Leader, Dr. Alice (Farnham)",1,49.0,25.9292,1,126
140,"Giglio, Mr. Victor",1,24.0,79.2,0,127
495,"Stanley, Mr. Edward Roland",3,21.0,8.05,0,129
778,"Emanuel, Miss. Virginia Ethel",3,5.0,12.475,1,133
600,"Duff Gordon, Sir. Cosmo Edmund (""Mr Morgan"")",1,49.0,56.9292,1,134
831,"Yasbeck, Mrs. Antoni (Selini Alexander)",3,15.0,14.4542,1,135
232,"Larsson, Mr. Bengt Edvin",3,29.0,7.775,0,137
846,"Abbing, Mr. Anthony",3,42.0,7.55,0,138
50,"Arnold-Franchi, Mrs. Josef (Josefine Franchi)",3,18.0,17.8,0,139
653,"Kalvik, Mr. Johannes Halvorsen",3,21.0,8.4333,0,140
855,"Carter, Mrs. Ernest Courtenay (Lilian Hughes)",2,44.0,26.0,0,141
343,"Collander, Mr. Erik Gustaf",2,28.0,13.0,0,142
595,"Chapman, Mr. John Henry",2,37.0,26.0,0,143
886,"Rice, Mrs. William (Margaret Norton)",3,39.0,29.125,0,144
417,"Drew, Mrs. James Vivian (Lulu Thorne Christian)",2,34.0,32.5,1,145
214,"Givard, Mr. Hans Kristensen",2,30.0,13.0,0,146
34,"Wheadon, Mr. Edward H",2,66.0,10.5,0,147
669,"Cook, Mr. Jacob",3,43.0,8.05,0,149
515,"Coleff, Mr. Satio",3,24.0,7.4958,0,151
689,"Fischer, Mr. Eberhard Thelander",3,18.0,7.7958,0,152
519,"Angle, Mrs. William A (Florence ""Mary"" Agnes Hughes)",2,36.0,26.0,1,158
658,"Bourke, Mrs. John (Catherine)",3,32.0,15.5,0,159
297,"Hanna, Mr. Mansour",3,23.5,7.2292,0,160
809,"Meyer, Mr. August",2,39.0,13.0,0,162
55,"Ostby, Mr. Engelhart Cornelius",1,65.0,61.9792,0,165
399,"Pain, Dr. Alfred",2,23.0,10.5,0,166
522,"Vovk, Mr. Janko",3,22.0,7.8958,0,168
364,"Asim, Mr. Adola",3,35.0,7.05,0,169
98,"Greenfield, Mr. William Bertram",1,23.0,63.3583,1,170
418,"Silven, Miss. Lyyli Karoliina",2,18.0,13.0,1,171
573,"Flynn, Mr. John Irwin (""Irving"")",1,36.0,26.3875,1,172
853,"Boulos, Miss. Nourelain",3,9.0,15.2458,0,173
434,"Kallio, Mr. Nikolai Erland",3,17.0,7.125,0,174
26,"Asplund, Mrs. Carl Oscar (Selma Augusta Emilia Johansson)",3,38.0,31.3875,1,176
85,"Ilett, Miss. Bertha",2,17.0,10.5,1,177
11,"Sandstrom, Miss. Marguerite Rut",3,4.0,16.7,1,178
