PassengerId,Name,Pclass,Age,Fare,Survived,orig_index
734,"Berriman, Mr. William John",2,23.0,13.0,0,1
814,"Andersson, Miss. Ebba Iris Alfrida",3,6.0,31.275,0,4
119,"Baxter, Mr. Quigg Edmond",1,24.0,247.5208,0,5
722,"Jensen, Mr. Svend Lauritz",3,17.0,7.0542,0,13
782,"Dick, Mrs. Albert Adrian (Vera Gillespie)",1,17.0,57.0,1,19
543,"Andersson, Miss. Sigrid Elisabeth",3,11.0,31.275,0,20
536,"Hart, Miss. Eva Miriam",2,7.0,26.25,1,23
763,"Barah, Mr. Hanna Assi",3,20.0,7.2292,1,25
8,"Palsson, Master. Gosta Leonard",3,2.0,21.075,0,36
581,"Christy, Miss. Julie Rachel",2,25.0,30.0,1,37
881,"Shelley, Mrs. William (Imanita Parrish Hall)",2,25.0,26.0,1,39
200,"Yrois, Miss. Henriette (""Mrs Harbeck"")",2,24.0,13.0,0,42
425,"Rosblom, Mr. Viktor Richard",3,18.0,20.2125,0,43
885,"Sutehall, Mr. Henry Jr",3,25.0,7.05,0,45
248,"Hamalainen, Mrs. William (Anna)",2,24.0,14.5,1,46
479,"Karlsson, Mr. Nils August",3,22.0,7.5208,0,47
306,"Allison, Master. Hudson Trevor",1,0.92,151.55,1,48
317,"Kantor, Mrs. Sinai (Miriam Sternin)",2,24.0,26.0,1,49
743,"Ryerson, Miss. Susan Parker ""Suzette""",1,21.0,262.375,1,52
555,"Ohman, Miss. Velin",3,22.0,7.775,1,56
678,"Turja, Miss. Anna Sofia",3,18.0,9.8417,1,58
303,"Johnson, Mr. William Cahoone Jr",3,19.0,0.0,0,61
405,"Oreskovic, Miss. Marija",3,20.0,8.6625,0,64
754,"Jonkoff, Mr. Lalio",3,23.0,7.8958,0,68
213,"Perkin, Mr. John Henry",3,22.0,7.25,0,69
61,"Sirayanian, Mr. Orsen",3,22.0,7.2292,0,74
589,"Gilinski, Mr. Eliezer",3,22.0,8.05,0,77
709,"Cleaver, Miss. Alice",1,22.0,151.55,1,81
501,"Calic, Mr. Petar",3,17.0,8.6625,0,87
446,"Dodge, Master. Washington",1,4.0,81.8583,1,89
173,"Johnson, Miss. Eleanor Ileen",3,1.0,11.1333,1,91
835,"Allum, Mr. Owen George",3,18.0,8.3,0,97
132,"Coelho, Mr. Domingos Fernandeo",3,20.0,7.05,0,102
136,"Richard, Mr. Emile",2,23.0,15.0458,0,105
165,"Panula, Master. Eino Viljami",3,1.0,39.6875,0,106
194,"Navratil, Master. Michel M",2,3.0,26.0,1,109
870,"Johnson, Master. Harold Theodor",3,4.0,11.1333,1,110
716,"Soholt, Mr. Peter Andreas Lauritz Andersen",3,19.0,7.65,0,111
382,"Nakid, Miss. Maria (""Mary"")",3,1.0,15.7417,1,113
174,"Sivola, Mr. Antti Wilhelm",3,21.0,7.925,0,115
686,"Laroche, Mr. Joseph Philippe Lemercier",2,25.0,41.5792,0,118
883,"Dahlberg, Miss. Gerda Ulrika",3,22.0,10.5167,0,120
146,"Nicholls, Mr. Joseph Charles",2,19.0,36.75,0,123
235,"Leyson, Mr. Robert William Norman",2,24.0,10.5,0,124
221,"Sunderland, Mr. Victor Francis",3,16.0,8.05,1,125
371,"Harder, Mr. George Achilles",1,25.0,55.4417,1,126
865,"Gill, Mr. John William",2,24.0,13.0,0,130
57,"Rugg, Miss. Emily",2,21.0,10.5,1,136
395,"Sandstrom, Mrs. Hjalmar (Agnes Charlotta Bengtsson)",3,24.0,16.7,1,137
550,"Davies, Master. John Morgan Jr",2,8.0,36.75,1,139
25,"Palsson, Miss. Torborg Danira",3,8.0,21.075,0,140
52,"Nosworthy, Mr. Richard Cater",3,21.0,7.8,0,144
817,"Heininen, Miss. Wendla Maria",3,23.0,7.925,0,146
437,"Ford, Miss. Doolina Margaret ""Daisy""",3,21.0,34.375,0,149
694,"Saad, Mr. Khalil",3,25.0,7.225,0,151
353,"Elias, Mr. Tannous",3,15.0,7.2292,0,152
667,"Butler, Mr. Reginald Fenton",2,25.0,13.0,0,154
747,"Abbott, Mr. Rossmore Edward",3,16.0,20.25,0,161
13,"Saundercock, Mr. William Henry",3,20.0,8.05,0,162
183,"Asplund, Master. Clarence Gustaf Hugo",3,9.0,31.3875,0,163
665,"Lindqvist, Mr. Eino William",3,20.0,7.925,1,172
842,"Mudd, Mr. Thomas Charles",2,16.0,10.5,0,174
164,"Calic, Mr. Jovo",3,17.0,8.6625,0,176
788,"Rice, Master. George Hugh",3,8.0,29.125,0,179
114,"Jussila, Miss. Katriina",3,20.0,9.825,0,181
502,"Canavan, Miss. Mary",3,21.0,7.75,0,183
115,"Attalah, Miss. Malake",3,17.0,14.4583,0,185
90,"Celotti, Mr. Francesco",3,24.0,8.05,0,189
44,"Laroche, Miss. Simonne Marie Anne Andree",2,3.0,41.5792,1,199
330,"Hippach, Miss. Jean Gertrude",1,16.0,57.9792,1,201
500,"Svensson, Mr. Olof",3,24.0,7.7958,0,206
785,"Ali, Mr. William",3,25.0,7.05,0,209
645,"Baclini, Miss. Eugenie",3,0.75,19.2583,1,212
711,"Mayne, Mlle. Berthe Antonine (""Mrs de Villiers"")",1,24.0,49.5042,1,213
616,"Herman, Miss. Alice",2,24.0,65.0,1,214
735,"Troupiansky, Mr. Moses Aaron",2,23.0,13.0,0,217
474,"Jerwan, Mrs. Amin S (Marie Marthe Thuillard)",2,23.0,13.7917,1,225
394,"Newell, Miss. Marjorie",1,23.0,113.275,1,227
531,"Quick, Miss. Phyllis May",2,2.0,26.0,1,233
10,"Nasser, Mrs. Nicholas (Adele Achem)",2,14.0,30.0708,1,234
23,"McGowan, Miss. Anna ""Annie""",3,15.0,8.0292,1,236
357,"Bowerman, Miss. Elsie Edith",1,22.0,55.0,1,237
341,"Navratil, Master. Edmond Roger",2,2.0,26.0,1,243
744,"McNamee, Mr. Neal",3,24.0,16.1,0,244
238,"Collyer, Miss. Marjorie ""Lottie""",2,8.0,26.25,1,247
185,"Kink-Heilmann, Miss. Luise Gretchen",3,4.0,22.025,1,253
792,"Gaskell, Mr. Alfred",2,16.0,26.0,0,254
76,"Moen, Mr. Sigurd Hansen",3,25.0,7.65,0,257
69,"Andersson, Miss. Erna Alexandra",3,17.0,7.925,1,261
272,"Tornquist, Mr. William Henry",3,25.0,0.0,1,264
89,"Fortune, Miss. Mabel Helen",1,23.0,263.0,1,268
758,"Bailey, Mr. Percy Andrew",2,18.0,11.5,0,269
126,"Nicola-Yarred, Master. Elias",3,12.0,11.2417,1,271
732,"Hassan, Mr. Houssein G N",3,11.0,18.7875,0,272
290,"Connolly, Miss. Kate",3,22.0,7.75,1,273
239,"Pengelly, Mr. Frederick William",2,19.0,10.5,0,274
1,"Braund, Mr. Owen Harris",3,22.0,7.25,0,275
828,"Mallet, Master. Andre",2,1.0,37.0042,1,278
396,"Johansson, Mr. Erik",3,22.0,7.7958,0,279
279,"Rice, Master. Eric",3,7.0,29.125,0,282
692,"Karun, Miss. Manca",3,4.0,13.4167,1,283
229,"Fahlstrom, Mr. Arne Jonas",2,18.0,13.0,0,285
623,"Nakid, Mr. Sahid",3,20.0,15.7417,1,286
656,"Hickman, Mr. Leonard Mark",2,24.0,73.5,0,287
145,"Andrew, Mr. Edgardo Samuel",2,18.0,11.5,0,293
635,"Skoog, Miss. Mabel",3,9.0,27.9,0,294
370,"Aubart, Mme. Leontine Pauline",1,24.0,69.3,1,298
624,"Hansen, Mr. Henry Damsgaard",3,21.0,7.8542,0,300
308,"Penasco y Castellana, Mrs. Victor de Satode (Maria Josefa Perez de Soto y Vallejo)",1,17.0,108.9,1,301
311,"Hays, Miss. Margaret Bechstein",1,24.0,83.1583,1,303
372,"Wiklund, Mr. Jakob Alfred",3,18.0,6.4958,0,307
480,"Hirvonen, Miss. Hildur E",3,2.0,12.2875,1,308
262,"Asplund, Master. Edvin Rojj Felix",3,3.0,31.3875,1,310
60,"Goodwin, Master. William Frederick",3,11.0,46.9,0,316
659,"Eitemiller, Mr. George Floyd",2,23.0,13.0,0,317
688,"Dakic, Mr. Branko",3,19.0,10.1708,0,323
641,"Jensen, Mr. Hans Peder",3,20.0,7.8542,0,325
342,"Fortune, Miss. Alice Elizabeth",1,24.0,263.0,1,329
859,"Baclini, Mrs. Solomon (Latifa Qurban)",3,24.0,19.2583,1,331
704,"Gallagher, Mr. Martin",3,25.0,7.7417,0,334
51,"Panula, Master. Juha Niilo",3,7.0,39.6875,0,335
354,"Arnold-Franchi, Mr. Josef",3,25.0,17.8,0,336
143,"Hakkarainen, Mrs. Pekka Pietari (Elin Matilda Dolck)",3,24.0,15.85,1,338
576,"Patchett, Mr. George",3,19.0,14.5,0,341
321,"Dennis, Mr. Samuel",3,22.0,7.25,0,342
408,"Richards, Master. William Rowe",2,3.0,18.75,1,347
39,"Vander Planke, Miss. Augusta Maria",3,18.0,18.0,0,349
176,"Klasen, Mr. Klas Albin",3,18.0,7.8542,0,350
765,"Eklund, Mr. Hans Linus",3,16.0,7.775,0,355
288,"Naidenoff, Mr. Penko",3,22.0,7.8958,0,357
751,"Wells, Miss. Joan",2,4.0,23.0,1,358
128,"Madsen, Mr. Fridtjof Arne",3,24.0,7.1417,1,360
771,"Lievens, Mr. Rene Aime",3,24.0,9.5,0,363
116,"Pekoniemi, Mr. Edvard",3,21.0,7.925,0,366
650,"Stanley, Miss. Amy Zillah Elsie",3,23.0,7.55,1,372
876,"Najib, Miss. Adele Kiamie ""Jane""",3,15.0,7.225,1,376
808,"Pettersson, Miss. Ellen Natalia",3,18.0,7.775,0,378
172,"Rice, Master. Arthur",3,4.0,29.125,0,381
17,"Rice, Master. Eugene",3,2.0,29.125,0,382
481,"Goodwin, Master. Harold Victor",3,9.0,46.9,0,389
284,"Dorking, Mr. Edward Arthur",3,19.0,8.05,1,390
226,"Berglund, Mr. Karl Ivar Sven",3,22.0,9.35,0,392
438,"Richards, Mrs. Sidney (Emily Hocking)",2,24.0,18.75,1,395
845,"Culumovic, Mr. Jeso",3,17.0,8.6625,0,396
38,"Cann, Mr. Ernest Charles",3,21.0,8.05,0,399
375,"Palsson, Miss. Stina Viola",3,3.0,21.075,0,401
470,"Baclini, Miss. Helene Barbara",3,0.75,19.2583,1,402
652,"Doling, Miss. Elsie",2,18.0,23.0,1,405
862,"Giles, Mr. Frederick Edward",2,21.0,11.5,0,410
676,"Edvardsson, Mr. Gustaf Hjalmar",3,18.0,7.775,0,419
112,"Zabour, Miss. Hileni",3,14.5,14.4542,0,420
227,"Mellors, Mr. William John",2,19.0,10.5,1,421
619,"Becker, Miss. Marion Louise",2,4.0,39.0,1,422
422,"Charters, Mr. David",3,21.0,7.7333,0,424
420,"Van Impe, Miss. Catharina",3,10.0,24.15,0,425
120,"Andersson, Miss. Ellis Anna Maria",3,2.0,31.275,0,427
152,"Pears, Mrs. Thomas (Edith Wearne)",1,22.0,66.6,1,429
298,"Allison, Miss. Helen Loraine",1,2.0,151.55,0,447
551,"Thayer, Mr. John Borland Jr",1,17.0,110.8833,1,452
148,"Ford, Miss. Robina Maggie ""Ruby""",3,9.0,34.375,0,454
837,"Pasic, Mr. Jakob",3,21.0,8.6625,0,456
349,"Coutts, Master. William Loch ""William""",3,3.0,15.9,1,459
609,"Laroche, Mrs. Joseph (Juliette Marie Louise Lafargue)",2,22.0,41.5792,1,465
144,"Burke, Mr. Jeremiah",3,19.0,6.75,0,466
294,"Haas, Miss. Aloisia",3,24.0,8.85,0,471
184,"Becker, Master. Richard F",2,1.0,39.0,1,474
247,"Lindahl, Miss. Agda Thorilda Viktoria",3,25.0,7.775,0,477
789,"Dean, Master. Bertram Vere",3,1.0,20.575,1,479
403,"Jussila, Miss. Mari Aina",3,21.0,9.825,0,482
795,"Dantcheff, Mr. Ristiu",3,25.0,7.8958,0,483
690,"Madill, Miss. Georgette Alexandra",1,15.0,211.3375,1,484
642,"Sagesser, Mlle. Emma",1,24.0,69.3,1,487
625,"Bowen, Mr. David John ""Dai""",3,21.0,16.1,0,491
856,"Aks, Mrs. Sam (Leah Rosen)",3,18.0,9.35,1,492
387,"Goodwin, Master. Sidney Leonard",3,1.0,46.9,0,494
268,"Persson, Mr. Ernst Ulrik",3,25.0,7.775,1,497
442,"Hampe, Mr. Leon",3,20.0,9.5,0,499
113,"Barton, Mr. David John",3,22.0,8.05,0,501
374,"Ringhini, Mr. Sante",1,22.0,135.6333,0,506
752,"Moor, Master. Meier",3,6.0,12.475,1,508
234,"Asplund, Miss. Lillian Gertrud",3,5.0,31.3875,1,509
677,"Sawyer, Mr. Frederick Charles",3,24.5,8.05,0,511
628,"Longley, Miss. Gretchen Fiske",1,21.0,77.9583,1,518
283,"de Pelsmaeker, Mr. Alfons",3,16.0,9.5,0,520
377,"Landergren, Miss. Aurora Adelia",3,22.0,7.25,1,521
729,"Bryhl, Mr. Kurt Arnold Gottfrid",2,25.0,26.0,0,525
506,"Penasco y Castellana, Mr. Victor de Satode",1,18.0,108.9,0,528
825,"Panula, Master. Urho Abraham",3,2.0,39.6875,0,531
804,"Thomas, Master. Assad Alexander",3,0.42,8.5167,1,532
851,"Andersson, Master. Sigvard Harald Elias",3,4.0,31.275,0,538
655,"Hegarty, Miss. Hanora ""Nora""",3,18.0,6.75,0,548
787,"Sjoblom, Miss. Anna Sofia",3,18.0,7.4958,1,549
756,"Hamalainen, Master. Viljo",2,0.67,14.5,1,550
575,"Rush, Mr. Alfred George John",3,16.0,8.05,0,555
554,"Leeni, Mr. Fahim (""Philip Zenni"")",3,22.0,7.225,1,558
781,"Ayoub, Miss. Banoura",3,13.0,7.2292,1,559
643,"Skoog, Miss. Margit Elizabeth",3,2.0,27.9,0,566
547,"Beane, Mrs. Edward (Ethel Clarke)",2,19.0,26.0,1,570
726,"Oreskovic, Mr. Luka",3,20.0,8.6625,0,571
684,"Goodwin, Mr. Charles Edward",3,14.0,46.9,0,572
135,"Sobey, Mr. Samuel James Hayden",2,25.0,13.0,0,581
28,"Fortune, Mr. Charles Alexander",1,19.0,263.0,0,582
490,"Coutts, Master. Eden Leslie ""Neville""",3,9.0,15.9,1,585
379,"Betros, Mr. Tannous",3,20.0,4.0125,0,586
392,"Jansson, Mr. Carl Olof",3,21.0,7.7958,1,590
499,"Allison, Mrs. Hudson J C (Bessie Waldo Daniels)",1,25.0,151.55,0,592
139,"Osen, Mr. Olaf Elon",3,16.0,9.2167,0,593
15,"Vestrom, Miss. Hulda Amanda Adolfina",3,14.0,7.8542,0,601
157,"Gilnagh, Miss. Katherine ""Katie""",3,16.0,7.7333,1,602
380,"Gustafsson, Mr. Karl Gideon",3,19.0,7.775,0,605
749,"Marvin, Mr. Daniel Warner",1,19.0,53.1,0,611
888,"Graham, Miss. Margaret Edith",1,19.0,30.0,1,620
730,"Ilmakangas, Miss. Pieta Sofia",3,25.0,7.925,0,625
703,"Barbara, Miss. Saiide",3,18.0,14.4542,0,627
566,"Davies, Mr. Alfred J",3,24.0,24.15,0,631
390,"Lehmann, Miss. Bertha",2,17.0,12.0,1,632
81,"Waelens, Mr. Achille",3,22.0,9.0,0,636
206,"Strom, Miss. Telma Matilda",3,2.0,10.4625,0,637
776,"Myhrman, Mr. Pehr Fabian Oliver Malkolm",3,18.0,7.75,0,639
428,"Phillips, Miss. Kate Florence (""Mrs Kate Louise Phillips Marshall"")",2,19.0,26.0,1,641
92,"Andreasson, Mr. Paul Edvin",3,20.0,7.8542,0,644
346,"Brown, Miss. Amelia ""Mildred""",2,24.0,13.0,1,647
601,"Jacobsohn, Mrs. Sidney Samuel (Amy Frances Christy)",2,24.0,27.0,1,652
647,"Cor, Mr. Liudevit",3,19.0,7.8958,0,657
485,"Bishop, Mr. Dickinson H",1,25.0,91.0792,1,659
505,"Maioni, Miss. Roberta",1,16.0,86.5,1,661
832,"Richards, Master. George Sibley",2,0.83,18.75,1,662
244,"Maenpaa, Mr. Matti Alexanteri",3,22.0,7.125,0,663
567,"Stoytcheff, Mr. Ilia",3,19.0,7.8958,0,664
687,"Panula, Mr. Jaako Arnold",3,14.0,39.6875,0,666
59,"West, Miss. Constance Mirium",2,5.0,27.75,1,673
475,"Strandberg, Miss. Ida Sofia",3,22.0,9.8375,0,674
192,"Carbines, Mr. William",2,19.0,13.0,0,683
386,"Davies, Mr. Charles Henry",2,18.0,73.5,0,684
492,"Windelov, Mr. Einar",3,21.0,7.25,0,687
344,"Sedgwick, Mr. Charles Frederick Waddington",2,25.0,13.0,0,688
373,"Beavan, Mr. William Thomas",3,19.0,8.05,0,696
701,"Astor, Mrs. John Jacob (Madeleine Talmadge Force)",1,18.0,227.525,1,705
72,"Goodwin, Miss. Lillian Amy",3,16.0,46.9,0,706
107,"Salkjelsvik, Miss. Anna Kristine",3,21.0,7.65,1,707
436,"Carter, Miss. Lucile Polk",1,14.0,120.0,1,710
103,"White, Mr. Richard Frasar",1,21.0,77.2875,0,711
