PassengerId,Name,Pclass,Age,Fare,Survived,is_top_Pclass,Age_plus_Fare,Fare_on_1_to_3_scale,Age_on_1_to_3_scale,Age_on_1_to_5_scale,over_60_class_2,orig_index
329,"Goldsmith, Mrs. Frank John (Emily Alice Brown)",3,31.0,20.525,1,1,51.525,1,1,2,0,0
74,"Chronopoulos, Mr. Apostolos",3,26.0,14.4542,0,1,40.4542,1,1,2,0,1
254,"Lobb, Mr. William Arthur",3,30.0,16.1,0,1,46.1,1,1,2,0,2
720,"Johnson, Mr. Malkolm Joackim",3,33.0,7.775,0,1,40.775,0,1,3,0,3
667,"Butler, Mr. Reginald Fenton",2,25.0,13.0,0,0,38.0,1,1,1,0,4
31,"Uruchurtu, Don. Manuel E",1,40.0,27.7208,0,0,67.7208,2,2,3,0,5
288,"Naidenoff, Mr. Penko",3,22.0,7.8958,0,1,29.8958,0,0,1,0,6
218,"Jacobsohn, Mr. Sidney Samuel",2,42.0,27.0,0,0,69.0,2,2,3,0,7
798,"Osman, Mrs. Mara",3,31.0,8.6833,1,1,39.6833,0,1,2,0,8
372,"Wiklund, Mr. Jakob Alfred",3,18.0,6.4958,0,1,24.4958,0,0,0,0,9
377,"Landergren, Miss. Aurora Adelia",3,22.0,7.25,1,1,29.25,0,0,1,0,10
139,"Osen, Mr. Olaf Elon",3,16.0,9.2167,0,1,25.2167,0,0,0,0,11
106,"Mionoff, Mr. Stoytcho",3,28.0,7.8958,0,1,35.8958,0,1,2,0,12
69,"Andersson, Miss. Erna Alexandra",3,17.0,7.925,1,1,24.925,0,0,0,0,13
362,"del Carlo, Mr. Sebastiano",2,29.0,27.7208,0,0,56.7208,2,1,2,0,14
721,"Harper, Miss. Annie Jessie ""Nina""",2,6.0,33.0,1,0,39.0,2,0,0,0,15
600,"Duff Gordon, Sir. Cosmo Edmund (""Mr Morgan"")",1,49.0,56.9292,1,0,105.92920000000001,2,2,4,0,16
515,"Coleff, Mr. Satio",3,24.0,7.4958,0,1,31.4958,0,1,1,0,17
314,"Hendekovic, Mr. Ignjac",3,28.0,7.8958,0,1,35.8958,0,1,2,0,18
744,"McNamee, Mr. Neal",3,24.0,16.1,0,1,40.1,1,1,1,0,19
320,"Spedden, Mrs. Frederic Oakley (Margaretta Corning Stone)",1,40.0,134.5,1,0,174.5,2,2,3,0,20
22,"Beesley, Mr. Lawrence",2,34.0,13.0,1,0,47.0,1,1,3,0,21
418,"Silven, Miss. Lyyli Karoliina",2,18.0,13.0,1,0,31.0,1,0,0,0,22
836,"Compton, Miss. Sara Rebecca",1,39.0,83.1583,1,0,122.1583,2,2,3,0,23
570,"Jonsson, Mr. Carl",3,32.0,7.8542,1,1,39.8542,0,1,2,0,24
292,"Bishop, Mrs. Dickinson H (Helen Walton)",1,19.0,91.0792,1,0,110.0792,2,0,0,0,25
81,"Waelens, Mr. Achille",3,22.0,9.0,0,1,31.0,0,0,1,0,26
488,"Kent, Mr. Edward Austin",1,58.0,29.7,0,0,87.7,2,2,4,0,27
547,"Beane, Mrs. Edward (Ethel Clarke)",2,19.0,26.0,1,0,45.0,1,0,0,0,28
39,"Vander Planke, Miss. Augusta Maria",3,18.0,18.0,0,1,36.0,1,0,0,0,29
248,"Hamalainen, Mrs. William (Anna)",2,24.0,14.5,1,0,38.5,1,1,1,0,30
446,"Dodge, Master. Washington",1,4.0,81.8583,1,0,85.8583,2,0,0,0,31
324,"Caldwell, Mrs. Albert Francis (Sylvia Mae Harbaugh)",2,22.0,29.0,1,0,51.0,2,0,1,0,32
715,"Greenberg, Mr. Samuel",2,52.0,13.0,0,0,65.0,1,2,4,0,33
877,"Gustafsson, Mr. Alfred Ossian",3,20.0,9.8458,0,1,29.8458,0,0,1,0,34
266,"Reeves, Mr. David",2,36.0,10.5,0,0,46.5,0,2,3,0,35
813,"Slemen, Mr. Richard James",2,35.0,10.5,0,0,45.5,0,1,3,0,36
449,"Baclini, Miss. Marie Catherine",3,5.0,19.2583,1,1,24.2583,1,0,0,0,37
658,"Bourke, Mrs. John (Catherine)",3,32.0,15.5,0,1,47.5,1,1,2,0,38
312,"Ryerson, Miss. Emily Borie",1,18.0,262.375,1,0,280.375,2,0,0,0,39
431,"Bjornstrom-Steffansson, Mr. Mauritz Hakan",1,28.0,26.55,1,0,54.55,1,1,2,0,40
479,"Karlsson, Mr. Nils August",3,22.0,7.5208,0,1,29.5208,0,0,1,0,41
220,"Harris, Mr. Walter",2,30.0,10.5,0,0,40.5,0,1,2,0,42
291,"Barber, Miss. Ellen ""Nellie""",1,26.0,78.85,1,0,104.85,2,1,2,0,43
680,"Cardeza, Mr. Thomas Drake Martinez",1,36.0,512.3292,1,0,548.3292,2,2,3,0,44
474,"Jerwan, Mrs. Amin S (Marie Marthe Thuillard)",2,23.0,13.7917,1,0,36.7917,1,0,1,0,45
464,"Milling, Mr. Jacob Christian",2,48.0,13.0,0,0,61.0,1,2,4,0,46
839,"Chip, Mr. Chang",3,32.0,56.4958,1,1,88.4958,2,1,2,0,47
206,"Strom, Miss. Telma Matilda",3,2.0,10.4625,0,1,12.4625,0,0,0,0,48
609,"Laroche, Mrs. Joseph (Juliette Marie Louise Lafargue)",2,22.0,41.5792,1,0,63.5792,2,0,1,0,49
787,"Sjoblom, Miss. Anna Sofia",3,18.0,7.4958,1,1,25.4958,0,0,0,0,50
859,"Baclini, Mrs. Solomon (Latifa Qurban)",3,24.0,19.2583,1,1,43.2583,1,1,1,0,51
453,"Foreman, Mr. Benjamin Laventall",1,30.0,27.75,0,0,57.75,2,1,2,0,52
366,"Adahl, Mr. Mauritz Nils Martin",3,30.0,7.25,0,1,37.25,0,1,2,0,53
617,"Danbom, Mr. Ernst Gilbert",3,34.0,14.4,0,1,48.4,1,1,3,0,54
541,"Crosby, Miss. Harriet R",1,36.0,71.0,1,0,107.0,2,2,3,0,55
133,"Robins, Mrs. Alexander A (Grace Charity Laury)",3,47.0,14.5,0,1,61.5,1,2,4,0,56
144,"Burke, Mr. Jeremiah",3,19.0,6.75,0,1,25.75,0,0,0,0,57
805,"Hedman, Mr. Oskar Arvid",3,27.0,6.975,1,1,33.975,0,1,2,0,58
554,"Leeni, Mr. Fahim (""Philip Zenni"")",3,22.0,7.225,1,1,29.225,0,0,1,0,59
804,"Thomas, Master. Assad Alexander",3,0.42,8.5167,1,1,8.9367,0,0,0,0,60
343,"Collander, Mr. Erik Gustaf",2,28.0,13.0,0,0,41.0,1,1,2,0,61
118,"Turpin, Mr. William John Robert",2,29.0,21.0,0,0,50.0,1,1,2,0,62
9,"Johnson, Mrs. Oscar W (Elisabeth Vilhelmina Berg)",3,27.0,11.1333,1,1,38.1333,1,1,2,0,63
115,"Attalah, Miss. Malake",3,17.0,14.4583,0,1,31.4583,1,0,0,0,64
685,"Brown, Mr. Thomas William Solomon",2,60.0,39.0,0,0,99.0,2,2,4,0,65
538,"LeRoy, Miss. Bertha",1,30.0,106.425,1,0,136.425,2,1,2,0,66
677,"Sawyer, Mr. Frederick Charles",3,24.5,8.05,0,1,32.55,0,1,1,0,67
494,"Artagaveytia, Mr. Ramon",1,71.0,49.5042,0,0,120.5042,2,2,4,0,68
480,"Hirvonen, Miss. Hildur E",3,2.0,12.2875,1,1,14.2875,1,0,0,0,69
279,"Rice, Master. Eric",3,7.0,29.125,0,1,36.125,2,0,0,0,70
175,"Smith, Mr. James Clinch",1,56.0,30.6958,0,0,86.69579999999999,2,2,4,0,71
38,"Cann, Mr. Ernest Charles",3,21.0,8.05,0,1,29.05,0,0,1,0,72
59,"West, Miss. Constance Mirium",2,5.0,27.75,1,0,32.75,2,0,0,0,73
58,"Novel, Mr. Mansouer",3,28.5,7.2292,0,1,35.7292,0,1,2,0,74
95,"Coxon, Mr. Daniel",3,59.0,7.25,0,1,66.25,0,2,4,0,75
210,"Blank, Mr. Henry",1,40.0,31.0,1,0,71.0,2,2,3,0,76
622,"Kimball, Mr. Edwin Nelson Jr",1,42.0,52.5542,1,0,94.55420000000001,2,2,3,0,77
785,"Ali, Mr. William",3,25.0,7.05,0,1,32.05,0,1,1,0,78
87,"Ford, Mr. William Neal",3,16.0,34.375,0,1,50.375,2,0,0,0,79
13,"Saundercock, Mr. William Henry",3,20.0,8.05,0,1,28.05,0,0,1,0,80
398,"McKane, Mr. Peter David",2,46.0,26.0,0,0,72.0,1,2,4,0,81
731,"Allen, Miss. Elisabeth Walton",1,29.0,211.3375,1,0,240.3375,2,1,2,0,82
222,"Bracken, Mr. James H",2,27.0,13.0,0,0,40.0,1,1,2,0,83
350,"Dimic, Mr. Jovan",3,42.0,8.6625,0,1,50.6625,0,2,3,0,84
814,"Andersson, Miss. Ebba Iris Alfrida",3,6.0,31.275,0,1,37.275,2,0,0,0,85
536,"Hart, Miss. Eva Miriam",2,7.0,26.25,1,0,33.25,1,0,0,0,86
383,"Tikkanen, Mr. Juho",3,32.0,7.925,0,1,39.925,0,1,2,0,87
692,"Karun, Miss. Manca",3,4.0,13.4167,1,1,17.4167,1,0,0,0,88
221,"Sunderland, Mr. Victor Francis",3,16.0,8.05,1,1,24.05,0,0,0,0,89
867,"Duran y More, Miss. Asuncion",2,27.0,13.8583,1,0,40.8583,1,1,2,0,90
588,"Frolicher-Stehli, Mr. Maxmillian",1,60.0,79.2,1,0,139.2,2,2,4,0,91
107,"Salkjelsvik, Miss. Anna Kristine",3,21.0,7.65,1,1,28.65,0,0,1,0,92
272,"Tornquist, Mr. William Henry",3,25.0,0.0,1,1,25.0,0,1,1,0,93
854,"Lines, Miss. Mary Conover",1,16.0,39.4,1,0,55.4,2,0,0,0,94
697,"Kelly, Mr. James",3,44.0,8.05,0,1,52.05,0,2,4,0,95
519,"Angle, Mrs. William A (Florence ""Mary"" Agnes Hughes)",2,36.0,26.0,1,0,62.0,1,2,3,0,96
610,"Shutes, Miss. Elizabeth W",1,40.0,153.4625,1,0,193.4625,2,2,3,0,97
103,"White, Mr. Richard Frasar",1,21.0,77.2875,0,0,98.2875,2,0,1,0,98
28,"Fortune, Mr. Charles Alexander",1,19.0,263.0,0,0,282.0,2,0,0,0,99
17,"Rice, Master. Eugene",3,2.0,29.125,0,1,31.125,2,0,0,0,100
563,"Norman, Mr. Robert Douglas",2,28.0,13.5,0,0,41.5,1,1,2,0,101
734,"Berriman, Mr. William John",2,23.0,13.0,0,0,36.0,1,0,1,0,102
420,"Van Impe, Miss. Catharina",3,10.0,24.15,0,1,34.15,1,0,0,0,103
363,"Barbara, Mrs. (Catherine David)",3,45.0,14.4542,0,1,59.4542,1,2,4,0,104
890,"Behr, Mr. Karl Howell",1,26.0,30.0,1,0,56.0,2,1,2,0,105
413,"Minahan, Miss. Daisy E",1,33.0,90.0,1,0,123.0,2,1,3,0,106
544,"Beane, Mr. Edward",2,32.0,26.0,1,0,58.0,1,1,2,0,107
323,"Slayter, Miss. Hilda Mary",2,30.0,12.35,1,0,42.35,1,1,2,0,108
172,"Rice, Master. Arthur",3,4.0,29.125,0,1,33.125,2,0,0,0,109
533,"Elias, Mr. Joseph Jr",3,17.0,7.2292,0,1,24.2292,0,0,0,0,110
402,"Adams, Mr. John",3,26.0,8.05,0,1,34.05,0,1,2,0,111
44,"Laroche, Miss. Simonne Marie Anne Andree",2,3.0,41.5792,1,0,44.5792,2,0,0,0,112
397,"Olsson, Miss. Elina",3,31.0,7.8542,0,1,38.8542,0,1,2,0,113
442,"Hampe, Mr. Leon",3,20.0,9.5,0,1,29.5,0,0,1,0,114
11,"Sandstrom, Miss. Marguerite Rut",3,4.0,16.7,1,1,20.7,1,0,0,0,115
313,"Lahtinen, Mrs. William (Anna Sylfven)",2,26.0,26.0,0,0,52.0,1,1,2,0,116
26,"Asplund, Mrs. Carl Oscar (Selma Augusta Emilia Johansson)",3,38.0,31.3875,1,1,69.3875,2,2,3,0,117
276,"Andrews, Miss. Kornelia Theodosia",1,63.0,77.9583,1,0,140.9583,2,2,4,0,118
808,"Pettersson, Miss. Ellen Natalia",3,18.0,7.775,0,1,25.775,0,0,0,0,119
874,"Vander Cruyssen, Mr. Victor",3,47.0,9.0,0,1,56.0,0,2,4,0,120
440,"Kvillner, Mr. Johan Henrik Johannesson",2,31.0,10.5,0,0,41.5,0,1,2,0,121
750,"Connaghton, Mr. Michael",3,31.0,7.75,0,1,38.75,0,1,2,0,122
253,"Stead, Mr. William Thomas",1,62.0,26.55,0,0,88.55,1,2,4,0,123
577,"Garside, Miss. Ethel",2,34.0,13.0,1,0,47.0,1,1,3,0,124
119,"Baxter, Mr. Quigg Edmond",1,24.0,247.5208,0,0,271.5208,2,1,1,0,125
388,"Buss, Miss. Kate",2,36.0,13.0,1,0,49.0,1,2,3,0,126
674,"Wilhelms, Mr. Charles",2,31.0,13.0,1,0,44.0,1,1,2,0,127
497,"Eustis, Miss. Elizabeth Mussey",1,54.0,78.2667,1,0,132.26670000000001,2,2,4,0,128
229,"Fahlstrom, Mr. Arne Jonas",2,18.0,13.0,0,0,31.0,1,0,0,0,129
724,"Hodges, Mr. Henry Price",2,50.0,13.0,0,0,63.0,1,2,4,0,130
870,"Johnson, Master. Harold Theodor",3,4.0,11.1333,1,1,15.1333,1,0,0,0,131
193,"Andersen-Jensen, Miss. Carla Christine Nielsine",3,19.0,7.8542,1,1,26.8542,0,0,0,0,132
98,"Greenfield, Mr. William Bertram",1,23.0,63.3583,1,0,86.3583,2,0,1,0,133
438,"Richards, Mrs. Sidney (Emily Hocking)",2,24.0,18.75,1,0,42.75,1,1,1,0,134
345,"Fox, Mr. Stanley Hubert",2,36.0,13.0,0,0,49.0,1,2,3,0,135
90,"Celotti, Mr. Francesco",3,24.0,8.05,0,1,32.05,0,1,1,0,136
502,"Canavan, Miss. Mary",3,21.0,7.75,0,1,28.75,0,0,1,0,137
234,"Asplund, Miss. Lillian Gertrud",3,5.0,31.3875,1,1,36.3875,2,0,0,0,138
339,"Dahl, Mr. Karl Edwart",3,45.0,8.05,1,1,53.05,0,2,4,0,139
293,"Levy, Mr. Rene Jacques",2,36.0,12.875,0,0,48.875,1,2,3,0,140
114,"Jussila, Miss. Katriina",3,20.0,9.825,0,1,29.825,0,0,1,0,141
758,"Bailey, Mr. Percy Andrew",2,18.0,11.5,0,0,29.5,1,0,0,0,142
147,"Andersson, Mr. August Edvard (""Wennerstrom"")",3,27.0,7.7958,1,1,34.7958,0,1,2,0,143
156,"Williams, Mr. Charles Duane",1,51.0,61.3792,0,0,112.3792,2,2,4,0,144
736,"Williams, Mr. Leslie",3,28.5,16.1,0,1,44.6,1,1,2,0,145
295,"Mineff, Mr. Ivan",3,24.0,7.8958,0,1,31.8958,0,1,1,0,146
1,"Braund, Mr. Owen Harris",3,22.0,7.25,0,1,29.25,0,0,1,0,147
882,"Markun, Mr. Johann",3,33.0,7.8958,0,1,40.8958,0,1,3,0,148
443,"Petterson, Mr. Johan Emil",3,25.0,7.775,0,1,32.775,0,1,1,0,149
632,"Lundahl, Mr. Johan Svensson",3,51.0,7.0542,0,1,58.0542,0,2,4,0,150
510,"Lang, Mr. Fang",3,26.0,56.4958,1,1,82.4958,2,1,2,0,151
346,"Brown, Miss. Amelia ""Mildred""",2,24.0,13.0,1,0,37.0,1,1,1,0,152
146,"Nicholls, Mr. Joseph Charles",2,19.0,36.75,0,0,55.75,2,0,0,0,153
284,"Dorking, Mr. Edward Arthur",3,19.0,8.05,1,1,27.05,0,0,0,0,154
656,"Hickman, Mr. Leonard Mark",2,24.0,73.5,0,0,97.5,2,1,1,0,155
559,"Taussig, Mrs. Emil (Tillie Mandelbaum)",1,39.0,79.65,1,0,118.65,2,2,3,0,156
342,"Fortune, Miss. Alice Elizabeth",1,24.0,263.0,1,0,287.0,2,1,1,0,157
655,"Hegarty, Miss. Hanora ""Nora""",3,18.0,6.75,0,1,24.75,0,0,0,0,158
180,"Leonard, Mr. Lionel",3,36.0,0.0,0,1,36.0,0,2,3,0,159
652,"Doling, Miss. Elsie",2,18.0,23.0,1,0,41.0,1,0,0,0,160
495,"Stanley, Mr. Edward Roland",3,21.0,8.05,0,1,29.05,0,0,1,0,161
809,"Meyer, Mr. August",2,39.0,13.0,0,0,52.0,1,2,3,0,162
659,"Eitemiller, Mr. George Floyd",2,23.0,13.0,0,0,36.0,1,0,1,0,163
334,"Vander Planke, Mr. Leo Edmondus",3,16.0,18.0,0,1,34.0,1,0,0,0,164
618,"Lobb, Mrs. William Arthur (Cordelia K Stanlick)",3,26.0,16.1,0,1,42.1,1,1,2,0,165
642,"Sagesser, Mlle. Emma",1,24.0,69.3,1,0,93.3,2,1,1,0,166
62,"Icard, Miss. Amelie",1,38.0,80.0,1,0,118.0,2,2,3,0,167
326,"Young, Miss. Marie Grice",1,36.0,135.6333,1,0,171.6333,2,2,3,0,168
244,"Maenpaa, Mr. Matti Alexanteri",3,22.0,7.125,0,1,29.125,0,0,1,0,169
891,"Dooley, Mr. Patrick",3,32.0,7.75,0,1,39.75,0,1,2,0,170
751,"Wells, Miss. Joan",2,4.0,23.0,1,0,27.0,1,0,0,0,171
136,"Richard, Mr. Emile",2,23.0,15.0458,0,0,38.0458,1,0,1,0,172
615,"Brocklebank, Mr. William Alfred",3,35.0,8.05,0,1,43.05,0,1,3,0,173
676,"Edvardsson, Mr. Gustaf Hjalmar",3,18.0,7.775,0,1,25.775,0,0,0,0,174
425,"Rosblom, Mr. Viktor Richard",3,18.0,20.2125,0,1,38.2125,1,0,0,0,175
128,"Madsen, Mr. Fridtjof Arne",3,24.0,7.1417,1,1,31.1417,0,1,1,0,176
462,"Morley, Mr. William",3,34.0,8.05,0,1,42.05,0,1,3,0,177
802,"Collyer, Mrs. Harvey (Charlotte Annie Tate)",2,31.0,26.25,1,0,57.25,1,1,2,0,178
689,"Fischer, Mr. Eberhard Thelander",3,18.0,7.7958,0,1,25.7958,0,0,0,0,179
223,"Green, Mr. George Henry",3,51.0,8.05,0,1,59.05,0,2,4,0,180
381,"Bidois, Miss. Rosalie",1,42.0,227.525,1,0,269.525,2,2,3,0,181
611,"Andersson, Mrs. Anders Johan (Alfrida Konstantia Brogren)",3,39.0,31.275,0,1,70.275,2,2,3,0,182
858,"Daly, Mr. Peter Denis ",1,51.0,26.55,1,0,77.55,1,2,4,0,183
189,"Bourke, Mr. John",3,40.0,15.5,0,1,55.5,1,2,3,0,184
154,"van Billiard, Mr. Austin Blyler",3,40.5,14.5,0,1,55.0,1,2,3,0,185
825,"Panula, Master. Urho Abraham",3,2.0,39.6875,0,1,41.6875,2,0,0,0,186
778,"Emanuel, Miss. Virginia Ethel",3,5.0,12.475,1,1,17.475,1,0,0,0,187
231,"Harris, Mrs. Henry Birkhardt (Irene Wallach)",1,35.0,83.475,1,0,118.475,2,1,3,0,188
567,"Stoytcheff, Mr. Ilia",3,19.0,7.8958,0,1,26.8958,0,0,0,0,189
789,"Dean, Master. Bertram Vere",3,1.0,20.575,1,1,21.575,1,0,0,0,190
880,"Potter, Mrs. Thomas Jr (Lily Alexenia Wilson)",1,56.0,83.1583,1,0,139.1583,2,2,4,0,191
451,"West, Mr. Edwy Arthur",2,36.0,27.75,0,0,63.75,2,2,3,0,192
400,"Trout, Mrs. William H (Jessie L)",2,28.0,12.65,1,0,40.65,1,1,2,0,193
823,"Reuchlin, Jonkheer. John George",1,38.0,0.0,0,0,38.0,0,2,3,0,194
178,"Isham, Miss. Ann Elizabeth",1,50.0,28.7125,0,0,78.7125,2,2,4,0,195
176,"Klasen, Mr. Klas Albin",3,18.0,7.8542,0,1,25.8542,0,0,0,0,196
866,"Bystrom, Mrs. (Karolina)",2,42.0,13.0,1,0,55.0,1,2,3,0,197
399,"Pain, Dr. Alfred",2,23.0,10.5,0,0,33.5,0,0,1,0,198
23,"McGowan, Miss. Anna ""Annie""",3,15.0,8.0292,1,1,23.0292,0,0,0,0,199
216,"Newell, Miss. Madeleine",1,31.0,113.275,1,0,144.275,2,1,2,0,200
729,"Bryhl, Mr. Kurt Arnold Gottfrid",2,25.0,26.0,0,0,51.0,1,1,1,0,201
391,"Carter, Mr. William Ernest",1,36.0,120.0,1,0,156.0,2,2,3,0,202
832,"Richards, Master. George Sibley",2,0.83,18.75,1,0,19.58,1,0,0,0,203
14,"Andersson, Mr. Anders Johan",3,39.0,31.275,0,1,70.275,2,2,3,0,204
382,"Nakid, Miss. Maria (""Mary"")",3,1.0,15.7417,1,1,16.7417,1,0,0,0,205
34,"Wheadon, Mr. Edward H",2,66.0,10.5,0,0,76.5,0,2,4,1,206
673,"Mitchell, Mr. Henry Michael",2,70.0,10.5,0,0,80.5,0,2,4,1,207
212,"Cameron, Miss. Clear Annie",2,35.0,21.0,1,0,56.0,1,1,3,0,208
749,"Marvin, Mr. Daniel Warner",1,19.0,53.1,0,0,72.1,2,0,0,0,209
844,"Lemberopolous, Mr. Peter L",3,34.5,6.4375,0,1,40.9375,0,1,3,0,210
309,"Abelson, Mr. Samuel",2,30.0,24.0,0,0,54.0,1,1,2,0,211
374,"Ringhini, Mr. Sante",1,22.0,135.6333,0,0,157.6333,2,0,1,0,212
821,"Hays, Mrs. Charles Melville (Clara Jennings Gregg)",1,52.0,93.5,1,0,145.5,2,2,4,0,213
340,"Blackwell, Mr. Stephen Weart",1,45.0,35.5,0,0,80.5,2,2,4,0,214
194,"Navratil, Master. Michel M",2,3.0,26.0,1,0,29.0,1,0,0,0,215
157,"Gilnagh, Miss. Katherine ""Katie""",3,16.0,7.7333,1,1,23.7333,0,0,0,0,216
625,"Bowen, Mr. David John ""Dai""",3,21.0,16.1,0,1,37.1,1,0,1,0,217
427,"Clarke, Mrs. Charles V (Ada Maria Winfield)",2,28.0,26.0,1,0,54.0,1,1,2,0,218
358,"Funk, Miss. Annie Clemmer",2,38.0,13.0,0,0,51.0,1,2,3,0,219
143,"Hakkarainen, Mrs. Pekka Pietari (Elin Matilda Dolck)",3,24.0,15.85,1,1,39.85,1,1,1,0,220
687,"Panula, Mr. Jaako Arnold",3,14.0,39.6875,0,1,53.6875,2,0,0,0,221
217,"Honkanen, Miss. Eliina",3,27.0,7.925,1,1,34.925,0,1,2,0,222
633,"Stahelin-Maeglin, Dr. Max",1,32.0,30.5,1,0,62.5,2,1,2,0,223
578,"Silvey, Mrs. William Baird (Alice Munger)",1,39.0,55.9,1,0,94.9,2,2,3,0,224
75,"Bing, Mr. Lee",3,32.0,56.4958,1,1,88.4958,2,1,2,0,225
587,"Jarvis, Mr. John Denzil",2,47.0,15.0,0,0,62.0,1,2,4,0,226
277,"Lindblom, Miss. Augusta Charlotta",3,45.0,7.75,0,1,52.75,0,2,4,0,227
349,"Coutts, Master. William Loch ""William""",3,3.0,15.9,1,1,18.9,1,0,0,0,228
21,"Fynney, Mr. Joseph J",2,35.0,26.0,0,0,61.0,1,1,3,0,229
537,"Butt, Major. Archibald Willingham",1,45.0,26.55,0,0,71.55,1,2,4,0,230
401,"Niskanen, Mr. Juha",3,39.0,7.925,1,1,46.925,0,2,3,0,231
319,"Wick, Miss. Mary Natalie",1,31.0,164.8667,1,0,195.8667,2,1,2,0,232
551,"Thayer, Mr. John Borland Jr",1,17.0,110.8833,1,0,127.8833,2,0,0,0,233
856,"Aks, Mrs. Sam (Leah Rosen)",3,18.0,9.35,1,1,27.35,0,0,0,0,234
237,"Hold, Mr. Stephen",2,44.0,26.0,0,0,70.0,1,2,4,0,235
743,"Ryerson, Miss. Susan Parker ""Suzette""",1,21.0,262.375,1,0,283.375,2,0,1,0,236
792,"Gaskell, Mr. Alfred",2,16.0,26.0,0,0,42.0,1,0,0,0,237
490,"Coutts, Master. Eden Leslie ""Neville""",3,9.0,15.9,1,1,24.9,1,0,0,0,238
120,"Andersson, Miss. Ellis Anna Maria",3,2.0,31.275,0,1,33.275,2,0,0,0,239
225,"Hoyt, Mr. Frederick Maxfield",1,38.0,90.0,1,0,128.0,2,2,3,0,240
378,"Widener, Mr. Harry Elkins",1,27.0,211.5,0,0,238.5,2,1,2,0,241
566,"Davies, Mr. Alfred J",3,24.0,24.15,0,1,48.15,1,1,1,0,242
727,"Renouf, Mrs. Peter Henry (Lillian Jefferys)",2,30.0,21.0,1,0,51.0,1,1,2,0,243
629,"Bostandyeff, Mr. Guentcho",3,26.0,7.8958,0,1,33.8958,0,1,2,0,244
627,"Kirkland, Rev. Charles Leonard",2,57.0,12.35,0,0,69.35,1,2,4,0,245
790,"Guggenheim, Mr. Benjamin",1,46.0,79.2,0,0,125.2,2,2,4,0,246
568,"Palsson, Mrs. Nils (Alma Cornelia Berglund)",3,29.0,21.075,0,1,50.075,1,1,2,0,247
7,"McCarthy, Mr. Timothy J",1,54.0,51.8625,0,0,105.8625,2,2,4,0,248
875,"Abelson, Mrs. Samuel (Hannah Wizosky)",2,28.0,24.0,1,0,52.0,1,1,2,0,249
61,"Sirayanian, Mr. Orsen",3,22.0,7.2292,0,1,29.2292,0,0,1,0,250
883,"Dahlberg, Miss. Gerda Ulrika",3,22.0,10.5167,0,1,32.5167,1,0,1,0,251
682,"Hassab, Mr. Hammad",1,27.0,76.7292,1,0,103.7292,2,1,2,0,252
214,"Givard, Mr. Hans Kristensen",2,30.0,13.0,0,0,43.0,1,1,2,0,253
19,"Vander Planke, Mrs. Julius (Emelia Maria Vandemoortele)",3,31.0,18.0,0,1,49.0,1,1,2,0,254
64,"Skoog, Master. Harald",3,4.0,27.9,0,1,31.9,2,0,0,0,255
863,"Swift, Mrs. Frederick Joel (Margaret Welles Barron)",1,48.0,25.9292,1,0,73.92920000000001,1,2,4,0,256
818,"Mallet, Mr. Albert",2,31.0,37.0042,0,0,68.0042,2,1,2,0,257
4,"Futrelle, Mrs. Jacques Heath (Lily May Peel)",1,35.0,53.1,1,0,88.1,2,1,3,0,258
595,"Chapman, Mr. John Henry",2,37.0,26.0,0,0,63.0,1,2,3,0,259
545,"Douglas, Mr. Walter Donald",1,50.0,106.425,0,0,156.425,2,2,4,0,260
395,"Sandstrom, Mrs. Hjalmar (Agnes Charlotta Bengtsson)",3,24.0,16.7,1,1,40.7,1,1,1,0,261
822,"Lulic, Mr. Nikola",3,27.0,8.6625,1,1,35.6625,0,1,2,0,262
353,"Elias, Mr. Tannous",3,15.0,7.2292,0,1,22.2292,0,0,0,0,263
123,"Nasser, Mr. Nicholas",2,32.5,30.0708,0,0,62.5708,2,1,3,0,264
356,"Vanden Steen, Mr. Leo Peter",3,28.0,9.5,0,1,37.5,0,1,2,0,265
626,"Sutton, Mr. Frederick",1,61.0,32.3208,0,0,93.32079999999999,2,2,4,0,266
281,"Duane, Mr. Frank",3,65.0,7.75,0,1,72.75,0,2,4,0,267
35,"Meyer, Mr. Edgar Joseph",1,28.0,82.1708,0,0,110.1708,2,1,2,0,268
855,"Carter, Mrs. Ernest Courtenay (Lilian Hughes)",2,44.0,26.0,0,0,70.0,1,2,4,0,269
328,"Ball, Mrs. (Ada E Hall)",2,36.0,13.0,1,0,49.0,1,2,3,0,270
68,"Crease, Mr. Ernest James",3,19.0,8.1583,0,1,27.1583,0,0,0,0,271
454,"Goldenberg, Mr. Samuel L",1,49.0,89.1042,1,0,138.1042,2,2,4,0,272
286,"Stankovic, Mr. Ivan",3,33.0,8.6625,0,1,41.6625,0,1,3,0,273
52,"Nosworthy, Mr. Richard Cater",3,21.0,7.8,0,1,28.8,0,0,1,0,274
198,"Olsen, Mr. Karl Siegwart Andreas",3,42.0,8.4042,0,1,50.4042,0,2,3,0,275
294,"Haas, Miss. Aloisia",3,24.0,8.85,0,1,32.85,0,1,1,0,276
857,"Wick, Mrs. George Dennick (Mary Hitchcock)",1,45.0,164.8667,1,0,209.8667,2,2,4,0,277
470,"Baclini, Miss. Helene Barbara",3,0.75,19.2583,1,1,20.0083,1,0,0,0,278
463,"Gee, Mr. Arthur H",1,47.0,38.5,0,0,85.5,2,2,4,0,279
219,"Bazzani, Miss. Albina",1,32.0,76.2917,1,0,108.2917,2,1,2,0,280
759,"Theobald, Mr. Thomas Leonard",3,34.0,8.05,0,1,42.05,0,1,3,0,281
637,"Leinonen, Mr. Antti Gustaf",3,32.0,7.925,0,1,39.925,0,1,2,0,282
666,"Hickman, Mr. Lewis",2,32.0,73.5,0,0,105.5,2,1,2,0,283
243,"Coleridge, Mr. Reginald Charles",2,29.0,10.5,0,0,39.5,0,1,2,0,284
762,"Nirva, Mr. Iisakki Antino Aijo",3,41.0,7.125,0,1,48.125,0,2,3,0,285
772,"Jensen, Mr. Niels Peder",3,48.0,7.8542,0,1,55.8542,0,2,4,0,286
562,"Sivic, Mr. Husein",3,40.0,7.8958,0,1,47.8958,0,2,3,0,287
881,"Shelley, Mrs. William (Imanita Parrish Hall)",2,25.0,26.0,1,0,51.0,1,1,1,0,288
593,"Elsbury, Mr. William James",3,47.0,7.25,0,1,54.25,0,2,4,0,289
862,"Giles, Mr. Frederick Edward",2,21.0,11.5,0,0,32.5,1,0,1,0,290
748,"Sinkkonen, Miss. Anna",2,30.0,13.0,1,0,43.0,1,1,2,0,291
770,"Gronnestad, Mr. Daniel Danielsen",3,32.0,8.3625,0,1,40.3625,0,1,2,0,292
89,"Fortune, Miss. Mabel Helen",1,23.0,263.0,1,0,286.0,2,0,1,0,293
584,"Ross, Mr. John Hugo",1,36.0,40.125,0,0,76.125,2,2,3,0,294
211,"Ali, Mr. Ahmed",3,24.0,7.05,0,1,31.05,0,1,1,0,295
592,"Stephenson, Mrs. Walter Bertram (Martha Eustis)",1,52.0,78.2667,1,0,130.26670000000001,2,2,4,0,296
205,"Cohen, Mr. Gurshon ""Gus""",3,18.0,8.05,1,1,26.05,0,0,0,0,297
387,"Goodwin, Master. Sidney Leonard",3,1.0,46.9,0,1,47.9,2,0,0,0,298
240,"Hunt, Mr. George Henry",2,33.0,12.275,0,0,45.275,1,1,3,0,299
635,"Skoog, Miss. Mabel",3,9.0,27.9,0,1,36.9,2,0,0,0,300
456,"Jalsevac, Mr. Ivan",3,29.0,7.8958,1,1,36.8958,0,1,2,0,301
481,"Goodwin, Master. Harold Victor",3,9.0,46.9,0,1,55.9,2,0,0,0,302
807,"Andrews, Mr. Thomas Jr",1,39.0,0.0,0,0,39.0,0,2,3,0,303
653,"Kalvik, Mr. Johannes Halvorsen",3,21.0,8.4333,0,1,29.4333,0,0,1,0,304
192,"Carbines, Mr. William",2,19.0,13.0,0,0,32.0,1,0,0,0,305
696,"Chapman, Mr. Charles Henry",2,52.0,13.5,0,0,65.5,1,2,4,0,306
735,"Troupiansky, Mr. Moses Aaron",2,23.0,13.0,0,0,36.0,1,0,1,0,307
282,"Olsson, Mr. Nils Johan Goransson",3,28.0,7.8542,0,1,35.8542,0,1,2,0,308
607,"Karaic, Mr. Milan",3,30.0,7.8958,0,1,37.8958,0,1,2,0,309
718,"Troutt, Miss. Edwina Celia ""Winnie""",2,27.0,10.5,1,0,37.5,0,1,2,0,310
132,"Coelho, Mr. Domingos Fernandeo",3,20.0,7.05,0,1,27.05,0,0,1,0,311
531,"Quick, Miss. Phyllis May",2,2.0,26.0,1,0,28.0,1,0,0,0,312
529,"Salonen, Mr. Johan Werner",3,39.0,7.925,0,1,46.925,0,2,3,0,313
703,"Barbara, Miss. Saiide",3,18.0,14.4542,0,1,32.4542,1,0,0,0,314
730,"Ilmakangas, Miss. Pieta Sofia",3,25.0,7.925,0,1,32.925,0,1,1,0,315
97,"Goldschmidt, Mr. George B",1,71.0,34.6542,0,0,105.6542,2,2,4,0,316
145,"Andrew, Mr. Edgardo Samuel",2,18.0,11.5,0,0,29.5,1,0,0,0,317
513,"McGough, Mr. James Robert",1,36.0,26.2875,1,0,62.2875,1,2,3,0,318
861,"Hansen, Mr. Claus Peter",3,41.0,14.1083,0,1,55.1083,1,2,3,0,319
149,"Navratil, Mr. Michel (""Louis M Hoffman"")",2,36.5,26.0,0,0,62.5,1,2,3,0,320
71,"Jenkin, Mr. Stephen Curnow",2,32.0,10.5,0,0,42.5,0,1,2,0,321
191,"Pinsky, Mrs. (Rosa)",2,32.0,13.0,1,0,45.0,1,1,2,0,322
507,"Quick, Mrs. Frederick Charles (Jane Richards)",2,33.0,26.0,1,0,59.0,1,1,3,0,323
843,"Serepeca, Miss. Augusta",1,30.0,31.0,1,0,61.0,2,1,2,0,324
258,"Cherry, Miss. Gladys",1,30.0,86.5,1,0,116.5,2,1,2,0,325
608,"Daniel, Mr. Robert Williams",1,27.0,30.5,1,0,57.5,2,1,2,0,326
647,"Cor, Mr. Liudevit",3,19.0,7.8958,0,1,26.8958,0,0,0,0,327
766,"Hogeboom, Mrs. John C (Anna Andrews)",1,51.0,77.9583,1,0,128.9583,2,2,4,0,328
695,"Weir, Col. John",1,60.0,26.55,0,0,86.55,1,2,4,0,329
10,"Nasser, Mrs. Nicholas (Adele Achem)",2,14.0,30.0708,1,0,44.0708,2,0,0,0,330
726,"Oreskovic, Mr. Luka",3,20.0,8.6625,0,1,28.6625,0,0,1,0,331
51,"Panula, Master. Juha Niilo",3,7.0,39.6875,0,1,46.6875,2,0,0,0,332
572,"Appleton, Mrs. Edward Dale (Charlotte Lamson)",1,53.0,51.4792,1,0,104.47919999999999,2,2,4,0,333
174,"Sivola, Mr. Antti Wilhelm",3,21.0,7.925,0,1,28.925,0,0,1,0,334
317,"Kantor, Mrs. Sinai (Miriam Sternin)",2,24.0,26.0,1,0,50.0,1,1,1,0,335
380,"Gustafsson, Mr. Karl Gideon",3,19.0,7.775,0,1,26.775,0,0,0,0,336
679,"Goodwin, Mrs. Frederick (Augusta Tyler)",3,43.0,46.9,0,1,89.9,2,2,4,0,337
683,"Olsvigen, Mr. Thor Anderson",3,20.0,9.225,0,1,29.225,0,0,1,0,338
461,"Anderson, Mr. Harry",1,48.0,26.55,1,0,74.55,1,2,4,0,339
79,"Caldwell, Master. Alden Gates",2,0.83,29.0,1,0,29.83,2,0,0,0,340
140,"Giglio, Mr. Victor",1,24.0,79.2,0,0,103.2,2,1,1,0,341
650,"Stanley, Miss. Amy Zillah Elsie",3,23.0,7.55,1,1,30.55,0,0,1,0,342
661,"Frauenthal, Dr. Henry William",1,50.0,133.65,1,0,183.65,2,2,4,0,343
799,"Ibrahim Shawah, Mr. Yousseff",3,30.0,7.2292,0,1,37.2292,0,1,2,0,344
327,"Nysveen, Mr. Johan Hansen",3,61.0,6.2375,0,1,67.2375,0,2,4,0,345
834,"Augustsson, Mr. Albert",3,23.0,7.8542,0,1,30.8542,0,0,1,0,346
373,"Beavan, Mr. William Thomas",3,19.0,8.05,0,1,27.05,0,0,0,0,347
606,"Lindell, Mr. Edvard Bengtsson",3,36.0,15.55,0,1,51.55,1,2,3,0,348
521,"Perreault, Miss. Anne",1,30.0,93.5,1,0,123.5,2,1,2,0,349
190,"Turcin, Mr. Stjepan",3,36.0,7.8958,0,1,43.8958,0,2,3,0,350
546,"Nicholson, Mr. Arthur Ernest",1,64.0,26.0,0,0,90.0,1,2,4,0,351
846,"Abbing, Mr. Anthony",3,42.0,7.55,0,1,49.55,0,2,3,0,352
555,"Ohman, Miss. Velin",3,22.0,7.775,1,1,29.775,0,0,1,0,353
851,"Andersson, Master. Sigvard Harald Elias",3,4.0,31.275,0,1,35.275,2,0,0,0,354
332,"Partner, Mr. Austen",1,45.5,28.5,0,0,74.0,2,2,4,0,355
781,"Ayoub, Miss. Banoura",3,13.0,7.2292,1,1,20.2292,0,0,0,0,356
448,"Seward, Mr. Frederic Kimber",1,34.0,26.55,1,0,60.55,1,1,3,0,357
797,"Leader, Dr. Alice (Farnham)",1,49.0,25.9292,1,0,74.92920000000001,1,2,4,0,358
53,"Harper, Mrs. Henry Sleeper (Myna Haxtun)",1,49.0,76.7292,1,0,125.7292,2,2,4,0,359
158,"Corn, Mr. Harry",3,30.0,8.05,0,1,38.05,0,1,2,0,360
535,"Cacic, Miss. Marija",3,30.0,8.6625,0,1,38.6625,0,1,2,0,361
524,"Hippach, Mrs. Louis Albert (Ida Sophia Fischer)",1,44.0,57.9792,1,0,101.97919999999999,2,2,4,0,362
620,"Gavey, Mr. Lawrence",2,26.0,10.5,0,0,36.5,0,1,2,0,363
384,"Holverson, Mrs. Alexander Oskar (Mary Aline Towner)",1,35.0,52.0,1,0,87.0,2,1,3,0,364
247,"Lindahl, Miss. Agda Thorilda Viktoria",3,25.0,7.775,0,1,32.775,0,1,1,0,365
439,"Fortune, Mr. Mark",1,64.0,263.0,0,0,327.0,2,2,4,0,366
185,"Kink-Heilmann, Miss. Luise Gretchen",3,4.0,22.025,1,1,26.025,1,0,0,0,367
184,"Becker, Master. Richard F",2,1.0,39.0,1,0,40.0,2,0,0,0,368
662,"Badt, Mr. Mohamed",3,40.0,7.225,0,1,47.225,0,2,3,0,369
871,"Balkic, Mr. Cerin",3,26.0,7.8958,0,1,33.8958,0,1,2,0,370
678,"Turja, Miss. Anna Sofia",3,18.0,9.8417,1,1,27.8417,0,0,0,0,371
436,"Carter, Miss. Lucile Polk",1,14.0,120.0,1,0,134.0,2,0,0,0,372
586,"Taussig, Miss. Ruth",1,18.0,79.65,1,0,97.65,2,0,0,0,373
404,"Hakkarainen, Mr. Pekka Pietari",3,28.0,15.85,0,1,43.85,1,1,2,0,374
232,"Larsson, Mr. Bengt Edvin",3,29.0,7.775,0,1,36.775,0,1,2,0,375
153,"Meo, Mr. Alfonzo",3,55.5,8.05,0,1,63.55,0,2,4,0,376
760,"Rothes, the Countess. of (Lucy Noel Martha Dyer-Edwards)",1,33.0,86.5,1,0,119.5,2,1,3,0,377
179,"Hale, Mr. Reginald",2,30.0,13.0,0,0,43.0,1,1,2,0,378
852,"Svensson, Mr. Johan",3,74.0,7.775,0,1,81.775,0,2,4,0,379
246,"Minahan, Dr. William Edward",1,44.0,90.0,0,0,134.0,2,2,4,0,380
347,"Smith, Miss. Marion Elsie",2,40.0,13.0,1,0,53.0,1,2,3,0,381
367,"Warren, Mrs. Frank Manley (Anna Sophia Atkinson)",1,60.0,75.25,1,0,135.25,2,2,4,0,382
504,"Laitinen, Miss. Kristina Sofia",3,37.0,9.5875,0,1,46.5875,0,2,3,0,383
152,"Pears, Mrs. Thomas (Edith Wearne)",1,22.0,66.6,1,0,88.6,2,0,1,0,384
228,"Lovell, Mr. John Hall (""Henry"")",3,20.5,7.25,0,1,27.75,0,0,1,0,385
252,"Strom, Mrs. Wilhelm (Elna Matilda Persson)",3,29.0,10.4625,0,1,39.4625,0,1,2,0,386
552,"Sharp, Mr. Percival James R",2,27.0,26.0,0,0,53.0,1,1,2,0,387
310,"Francatelli, Miss. Laura Mabel",1,30.0,56.9292,1,0,86.92920000000001,2,1,2,0,388
522,"Vovk, Mr. Janko",3,22.0,7.8958,0,1,29.8958,0,0,1,0,389
796,"Otter, Mr. Richard",2,39.0,13.0,0,0,52.0,1,2,3,0,390
162,"Watt, Mrs. James (Elizabeth ""Bessie"" Inglis Milne)",2,40.0,15.75,1,0,55.75,1,2,3,0,391
506,"Penasco y Castellana, Mr. Victor de Satode",1,18.0,108.9,0,0,126.9,2,0,0,0,392
848,"Markoff, Mr. Marin",3,35.0,7.8958,0,1,42.8958,0,1,3,0,393
700,"Humblen, Mr. Adolf Mathias Nicolai Olsen",3,42.0,7.65,0,1,49.65,0,2,3,0,394
273,"Mellinger, Mrs. (Elizabeth Anne Maidment)",2,41.0,19.5,1,0,60.5,1,2,3,0,395
812,"Lester, Mr. James",3,39.0,24.15,0,1,63.15,1,2,3,0,396
686,"Laroche, Mr. Joseph Philippe Lemercier",2,25.0,41.5792,0,0,66.5792,2,1,1,0,397
815,"Tomlin, Mr. Ernest Portage",3,30.5,8.05,0,1,38.55,0,1,2,0,398
694,"Saad, Mr. Khalil",3,25.0,7.225,0,1,32.225,0,1,1,0,399
485,"Bishop, Mr. Dickinson H",1,25.0,91.0792,1,0,116.0792,2,1,1,0,400
865,"Gill, Mr. John William",2,24.0,13.0,0,0,37.0,1,1,1,0,401
645,"Baclini, Miss. Eugenie",3,0.75,19.2583,1,1,20.0083,1,0,0,0,402
333,"Graham, Mr. George Edward",1,38.0,153.4625,0,0,191.4625,2,2,3,0,403
556,"Wright, Mr. George",1,62.0,26.55,0,0,88.55,1,2,4,0,404
628,"Longley, Miss. Gretchen Fiske",1,21.0,77.9583,1,0,98.9583,2,0,1,0,405
142,"Nysten, Miss. Anna Sofia",3,22.0,7.75,1,1,29.75,0,0,1,0,406
289,"Hosono, Mr. Masabumi",2,42.0,13.0,1,0,55.0,1,2,3,0,407
780,"Robert, Mrs. Edward Scott (Elisabeth Walton McMillan)",1,43.0,211.3375,1,0,254.3375,2,2,4,0,408
468,"Smart, Mr. John Montgomery",1,56.0,26.55,0,0,82.55,1,2,4,0,409
290,"Connolly, Miss. Kate",3,22.0,7.75,1,1,29.75,0,0,1,0,410
737,"Ford, Mrs. Edward (Margaret Ann Watson)",3,48.0,34.375,0,1,82.375,2,2,4,0,411
396,"Johansson, Mr. Erik",3,22.0,7.7958,0,1,29.7958,0,0,1,0,412
516,"Walker, Mr. William Anderson",1,47.0,34.0208,0,0,81.02080000000001,2,2,4,0,413
801,"Ponesell, Mr. Martin",2,34.0,13.0,0,0,47.0,1,1,3,0,414
447,"Mellinger, Miss. Madeleine Violet",2,13.0,19.5,1,0,32.5,1,0,0,0,415
322,"Danoff, Mr. Yoto",3,27.0,7.8958,0,1,34.8958,0,1,2,0,416
351,"Odahl, Mr. Nils Martin",3,23.0,9.225,0,1,32.225,0,0,1,0,417
473,"West, Mrs. Edwy Arthur (Ada Mary Worth)",2,33.0,27.75,1,0,60.75,2,1,3,0,418
483,"Rouse, Mr. Richard Henry",3,50.0,8.05,0,1,58.05,0,2,4,0,419
280,"Abbott, Mrs. Stanton (Rosa Hunt)",3,35.0,20.25,1,1,55.25,1,1,3,0,420
849,"Harper, Rev. John",2,28.0,33.0,0,0,61.0,2,1,2,0,421
732,"Hassan, Mr. Houssein G N",3,11.0,18.7875,0,1,29.7875,1,0,0,0,422
598,"Johnson, Mr. Alfred",3,49.0,0.0,0,1,49.0,0,2,4,0,423
435,"Silvey, Mr. William Baird",1,50.0,55.9,0,0,105.9,2,2,4,0,424
639,"Panula, Mrs. Juha (Maria Emilia Ojala)",3,41.0,39.6875,0,1,80.6875,2,2,3,0,425
878,"Petroff, Mr. Nedelio",3,19.0,7.8958,0,1,26.8958,0,0,0,0,426
824,"Moor, Mrs. (Beila)",3,27.0,12.475,1,1,39.475,1,1,2,0,427
806,"Johansson, Mr. Karl Johan",3,31.0,7.775,0,1,38.775,0,1,2,0,428
763,"Barah, Mr. Hanna Assi",3,20.0,7.2292,1,1,27.2292,0,0,1,0,429
755,"Herman, Mrs. Samuel (Jane Laver)",2,48.0,65.0,1,0,113.0,2,2,4,0,430
702,"Silverthorne, Mr. Spencer Victor",1,35.0,26.2875,1,0,61.2875,1,1,3,0,431
111,"Porter, Mr. Walter Chamberlain",1,47.0,52.0,0,0,99.0,2,2,4,0,432
303,"Johnson, Mr. William Cahoone Jr",3,19.0,0.0,0,1,19.0,0,0,0,0,433
201,"Vande Walle, Mr. Nestor Cyriel",3,28.0,9.5,0,1,37.5,0,1,2,0,434
664,"Coleff, Mr. Peju",3,36.0,7.4958,0,1,43.4958,0,2,3,0,435
50,"Arnold-Franchi, Mrs. Josef (Josefine Franchi)",3,18.0,17.8,0,1,35.8,1,0,0,0,436
684,"Goodwin, Mr. Charles Edward",3,14.0,46.9,0,1,60.9,2,0,0,0,437
213,"Perkin, Mr. John Henry",3,22.0,7.25,0,1,29.25,0,0,1,0,438
765,"Eklund, Mr. Hans Linus",3,16.0,7.775,0,1,23.775,0,0,0,0,439
756,"Hamalainen, Master. Viljo",2,0.67,14.5,1,0,15.17,1,0,0,0,440
842,"Mudd, Mr. Thomas Charles",2,16.0,10.5,0,0,26.5,0,0,0,0,441
121,"Hickman, Mr. Stanley George",2,21.0,73.5,0,0,94.5,2,0,1,0,442
709,"Cleaver, Miss. Alice",1,22.0,151.55,1,0,173.55,2,0,1,0,443
298,"Allison, Miss. Helen Loraine",1,2.0,151.55,0,0,153.55,2,0,0,0,444
723,"Gillespie, Mr. William Henry",2,34.0,13.0,0,0,47.0,1,1,3,0,445
582,"Thayer, Mrs. John Borland (Marian Longstreth Morris)",1,39.0,110.8833,1,0,149.88330000000002,2,2,3,0,446
699,"Thayer, Mr. John Borland",1,49.0,110.8833,0,0,159.88330000000002,2,2,4,0,447
786,"Harmer, Mr. Abraham (David Lishin)",3,25.0,7.25,0,1,32.25,0,1,1,0,448
256,"Touma, Mrs. Darwis (Hanne Youssef Razi)",3,29.0,15.2458,1,1,44.2458,1,1,2,0,449
493,"Molson, Mr. Harry Markland",1,55.0,30.5,0,0,85.5,2,2,4,0,450
500,"Svensson, Mr. Olof",3,24.0,7.7958,0,1,31.7958,0,1,1,0,451
757,"Carlsson, Mr. August Sigfrid",3,28.0,7.7958,0,1,35.7958,0,1,2,0,452
270,"Bissette, Miss. Amelia",1,35.0,135.6333,1,0,170.6333,2,1,3,0,453
5,"Allen, Mr. William Henry",3,35.0,8.05,0,1,43.05,0,1,3,0,454
800,"Van Impe, Mrs. Jean Baptiste (Rosalie Paula Govaert)",3,30.0,24.15,0,1,54.15,1,1,2,0,455
690,"Madill, Miss. Georgette Alexandra",1,15.0,211.3375,1,0,226.3375,2,0,0,0,456
125,"White, Mr. Percival Wayland",1,54.0,77.2875,0,0,131.2875,2,2,4,0,457
722,"Jensen, Mr. Svend Lauritz",3,17.0,7.0542,0,1,24.0542,0,0,0,0,458
511,"Daly, Mr. Eugene Patrick",3,29.0,7.75,1,1,36.75,0,1,2,0,459
636,"Davis, Miss. Mary",2,28.0,13.0,1,0,41.0,1,1,2,0,460
63,"Harris, Mr. Henry Birkhardt",1,45.0,83.475,0,0,128.475,2,2,4,0,461
42,"Turpin, Mrs. William John Robert (Dorothy Ann Wonnacott)",2,27.0,21.0,0,0,48.0,1,1,2,0,462
249,"Beckwith, Mr. Richard Leonard",1,37.0,52.5542,1,0,89.55420000000001,2,2,3,0,463
168,"Skoog, Mrs. William (Anna Bernhardina Karlsson)",3,45.0,27.9,0,1,72.9,2,2,4,0,464
36,"Holverson, Mr. Alexander Oskar",1,42.0,52.0,0,0,94.0,2,2,3,0,465
788,"Rice, Master. George Hugh",3,8.0,29.125,0,1,37.125,2,0,0,0,466
287,"de Mulder, Mr. Theodore",3,30.0,9.5,1,1,39.5,0,1,2,0,467
621,"Yasbeck, Mr. Antoni",3,27.0,14.4542,0,1,41.4542,1,1,2,0,468
475,"Strandberg, Miss. Ida Sofia",3,22.0,9.8375,0,1,31.8375,0,0,1,0,469
361,"Skoog, Mr. Wilhelm",3,40.0,27.9,0,1,67.9,2,2,3,0,470
527,"Ridsdale, Miss. Lucy",2,50.0,10.5,1,0,60.5,0,2,4,0,471
492,"Windelov, Mr. Einar",3,21.0,7.25,0,1,28.25,0,0,1,0,472
746,"Crosby, Capt. Edward Gifford",1,70.0,71.0,0,0,141.0,2,2,4,0,473
631,"Barkworth, Mr. Algernon Henry Wilson",1,80.0,30.0,1,0,110.0,2,2,4,0,474
173,"Johnson, Miss. Eleanor Ileen",3,1.0,11.1333,1,1,12.1333,1,0,0,0,475
82,"Sheerlinck, Mr. Jan Baptist",3,29.0,9.5,1,1,38.5,0,1,2,0,476
596,"Van Impe, Mr. Jean Baptiste",3,36.0,24.15,0,1,60.15,1,2,3,0,477
161,"Cribb, Mr. John Hatfield",3,44.0,16.1,0,1,60.1,1,2,4,0,478
868,"Roebling, Mr. Washington Augustus II",1,31.0,50.4958,0,0,81.4958,2,1,2,0,479
660,"Newell, Mr. Arthur Webster",1,58.0,113.275,0,0,171.275,2,2,4,0,480
85,"Ilett, Miss. Bertha",2,17.0,10.5,1,0,27.5,0,0,0,0,481
16,"Hewlett, Mrs. (Mary D Kingcome) ",2,55.0,16.0,1,0,71.0,1,2,4,0,482
196,"Lurette, Miss. Elise",1,58.0,146.5208,1,0,204.5208,2,2,4,0,483
55,"Ostby, Mr. Engelhart Cornelius",1,65.0,61.9792,0,0,126.97919999999999,2,2,4,0,484
624,"Hansen, Mr. Henry Damsgaard",3,21.0,7.8542,0,1,28.8542,0,0,1,0,485
477,"Renouf, Mr. Peter Henry",2,34.0,21.0,0,0,55.0,1,1,3,0,486
233,"Sjostedt, Mr. Ernst Adolf",2,59.0,13.5,0,0,72.5,1,2,4,0,487
269,"Graham, Mrs. William Thompson (Edith Junkins)",1,58.0,153.4625,1,0,211.4625,2,2,4,0,488
70,"Kink, Mr. Vincenz",3,26.0,8.6625,0,1,34.6625,0,1,2,0,489
422,"Charters, Mr. David",3,21.0,7.7333,0,1,28.7333,0,0,1,0,490
371,"Harder, Mr. George Achilles",1,25.0,55.4417,1,0,80.4417,2,1,1,0,491
315,"Hart, Mr. Benjamin",2,43.0,26.25,0,0,69.25,1,2,4,0,492
583,"Downton, Mr. William James",2,54.0,26.0,0,0,80.0,1,2,4,0,493
576,"Patchett, Mr. George",3,19.0,14.5,0,1,33.5,1,0,0,0,494
888,"Graham, Miss. Margaret Edith",1,19.0,30.0,1,0,49.0,2,0,0,0,495
337,"Pears, Mr. Thomas Clinton",1,29.0,66.6,0,0,95.6,2,1,2,0,496
250,"Carter, Rev. Ernest Courtenay",2,54.0,26.0,0,0,80.0,1,2,4,0,497
204,"Youseff, Mr. Gerious",3,45.5,7.225,0,1,52.725,0,2,4,0,498
701,"Astor, Mrs. John Jacob (Madeleine Talmadge Force)",1,18.0,227.525,1,0,245.525,2,0,0,0,499
505,"Maioni, Miss. Roberta",1,16.0,86.5,1,0,102.5,2,0,0,0,500
605,"Homer, Mr. Harry (""Mr E Haven"")",1,35.0,26.55,1,0,61.55,1,1,3,0,501
134,"Weisz, Mrs. Leopold (Mathilde Francoise Pede)",2,29.0,26.0,1,0,55.0,1,1,2,0,502
713,"Taylor, Mr. Elmer Zebley",1,48.0,52.0,1,0,100.0,2,2,4,0,503
489,"Somerton, Mr. Francis William",3,30.0,8.05,0,1,38.05,0,1,2,0,504
2,"Cumings, Mrs. John Bradley (Florence Briggs Thayer)",1,38.0,71.2833,1,0,109.2833,2,2,3,0,505
835,"Allum, Mr. Owen George",3,18.0,8.3,0,1,26.3,0,0,0,0,506
707,"Kelly, Mrs. Florence ""Fannie""",2,45.0,13.5,1,0,58.5,1,2,4,0,507
104,"Johansson, Mr. Gustaf Joel",3,33.0,8.6542,0,1,41.6542,0,1,3,0,508
255,"Rosblom, Mrs. Viktor (Helena Wilhelmina)",3,41.0,20.2125,0,1,61.2125,1,2,3,0,509
45,"Devaney, Miss. Margaret Delia",3,19.0,7.8792,1,1,26.8792,0,0,0,0,510
643,"Skoog, Miss. Margit Elizabeth",3,2.0,27.9,0,1,29.9,2,0,0,0,511
540,"Frolicher, Miss. Hedwig Margaritha",1,22.0,49.5,1,0,71.5,2,0,1,0,512
575,"Rush, Mr. Alfred George John",3,16.0,8.05,0,1,24.05,0,0,0,0,513
457,"Millet, Mr. Francis Davis",1,65.0,26.55,0,0,91.55,1,2,4,0,514
117,"Connors, Mr. Patrick",3,70.5,7.75,0,1,78.25,0,2,4,0,515
424,"Danbom, Mrs. Ernst Gilbert (Anna Sigrid Maria Brogren)",3,28.0,14.4,0,1,42.4,1,1,2,0,516
711,"Mayne, Mlle. Berthe Antonine (""Mrs de Villiers"")",1,24.0,49.5042,1,0,73.5042,2,1,1,0,517
433,"Louch, Mrs. Charles Alexander (Alice Adelaide Slow)",2,42.0,26.0,1,0,68.0,1,2,3,0,518
300,"Baxter, Mrs. James (Helene DeLaudeniere Chaput)",1,50.0,247.5208,1,0,297.5208,2,2,4,0,519
15,"Vestrom, Miss. Hulda Amanda Adolfina",3,14.0,7.8542,0,1,21.8542,0,0,0,0,520
394,"Newell, Miss. Marjorie",1,23.0,113.275,1,0,136.275,2,0,1,0,521
754,"Jonkoff, Mr. Lalio",3,23.0,7.8958,0,1,30.8958,0,0,1,0,522
487,"Hoyt, Mrs. Frederick Maxfield (Jane Anne Forby)",1,35.0,90.0,1,0,125.0,2,1,3,0,523
341,"Navratil, Master. Edmond Roger",2,2.0,26.0,1,0,28.0,1,0,0,0,524
209,"Carr, Miss. Helen ""Ellen""",3,16.0,7.75,1,1,23.75,0,0,0,0,525
884,"Banfield, Mr. Frederick James",2,28.0,10.5,0,0,38.5,0,1,2,0,526
810,"Chambers, Mrs. Norman Campbell (Bertha Griggs)",1,33.0,53.1,1,0,86.1,2,1,3,0,527
616,"Herman, Miss. Alice",2,24.0,65.0,1,0,89.0,2,1,1,0,528
872,"Beckwith, Mrs. Richard Leonard (Sallie Monypeny)",1,47.0,52.5542,1,0,99.55420000000001,2,2,4,0,529
638,"Collyer, Mr. Harvey",2,31.0,26.25,0,0,57.25,1,1,2,0,530
306,"Allison, Master. Hudson Trevor",1,0.92,151.55,1,0,152.47,2,0,0,0,531
714,"Larsson, Mr. August Viktor",3,29.0,9.4833,0,1,38.4833,0,1,2,0,532
708,"Calderhead, Mr. Edward Pennington",1,42.0,26.2875,1,0,68.2875,1,2,3,0,533
235,"Leyson, Mr. Robert William Norman",2,24.0,10.5,0,0,34.5,0,1,1,0,534
604,"Torber, Mr. Ernst William",3,44.0,8.05,0,1,52.05,0,2,4,0,535
646,"Harper, Mr. Henry Sleeper",1,48.0,76.7292,1,0,124.7292,2,2,4,0,536
76,"Moen, Mr. Sigurd Hansen",3,25.0,7.65,0,1,32.65,0,1,1,0,537
601,"Jacobsohn, Mrs. Sidney Samuel (Amy Frances Christy)",2,24.0,27.0,1,0,51.0,2,1,1,0,538
706,"Morley, Mr. Henry Samuel (""Mr Henry Marshall"")",2,39.0,26.0,0,0,65.0,1,2,3,0,539
316,"Nilsson, Miss. Helmina Josefina",3,26.0,7.8542,1,1,33.8542,0,1,2,0,540
25,"Palsson, Miss. Torborg Danira",3,8.0,21.075,0,1,29.075,1,0,0,0,541
392,"Jansson, Mr. Carl Olof",3,21.0,7.7958,1,1,28.7958,0,0,1,0,542
581,"Christy, Miss. Julie Rachel",2,25.0,30.0,1,0,55.0,2,1,1,0,543
203,"Johanson, Mr. Jakob Alfred",3,34.0,6.4958,0,1,40.4958,0,1,3,0,544
344,"Sedgwick, Mr. Charles Frederick Waddington",2,25.0,13.0,0,0,38.0,1,1,1,0,545
238,"Collyer, Miss. Marjorie ""Lottie""",2,8.0,26.25,1,0,34.25,1,0,0,0,546
484,"Turkula, Mrs. (Hedwig)",3,63.0,9.5875,1,1,72.5875,0,2,4,0,547
520,"Pavlovic, Mr. Stefo",3,32.0,7.8958,0,1,39.8958,0,1,2,0,548
623,"Nakid, Mr. Sahid",3,20.0,15.7417,1,1,35.7417,1,0,1,0,549
430,"Pickard, Mr. Berk (Berk Trembisky)",3,32.0,8.05,1,1,40.05,0,1,2,0,550
386,"Davies, Mr. Charles Henry",2,18.0,73.5,0,0,91.5,2,0,0,0,551
828,"Mallet, Master. Andre",2,1.0,37.0042,1,0,38.0042,2,0,0,0,552
163,"Bengtsson, Mr. John Viktor",3,26.0,7.775,0,1,33.775,0,1,2,0,553
831,"Yasbeck, Mrs. Antoni (Selini Alexander)",3,15.0,14.4542,1,1,29.4542,1,0,0,0,554
126,"Nicola-Yarred, Master. Elias",3,12.0,11.2417,1,1,23.2417,1,0,0,0,555
466,"Goncalves, Mr. Manuel Estanslas",3,38.0,7.05,0,1,45.05,0,2,3,0,556
113,"Barton, Mr. David John",3,22.0,8.05,0,1,30.05,0,0,1,0,557
580,"Jussila, Mr. Eiriik",3,32.0,7.925,1,1,39.925,0,1,2,0,558
409,"Birkeland, Mr. Hans Martin Monsen",3,21.0,7.775,0,1,28.775,0,0,1,0,559
267,"Panula, Mr. Ernesti Arvid",3,16.0,39.6875,0,1,55.6875,2,0,0,0,560
589,"Gilinski, Mr. Eliezer",3,22.0,8.05,0,1,30.05,0,0,1,0,561
151,"Bateman, Rev. Robert James",2,51.0,12.525,0,0,63.525,1,2,4,0,562
771,"Lievens, Mr. Rene Aime",3,24.0,9.5,0,1,33.5,0,1,1,0,563
24,"Sloper, Mr. William Thompson",1,28.0,35.5,1,0,63.5,2,1,2,0,564
876,"Najib, Miss. Adele Kiamie ""Jane""",3,15.0,7.225,1,1,22.225,0,0,0,0,565
93,"Chaffee, Mr. Herbert Fuller",1,46.0,61.175,0,0,107.175,2,2,4,0,566
135,"Sobey, Mr. Samuel James Hayden",2,25.0,13.0,0,0,38.0,1,1,1,0,567
338,"Burns, Miss. Elizabeth Margaret",1,41.0,134.5,1,0,175.5,2,2,3,0,568
549,"Goldsmith, Mr. Frank John",3,33.0,20.525,0,1,53.525,1,1,3,0,569
131,"Drazenoic, Mr. Jozef",3,33.0,7.8958,0,1,40.8958,0,1,3,0,570
