PassengerId,Name,Pclass,Age,Fare,Survived,Name_exact_copy,Age_with_noise,Survived_with_nan_noise
332,"Partner, Mr. Austen",1,45.5,28.5,0,"Partner, Mr. Austen",45.5,
734,"Berriman, Mr. William John",2,23.0,13.0,0,"Berriman, Mr. William John",34.0,
383,"Tikkanen, Mr. Juho",3,32.0,7.925,0,"Tikkanen, Mr. Juho",32.0,
705,"Hansen, Mr. Henrik Juul",3,26.0,7.8542,0,"Hansen, Mr. Henrik Juul",26.0,
814,"Andersson, Miss. Ebba Iris Alfrida",3,6.0,31.275,0,"Andersson, Miss. Ebba Iris Alfrida",6.0,0
119,"Baxter, Mr. Quigg Edmond",1,24.0,247.5208,0,"Baxter, Mr. Quigg Edmond",24.0,
537,"Butt, Major. Archibald Willingham",1,45.0,26.55,0,"Butt, Major. Archibald Willingham",45.0,0
362,"del Carlo, Mr. Sebastiano",2,29.0,27.7208,0,"del Carlo, Mr. Sebastiano",29.0,
30,"Todoroff, Mr. Lalio",3,,7.8958,0,"Todoroff, Mr. Lalio",,0
56,"Woolner, Mr. Hugh",1,,35.5,1,"Woolner, Mr. Hugh",,
866,"Bystrom, Mrs. (Karolina)",2,42.0,13.0,1,"Bystrom, Mrs. (Karolina)",42.0,
596,"Van Impe, Mr. Jean Baptiste",3,36.0,24.15,0,"Van Impe, Mr. Jean Baptiste",36.0,
240,"Hunt, Mr. George Henry",2,33.0,12.275,0,"Hunt, Mr. George Henry",33.0,
722,"Jensen, Mr. Svend Lauritz",3,17.0,7.0542,0,"Jensen, Mr. Svend Lauritz",17.0,0
82,"Sheerlinck, Mr. Jan Baptist",3,29.0,9.5,1,"Sheerlinck, Mr. Jan Baptist",29.0,
260,"Parrish, Mrs. (Lutie Davis)",2,50.0,26.0,1,"Parrish, Mrs. (Lutie Davis)",50.0,
487,"Hoyt, Mrs. Frederick Maxfield (Jane Anne Forby)",1,35.0,90.0,1,"Hoyt, Mrs. Frederick Maxfield (Jane Anne Forby)",35.0,
717,"Endres, Miss. Caroline Louise",1,38.0,227.525,1,"Endres, Miss. Caroline Louise",38.0,
801,"Ponesell, Mr. Martin",2,34.0,13.0,0,"Ponesell, Mr. Martin",34.0,
782,"Dick, Mrs. Albert Adrian (Vera Gillespie)",1,17.0,57.0,1,"Dick, Mrs. Albert Adrian (Vera Gillespie)",17.0,
543,"Andersson, Miss. Sigrid Elisabeth",3,11.0,31.275,0,"Andersson, Miss. Sigrid Elisabeth",11.0,
327,"Nysveen, Mr. Johan Hansen",3,61.0,6.2375,0,"Nysveen, Mr. Johan Hansen",61.0,
535,"Cacic, Miss. Marija",3,30.0,8.6625,0,"Cacic, Miss. Marija",30.0,
536,"Hart, Miss. Eva Miriam",2,7.0,26.25,1,"Hart, Miss. Eva Miriam",7.0,
484,"Turkula, Mrs. (Hedwig)",3,63.0,9.5875,1,"Turkula, Mrs. (Hedwig)",63.0,
763,"Barah, Mr. Hanna Assi",3,20.0,7.2292,1,"Barah, Mr. Hanna Assi",,
534,"Peter, Mrs. Catherine (Catherine Rizk)",3,,22.3583,1,"Peter, Mrs. Catherine (Catherine Rizk)",,
714,"Larsson, Mr. August Viktor",3,29.0,9.4833,0,"Larsson, Mr. August Viktor",29.0,
391,"Carter, Mr. William Ernest",1,36.0,120.0,1,"Carter, Mr. William Ernest",36.0,
496,"Yousseff, Mr. Gerious",3,,14.4583,0,"Yousseff, Mr. Gerious",,0
483,"Rouse, Mr. Richard Henry",3,50.0,8.05,0,"Rouse, Mr. Richard Henry",50.0,
378,"Widener, Mr. Harry Elkins",1,27.0,211.5,0,"Widener, Mr. Harry Elkins",27.0,
366,"Adahl, Mr. Mauritz Nils Martin",3,30.0,7.25,0,"Adahl, Mr. Mauritz Nils Martin",30.0,
413,"Minahan, Miss. Daisy E",1,33.0,90.0,1,"Minahan, Miss. Daisy E",33.0,
469,"Scanlan, Mr. James",3,,7.725,0,"Scanlan, Mr. James",,
410,"Lefebre, Miss. Ida",3,,25.4667,0,"Lefebre, Miss. Ida",,0
8,"Palsson, Master. Gosta Leonard",3,2.0,21.075,0,"Palsson, Master. Gosta Leonard",2.0,
581,"Christy, Miss. Julie Rachel",2,25.0,30.0,1,"Christy, Miss. Julie Rachel",25.0,
156,"Williams, Mr. Charles Duane",1,51.0,61.3792,0,"Williams, Mr. Charles Duane",51.0,
881,"Shelley, Mrs. William (Imanita Parrish Hall)",2,25.0,26.0,1,"Shelley, Mrs. William (Imanita Parrish Hall)",25.0,
426,"Wiseman, Mr. Phillippe",3,,7.25,0,"Wiseman, Mr. Phillippe",,
102,"Petroff, Mr. Pastcho (""Pentcho"")",3,,7.8958,0,"Petroff, Mr. Pastcho (""Pentcho"")",,
200,"Yrois, Miss. Henriette (""Mrs Harbeck"")",2,24.0,13.0,0,"Yrois, Miss. Henriette (""Mrs Harbeck"")",24.0,
425,"Rosblom, Mr. Viktor Richard",3,18.0,20.2125,0,"Rosblom, Mr. Viktor Richard",18.0,
299,"Saalfeld, Mr. Adolphe",1,,30.5,1,"Saalfeld, Mr. Adolphe",,
885,"Sutehall, Mr. Henry Jr",3,25.0,7.05,0,"Sutehall, Mr. Henry Jr",25.0,
248,"Hamalainen, Mrs. William (Anna)",2,24.0,14.5,1,"Hamalainen, Mrs. William (Anna)",24.0,
479,"Karlsson, Mr. Nils August",3,22.0,7.5208,0,"Karlsson, Mr. Nils August",,
306,"Allison, Master. Hudson Trevor",1,0.92,151.55,1,"Allison, Master. Hudson Trevor",30.0,
317,"Kantor, Mrs. Sinai (Miriam Sternin)",2,24.0,26.0,1,"Kantor, Mrs. Sinai (Miriam Sternin)",24.0,1
3,"Heikkinen, Miss. Laina",3,26.0,7.925,1,"Heikkinen, Miss. Laina",26.0,1
406,"Gale, Mr. Shadrach",2,34.0,21.0,0,"Gale, Mr. Shadrach",34.0,
743,"Ryerson, Miss. Susan Parker ""Suzette""",1,21.0,262.375,1,"Ryerson, Miss. Susan Parker ""Suzette""",21.0,
261,"Smith, Mr. Thomas",3,,7.75,0,"Smith, Mr. Thomas",,
368,"Moussa, Mrs. (Mantoura Boulos)",3,,7.2292,1,"Moussa, Mrs. (Mantoura Boulos)",,
159,"Smiljanic, Mr. Mile",3,,8.6625,0,"Smiljanic, Mr. Mile",,
555,"Ohman, Miss. Velin",3,22.0,7.775,1,"Ohman, Miss. Velin",22.0,
830,"Stone, Mrs. George Nelson (Martha Evelyn)",1,62.0,80.0,1,"Stone, Mrs. George Nelson (Martha Evelyn)",62.0,
678,"Turja, Miss. Anna Sofia",3,18.0,9.8417,1,"Turja, Miss. Anna Sofia",18.0,
381,"Bidois, Miss. Rosalie",1,42.0,227.525,1,"Bidois, Miss. Rosalie",42.0,1
627,"Kirkland, Rev. Charles Leonard",2,57.0,12.35,0,"Kirkland, Rev. Charles Leonard",57.0,
303,"Johnson, Mr. William Cahoone Jr",3,19.0,0.0,0,"Johnson, Mr. William Cahoone Jr",19.0,
433,"Louch, Mrs. Charles Alexander (Alice Adelaide Slow)",2,42.0,26.0,1,"Louch, Mrs. Charles Alexander (Alice Adelaide Slow)",44.0,
523,"Lahoud, Mr. Sarkis",3,,7.225,0,"Lahoud, Mr. Sarkis",,
405,"Oreskovic, Miss. Marija",3,20.0,8.6625,0,"Oreskovic, Miss. Marija",20.0,
844,"Lemberopolous, Mr. Peter L",3,34.5,6.4375,0,"Lemberopolous, Mr. Peter L",34.5,
356,"Vanden Steen, Mr. Leo Peter",3,28.0,9.5,0,"Vanden Steen, Mr. Leo Peter",28.0,0
465,"Maisner, Mr. Simon",3,,8.05,0,"Maisner, Mr. Simon",,0
754,"Jonkoff, Mr. Lalio",3,23.0,7.8958,0,"Jonkoff, Mr. Lalio",23.0,
213,"Perkin, Mr. John Henry",3,22.0,7.25,0,"Perkin, Mr. John Henry",22.0,0
450,"Peuchen, Major. Arthur Godfrey",1,52.0,30.5,1,"Peuchen, Major. Arthur Godfrey",52.0,1
80,"Dowdell, Miss. Elizabeth",3,30.0,12.475,1,"Dowdell, Miss. Elizabeth",30.0,1
149,"Navratil, Mr. Michel (""Louis M Hoffman"")",2,36.5,26.0,0,"Navratil, Mr. Michel (""Louis M Hoffman"")",36.5,
429,"Flynn, Mr. James",3,,7.75,0,"Flynn, Mr. James",,
61,"Sirayanian, Mr. Orsen",3,22.0,7.2292,0,"Sirayanian, Mr. Orsen",36.0,0
661,"Frauenthal, Dr. Henry William",1,50.0,133.65,1,"Frauenthal, Dr. Henry William",50.0,
805,"Hedman, Mr. Oskar Arvid",3,27.0,6.975,1,"Hedman, Mr. Oskar Arvid",27.0,
589,"Gilinski, Mr. Eliezer",3,22.0,8.05,0,"Gilinski, Mr. Eliezer",22.0,
766,"Hogeboom, Mrs. John C (Anna Andrews)",1,51.0,77.9583,1,"Hogeboom, Mrs. John C (Anna Andrews)",51.0,1
266,"Reeves, Mr. David",2,36.0,10.5,0,"Reeves, Mr. David",36.0,
134,"Weisz, Mrs. Leopold (Mathilde Francoise Pede)",2,29.0,26.0,1,"Weisz, Mrs. Leopold (Mathilde Francoise Pede)",29.0,
709,"Cleaver, Miss. Alice",1,22.0,151.55,1,"Cleaver, Miss. Alice",22.0,
545,"Douglas, Mr. Walter Donald",1,50.0,106.425,0,"Douglas, Mr. Walter Donald",50.0,0
347,"Smith, Miss. Marion Elsie",2,40.0,13.0,1,"Smith, Miss. Marion Elsie",36.0,
822,"Lulic, Mr. Nikola",3,27.0,8.6625,1,"Lulic, Mr. Nikola",22.0,1
634,"Parr, Mr. William Henry Marsh",1,,0.0,0,"Parr, Mr. William Henry Marsh",,
457,"Millet, Mr. Francis Davis",1,65.0,26.55,0,"Millet, Mr. Francis Davis",40.0,
501,"Calic, Mr. Petar",3,17.0,8.6625,0,"Calic, Mr. Petar",17.0,
431,"Bjornstrom-Steffansson, Mr. Mauritz Hakan",1,28.0,26.55,1,"Bjornstrom-Steffansson, Mr. Mauritz Hakan",28.0,
446,"Dodge, Master. Washington",1,4.0,81.8583,1,"Dodge, Master. Washington",36.0,1
651,"Mitkoff, Mr. Mito",3,,7.8958,0,"Mitkoff, Mr. Mito",,
173,"Johnson, Miss. Eleanor Ileen",3,1.0,11.1333,1,"Johnson, Miss. Eleanor Ileen",1.0,
451,"West, Mr. Edwy Arthur",2,36.0,27.75,0,"West, Mr. Edwy Arthur",36.0,
315,"Hart, Mr. Benjamin",2,43.0,26.25,0,"Hart, Mr. Benjamin",43.0,
333,"Graham, Mr. George Edward",1,38.0,153.4625,0,"Graham, Mr. George Edward",38.0,
802,"Collyer, Mrs. Harvey (Charlotte Annie Tate)",2,31.0,26.25,1,"Collyer, Mrs. Harvey (Charlotte Annie Tate)",31.0,
91,"Christmann, Mr. Emil",3,29.0,8.05,0,"Christmann, Mr. Emil",29.0,
835,"Allum, Mr. Owen George",3,18.0,8.3,0,"Allum, Mr. Owen George",23.0,
182,"Pernot, Mr. Rene",2,,15.05,0,"Pernot, Mr. Rene",32.0,
582,"Thayer, Mrs. John Borland (Marian Longstreth Morris)",1,39.0,110.8833,1,"Thayer, Mrs. John Borland (Marian Longstreth Morris)",32.0,
796,"Otter, Mr. Richard",2,39.0,13.0,0,"Otter, Mr. Richard",39.0,0
70,"Kink, Mr. Vincenz",3,26.0,8.6625,0,"Kink, Mr. Vincenz",21.0,0
132,"Coelho, Mr. Domingos Fernandeo",3,20.0,7.05,0,"Coelho, Mr. Domingos Fernandeo",20.0,
335,"Frauenthal, Mrs. Henry William (Clara Heinsheimer)",1,,133.65,1,"Frauenthal, Mrs. Henry William (Clara Heinsheimer)",,1
598,"Johnson, Mr. Alfred",3,49.0,0.0,0,"Johnson, Mr. Alfred",49.0,
136,"Richard, Mr. Emile",2,23.0,15.0458,0,"Richard, Mr. Emile",23.0,
165,"Panula, Master. Eino Viljami",3,1.0,39.6875,0,"Panula, Master. Eino Viljami",1.0,
29,"O'Dwyer, Miss. Ellen ""Nellie""",3,,7.8792,1,"O'Dwyer, Miss. Ellen ""Nellie""",,
784,"Johnston, Mr. Andrew G",3,,23.45,0,"Johnston, Mr. Andrew G",27.0,
194,"Navratil, Master. Michel M",2,3.0,26.0,1,"Navratil, Master. Michel M",3.0,1
870,"Johnson, Master. Harold Theodor",3,4.0,11.1333,1,"Johnson, Master. Harold Theodor",4.0,
716,"Soholt, Mr. Peter Andreas Lauritz Andersen",3,19.0,7.65,0,"Soholt, Mr. Peter Andreas Lauritz Andersen",19.0,0
526,"Farrell, Mr. James",3,40.5,7.75,0,"Farrell, Mr. James",40.5,
382,"Nakid, Miss. Maria (""Mary"")",3,1.0,15.7417,1,"Nakid, Miss. Maria (""Mary"")",1.0,1
141,"Boulos, Mrs. Joseph (Sultana)",3,,15.2458,0,"Boulos, Mrs. Joseph (Sultana)",,
174,"Sivola, Mr. Antti Wilhelm",3,21.0,7.925,0,"Sivola, Mr. Antti Wilhelm",21.0,
7,"McCarthy, Mr. Timothy J",1,54.0,51.8625,0,"McCarthy, Mr. Timothy J",67.0,0
719,"McEvoy, Mr. Michael",3,,15.5,0,"McEvoy, Mr. Michael",,
686,"Laroche, Mr. Joseph Philippe Lemercier",2,25.0,41.5792,0,"Laroche, Mr. Joseph Philippe Lemercier",25.0,0
74,"Chronopoulos, Mr. Apostolos",3,26.0,14.4542,0,"Chronopoulos, Mr. Apostolos",26.0,
883,"Dahlberg, Miss. Gerda Ulrika",3,22.0,10.5167,0,"Dahlberg, Miss. Gerda Ulrika",22.0,
329,"Goldsmith, Mrs. Frank John (Emily Alice Brown)",3,31.0,20.525,1,"Goldsmith, Mrs. Frank John (Emily Alice Brown)",31.0,
454,"Goldenberg, Mr. Samuel L",1,49.0,89.1042,1,"Goldenberg, Mr. Samuel L",49.0,
146,"Nicholls, Mr. Joseph Charles",2,19.0,36.75,0,"Nicholls, Mr. Joseph Charles",32.0,
235,"Leyson, Mr. Robert William Norman",2,24.0,10.5,0,"Leyson, Mr. Robert William Norman",24.0,
221,"Sunderland, Mr. Victor Francis",3,16.0,8.05,1,"Sunderland, Mr. Victor Francis",,1
371,"Harder, Mr. George Achilles",1,25.0,55.4417,1,"Harder, Mr. George Achilles",35.0,
812,"Lester, Mr. James",3,39.0,24.15,0,"Lester, Mr. James",39.0,0
133,"Robins, Mrs. Alexander A (Grace Charity Laury)",3,47.0,14.5,0,"Robins, Mrs. Alexander A (Grace Charity Laury)",47.0,
695,"Weir, Col. John",1,60.0,26.55,0,"Weir, Col. John",60.0,0
865,"Gill, Mr. John William",2,24.0,13.0,0,"Gill, Mr. John William",24.0,
186,"Rood, Mr. Hugh Roscoe",1,,50.0,0,"Rood, Mr. Hugh Roscoe",38.0,
42,"Turpin, Mrs. William John Robert (Dorothy Ann Wonnacott)",2,27.0,21.0,0,"Turpin, Mrs. William John Robert (Dorothy Ann Wonnacott)",27.0,
548,"Padro y Manent, Mr. Julian",2,,13.8625,1,"Padro y Manent, Mr. Julian",,1
109,"Rekic, Mr. Tido",3,38.0,7.8958,0,"Rekic, Mr. Tido",38.0,
604,"Torber, Mr. Ernst William",3,44.0,8.05,0,"Torber, Mr. Ernst William",44.0,
57,"Rugg, Miss. Emily",2,21.0,10.5,1,"Rugg, Miss. Emily",21.0,
395,"Sandstrom, Mrs. Hjalmar (Agnes Charlotta Bengtsson)",3,24.0,16.7,1,"Sandstrom, Mrs. Hjalmar (Agnes Charlotta Bengtsson)",24.0,
707,"Kelly, Mrs. Florence ""Fannie""",2,45.0,13.5,1,"Kelly, Mrs. Florence ""Fannie""",45.0,
550,"Davies, Master. John Morgan Jr",2,8.0,36.75,1,"Davies, Master. John Morgan Jr",38.0,
25,"Palsson, Miss. Torborg Danira",3,8.0,21.075,0,"Palsson, Miss. Torborg Danira",8.0,0
352,"Williams-Lambert, Mr. Fletcher Fellows",1,,35.0,0,"Williams-Lambert, Mr. Fletcher Fellows",,0
430,"Pickard, Mr. Berk (Berk Trembisky)",3,32.0,8.05,1,"Pickard, Mr. Berk (Berk Trembisky)",32.0,
435,"Silvey, Mr. William Baird",1,50.0,55.9,0,"Silvey, Mr. William Baird",50.0,
52,"Nosworthy, Mr. Richard Cater",3,21.0,7.8,0,"Nosworthy, Mr. Richard Cater",21.0,
527,"Ridsdale, Miss. Lucy",2,50.0,10.5,1,"Ridsdale, Miss. Lucy",50.0,
817,"Heininen, Miss. Wendla Maria",3,23.0,7.925,0,"Heininen, Miss. Wendla Maria",23.0,
570,"Jonsson, Mr. Carl",3,32.0,7.8542,1,"Jonsson, Mr. Carl",32.0,1
265,"Henry, Miss. Delia",3,,7.75,0,"Henry, Miss. Delia",,
437,"Ford, Miss. Doolina Margaret ""Daisy""",3,21.0,34.375,0,"Ford, Miss. Doolina Margaret ""Daisy""",21.0,0
614,"Horgan, Mr. John",3,,7.75,0,"Horgan, Mr. John",,
694,"Saad, Mr. Khalil",3,25.0,7.225,0,"Saad, Mr. Khalil",,
353,"Elias, Mr. Tannous",3,15.0,7.2292,0,"Elias, Mr. Tannous",15.0,
19,"Vander Planke, Mrs. Julius (Emelia Maria Vandemoortele)",3,31.0,18.0,0,"Vander Planke, Mrs. Julius (Emelia Maria Vandemoortele)",31.0,
667,"Butler, Mr. Reginald Fenton",2,25.0,13.0,0,"Butler, Mr. Reginald Fenton",25.0,
583,"Downton, Mr. William James",2,54.0,26.0,0,"Downton, Mr. William James",54.0,
84,"Carrau, Mr. Francisco M",1,28.0,47.1,0,"Carrau, Mr. Francisco M",28.0,
62,"Icard, Miss. Amelie",1,38.0,80.0,1,"Icard, Miss. Amelie",38.0,
273,"Mellinger, Mrs. (Elizabeth Anne Maidment)",2,41.0,19.5,1,"Mellinger, Mrs. (Elizabeth Anne Maidment)",41.0,
286,"Stankovic, Mr. Ivan",3,33.0,8.6625,0,"Stankovic, Mr. Ivan",33.0,
696,"Chapman, Mr. Charles Henry",2,52.0,13.5,0,"Chapman, Mr. Charles Henry",52.0,
747,"Abbott, Mr. Rossmore Edward",3,16.0,20.25,0,"Abbott, Mr. Rossmore Edward",16.0,
13,"Saundercock, Mr. William Henry",3,20.0,8.05,0,"Saundercock, Mr. William Henry",20.0,
183,"Asplund, Master. Clarence Gustaf Hugo",3,9.0,31.3875,0,"Asplund, Master. Clarence Gustaf Hugo",9.0,
445,"Johannesen-Bratthammer, Mr. Bernt",3,,8.1125,1,"Johannesen-Bratthammer, Mr. Bernt",,
553,"O'Brien, Mr. Timothy",3,,7.8292,0,"O'Brien, Mr. Timothy",,
224,"Nenkoff, Mr. Christo",3,,7.8958,0,"Nenkoff, Mr. Christo",50.0,0
514,"Rothschild, Mrs. Martin (Elizabeth L. Barrett)",1,54.0,59.4,1,"Rothschild, Mrs. Martin (Elizabeth L. Barrett)",54.0,1
629,"Bostandyeff, Mr. Guentcho",3,26.0,7.8958,0,"Bostandyeff, Mr. Guentcho",26.0,
588,"Frolicher-Stehli, Mr. Maxmillian",1,60.0,79.2,1,"Frolicher-Stehli, Mr. Maxmillian",,1
693,"Lam, Mr. Ali",3,,56.4958,1,"Lam, Mr. Ali",,
524,"Hippach, Mrs. Louis Albert (Ida Sophia Fischer)",1,44.0,57.9792,1,"Hippach, Mrs. Louis Albert (Ida Sophia Fischer)",44.0,
665,"Lindqvist, Mr. Eino William",3,20.0,7.925,1,"Lindqvist, Mr. Eino William",20.0,
177,"Lefebre, Master. Henry Forbes",3,,25.4667,0,"Lefebre, Master. Henry Forbes",,
842,"Mudd, Mr. Thomas Charles",2,16.0,10.5,0,"Mudd, Mr. Thomas Charles",16.0,0
679,"Goodwin, Mrs. Frederick (Augusta Tyler)",3,43.0,46.9,0,"Goodwin, Mrs. Frederick (Augusta Tyler)",43.0,0
164,"Calic, Mr. Jovo",3,17.0,8.6625,0,"Calic, Mr. Jovo",17.0,
249,"Beckwith, Mr. Richard Leonard",1,37.0,52.5542,1,"Beckwith, Mr. Richard Leonard",37.0,
571,"Harris, Mr. George",2,62.0,10.5,1,"Harris, Mr. George",62.0,
788,"Rice, Master. George Hugh",3,8.0,29.125,0,"Rice, Master. George Hugh",8.0,
75,"Bing, Mr. Lee",3,32.0,56.4958,1,"Bing, Mr. Lee",32.0,
114,"Jussila, Miss. Katriina",3,20.0,9.825,0,"Jussila, Miss. Katriina",20.0,
636,"Davis, Miss. Mary",2,28.0,13.0,1,"Davis, Miss. Mary",28.0,
502,"Canavan, Miss. Mary",3,21.0,7.75,0,"Canavan, Miss. Mary",21.0,
105,"Gustafsson, Mr. Anders Vilhelm",3,37.0,7.925,0,"Gustafsson, Mr. Anders Vilhelm",,
115,"Attalah, Miss. Malake",3,17.0,14.4583,0,"Attalah, Miss. Malake",17.0,
369,"Jermyn, Miss. Annie",3,,7.75,1,"Jermyn, Miss. Annie",,
93,"Chaffee, Mr. Herbert Fuller",1,46.0,61.175,0,"Chaffee, Mr. Herbert Fuller",46.0,
498,"Shellard, Mr. Frederick William",3,,15.1,0,"Shellard, Mr. Frederick William",,
90,"Celotti, Mr. Francesco",3,24.0,8.05,0,"Celotti, Mr. Francesco",24.0,
337,"Pears, Mr. Thomas Clinton",1,29.0,66.6,0,"Pears, Mr. Thomas Clinton",9.0,
880,"Potter, Mrs. Thomas Jr (Lily Alexenia Wilson)",1,56.0,83.1583,1,"Potter, Mrs. Thomas Jr (Lily Alexenia Wilson)",30.0,
818,"Mallet, Mr. Albert",2,31.0,37.0042,0,"Mallet, Mr. Albert",31.0,
829,"McCormack, Mr. Thomas Joseph",3,,7.75,1,"McCormack, Mr. Thomas Joseph",24.0,
544,"Beane, Mr. Edward",2,32.0,26.0,1,"Beane, Mr. Edward",32.0,
549,"Goldsmith, Mr. Frank John",3,33.0,20.525,0,"Goldsmith, Mr. Frank John",33.0,
95,"Coxon, Mr. Daniel",3,59.0,7.25,0,"Coxon, Mr. Daniel",59.0,0
12,"Bonnell, Miss. Elizabeth",1,58.0,26.55,1,"Bonnell, Miss. Elizabeth",58.0,
432,"Thorneycroft, Mrs. Percival (Florence Kate White)",3,,16.1,1,"Thorneycroft, Mrs. Percival (Florence Kate White)",,
44,"Laroche, Miss. Simonne Marie Anne Andree",2,3.0,41.5792,1,"Laroche, Miss. Simonne Marie Anne Andree",3.0,
43,"Kraeff, Mr. Theodor",3,,7.8958,0,"Kraeff, Mr. Theodor",,
330,"Hippach, Miss. Jean Gertrude",1,16.0,57.9792,1,"Hippach, Miss. Jean Gertrude",16.0,1
168,"Skoog, Mrs. William (Anna Bernhardina Karlsson)",3,45.0,27.9,0,"Skoog, Mrs. William (Anna Bernhardina Karlsson)",21.0,
780,"Robert, Mrs. Edward Scott (Elisabeth Walton McMillan)",1,43.0,211.3375,1,"Robert, Mrs. Edward Scott (Elisabeth Walton McMillan)",43.0,
538,"LeRoy, Miss. Bertha",1,30.0,106.425,1,"LeRoy, Miss. Bertha",30.0,
736,"Williams, Mr. Leslie",3,28.5,16.1,0,"Williams, Mr. Leslie",28.5,
500,"Svensson, Mr. Olof",3,24.0,7.7958,0,"Svensson, Mr. Olof",24.0,
179,"Hale, Mr. Reginald",2,30.0,13.0,0,"Hale, Mr. Reginald",,
584,"Ross, Mr. John Hugo",1,36.0,40.125,0,"Ross, Mr. John Hugo",36.0,
785,"Ali, Mr. William",3,25.0,7.05,0,"Ali, Mr. William",25.0,0
594,"Bourke, Miss. Mary",3,,7.75,0,"Bourke, Miss. Mary",,
178,"Isham, Miss. Ann Elizabeth",1,50.0,28.7125,0,"Isham, Miss. Ann Elizabeth",50.0,
645,"Baclini, Miss. Eugenie",3,0.75,19.2583,1,"Baclini, Miss. Eugenie",0.75,
711,"Mayne, Mlle. Berthe Antonine (""Mrs de Villiers"")",1,24.0,49.5042,1,"Mayne, Mlle. Berthe Antonine (""Mrs de Villiers"")",24.0,
616,"Herman, Miss. Alice",2,24.0,65.0,1,"Herman, Miss. Alice",24.0,
384,"Holverson, Mrs. Alexander Oskar (Mary Aline Towner)",1,35.0,52.0,1,"Holverson, Mrs. Alexander Oskar (Mary Aline Towner)",35.0,1
258,"Cherry, Miss. Gladys",1,30.0,86.5,1,"Cherry, Miss. Gladys",30.0,1
735,"Troupiansky, Mr. Moses Aaron",2,23.0,13.0,0,"Troupiansky, Mr. Moses Aaron",23.0,0
336,"Denkoff, Mr. Mitto",3,,7.8958,0,"Denkoff, Mr. Mitto",,
552,"Sharp, Mr. Percival James R",2,27.0,26.0,0,"Sharp, Mr. Percival James R",27.0,
16,"Hewlett, Mrs. (Mary D Kingcome) ",2,55.0,16.0,1,"Hewlett, Mrs. (Mary D Kingcome) ",55.0,
4,"Futrelle, Mrs. Jacques Heath (Lily May Peel)",1,35.0,53.1,1,"Futrelle, Mrs. Jacques Heath (Lily May Peel)",35.0,
412,"Hart, Mr. Henry",3,,6.8583,0,"Hart, Mr. Henry",,
257,"Thorne, Mrs. Gertrude Maybelle",1,,79.2,1,"Thorne, Mrs. Gertrude Maybelle",50.5,1
452,"Hagland, Mr. Ingvald Olai Olsen",3,,19.9667,0,"Hagland, Mr. Ingvald Olai Olsen",,
474,"Jerwan, Mrs. Amin S (Marie Marthe Thuillard)",2,23.0,13.7917,1,"Jerwan, Mrs. Amin S (Marie Marthe Thuillard)",34.0,
698,"Mullens, Miss. Katherine ""Katie""",3,,7.7333,1,"Mullens, Miss. Katherine ""Katie""",25.0,
394,"Newell, Miss. Marjorie",1,23.0,113.275,1,"Newell, Miss. Marjorie",23.0,1
223,"Green, Mr. George Henry",3,51.0,8.05,0,"Green, Mr. George Henry",51.0,
507,"Quick, Mrs. Frederick Charles (Jane Richards)",2,33.0,26.0,1,"Quick, Mrs. Frederick Charles (Jane Richards)",54.0,
568,"Palsson, Mrs. Nils (Alma Cornelia Berglund)",3,29.0,21.075,0,"Palsson, Mrs. Nils (Alma Cornelia Berglund)",29.0,
421,"Gheorgheff, Mr. Stanio",3,,7.8958,0,"Gheorgheff, Mr. Stanio",,0
325,"Sage, Mr. George John Jr",3,,69.55,0,"Sage, Mr. George John Jr",,
531,"Quick, Miss. Phyllis May",2,2.0,26.0,1,"Quick, Miss. Phyllis May",,
10,"Nasser, Mrs. Nicholas (Adele Achem)",2,14.0,30.0708,1,"Nasser, Mrs. Nicholas (Adele Achem)",14.0,1
250,"Carter, Rev. Ernest Courtenay",2,54.0,26.0,0,"Carter, Rev. Ernest Courtenay",,0
23,"McGowan, Miss. Anna ""Annie""",3,15.0,8.0292,1,"McGowan, Miss. Anna ""Annie""",15.0,1
357,"Bowerman, Miss. Elsie Edith",1,22.0,55.0,1,"Bowerman, Miss. Elsie Edith",22.0,
222,"Bracken, Mr. James H",2,27.0,13.0,0,"Bracken, Mr. James H",27.0,
602,"Slabenoff, Mr. Petco",3,,7.8958,0,"Slabenoff, Mr. Petco",,
767,"Brewe, Dr. Arthur Jackson",1,,39.6,0,"Brewe, Dr. Arthur Jackson",,
875,"Abelson, Mrs. Samuel (Hannah Wizosky)",2,28.0,24.0,1,"Abelson, Mrs. Samuel (Hannah Wizosky)",28.0,
529,"Salonen, Mr. Johan Werner",3,39.0,7.925,0,"Salonen, Mr. Johan Werner",39.0,
341,"Navratil, Master. Edmond Roger",2,2.0,26.0,1,"Navratil, Master. Edmond Roger",2.0,1
744,"McNamee, Mr. Neal",3,24.0,16.1,0,"McNamee, Mr. Neal",24.0,
520,"Pavlovic, Mr. Stefo",3,32.0,7.8958,0,"Pavlovic, Mr. Stefo",32.0,
204,"Youseff, Mr. Gerious",3,45.5,7.225,0,"Youseff, Mr. Gerious",45.5,0
238,"Collyer, Miss. Marjorie ""Lottie""",2,8.0,26.25,1,"Collyer, Miss. Marjorie ""Lottie""",85.0,
94,"Dean, Mr. Bertram Frank",3,26.0,20.575,0,"Dean, Mr. Bertram Frank",26.0,
731,"Allen, Miss. Elisabeth Walton",1,29.0,211.3375,1,"Allen, Miss. Elisabeth Walton",29.0,1
441,"Hart, Mrs. Benjamin (Esther Ada Bloomfield)",2,45.0,26.25,1,"Hart, Mrs. Benjamin (Esther Ada Bloomfield)",39.0,1
560,"de Messemaeker, Mrs. Guillaume Joseph (Emma)",3,36.0,17.4,1,"de Messemaeker, Mrs. Guillaume Joseph (Emma)",36.0,
285,"Smith, Mr. Richard William",1,,26.0,0,"Smith, Mr. Richard William",,
185,"Kink-Heilmann, Miss. Luise Gretchen",3,4.0,22.025,1,"Kink-Heilmann, Miss. Luise Gretchen",4.0,
792,"Gaskell, Mr. Alfred",2,16.0,26.0,0,"Gaskell, Mr. Alfred",16.0,
488,"Kent, Mr. Edward Austin",1,58.0,29.7,0,"Kent, Mr. Edward Austin",58.0,0
154,"van Billiard, Mr. Austin Blyler",3,40.5,14.5,0,"van Billiard, Mr. Austin Blyler",40.5,
76,"Moen, Mr. Sigurd Hansen",3,25.0,7.65,0,"Moen, Mr. Sigurd Hansen",25.0,
657,"Radeff, Mr. Alexander",3,,7.8958,0,"Radeff, Mr. Alexander",,
632,"Lundahl, Mr. Johan Svensson",3,51.0,7.0542,0,"Lundahl, Mr. Johan Svensson",51.0,
278,"Parkes, Mr. Francis ""Frank""",2,,0.0,0,"Parkes, Mr. Francis ""Frank""",,
69,"Andersson, Miss. Erna Alexandra",3,17.0,7.925,1,"Andersson, Miss. Erna Alexandra",17.0,
826,"Flynn, Mr. John",3,,6.95,0,"Flynn, Mr. John",,
189,"Bourke, Mr. John",3,40.0,15.5,0,"Bourke, Mr. John",40.0,
272,"Tornquist, Mr. William Henry",3,25.0,0.0,1,"Tornquist, Mr. William Henry",25.0,1
663,"Colley, Mr. Edward Pomeroy",1,47.0,25.5875,0,"Colley, Mr. Edward Pomeroy",47.0,
712,"Klaber, Mr. Herman",1,,26.55,0,"Klaber, Mr. Herman",,0
237,"Hold, Mr. Stephen",2,44.0,26.0,0,"Hold, Mr. Stephen",44.0,
89,"Fortune, Miss. Mabel Helen",1,23.0,263.0,1,"Fortune, Miss. Mabel Helen",5.67,
758,"Bailey, Mr. Percy Andrew",2,18.0,11.5,0,"Bailey, Mr. Percy Andrew",18.0,0
118,"Turpin, Mr. William John Robert",2,29.0,21.0,0,"Turpin, Mr. William John Robert",29.0,0
126,"Nicola-Yarred, Master. Elias",3,12.0,11.2417,1,"Nicola-Yarred, Master. Elias",12.0,
732,"Hassan, Mr. Houssein G N",3,11.0,18.7875,0,"Hassan, Mr. Houssein G N",11.0,0
290,"Connolly, Miss. Kate",3,22.0,7.75,1,"Connolly, Miss. Kate",33.0,
239,"Pengelly, Mr. Frederick William",2,19.0,10.5,0,"Pengelly, Mr. Frederick William",19.0,
1,"Braund, Mr. Owen Harris",3,22.0,7.25,0,"Braund, Mr. Owen Harris",22.0,
882,"Markun, Mr. Johann",3,33.0,7.8958,0,"Markun, Mr. Johann",33.0,
468,"Smart, Mr. John Montgomery",1,56.0,26.55,0,"Smart, Mr. John Montgomery",56.0,
828,"Mallet, Master. Andre",2,1.0,37.0042,1,"Mallet, Master. Andre",1.0,1
396,"Johansson, Mr. Erik",3,22.0,7.7958,0,"Johansson, Mr. Erik",22.0,
532,"Toufik, Mr. Nakli",3,,7.2292,0,"Toufik, Mr. Nakli",,0
127,"McMahon, Mr. Martin",3,,7.75,0,"McMahon, Mr. Martin",,0
279,"Rice, Master. Eric",3,7.0,29.125,0,"Rice, Master. Eric",7.0,
692,"Karun, Miss. Manca",3,4.0,13.4167,1,"Karun, Miss. Manca",4.0,
117,"Connors, Mr. Patrick",3,70.5,7.75,0,"Connors, Mr. Patrick",70.5,
229,"Fahlstrom, Mr. Arne Jonas",2,18.0,13.0,0,"Fahlstrom, Mr. Arne Jonas",24.0,
623,"Nakid, Mr. Sahid",3,20.0,15.7417,1,"Nakid, Mr. Sahid",20.0,
656,"Hickman, Mr. Leonard Mark",2,24.0,73.5,0,"Hickman, Mr. Leonard Mark",24.0,0
599,"Boulos, Mr. Hanna",3,,7.225,0,"Boulos, Mr. Hanna",,
517,"Lemore, Mrs. (Amelia Milley)",2,34.0,10.5,1,"Lemore, Mrs. (Amelia Milley)",34.0,
275,"Healy, Miss. Hanora ""Nora""",3,,7.75,1,"Healy, Miss. Hanora ""Nora""",,
319,"Wick, Miss. Mary Natalie",1,31.0,164.8667,1,"Wick, Miss. Mary Natalie",31.0,
607,"Karaic, Mr. Milan",3,30.0,7.8958,0,"Karaic, Mr. Milan",30.0,
145,"Andrew, Mr. Edgardo Samuel",2,18.0,11.5,0,"Andrew, Mr. Edgardo Samuel",18.0,0
635,"Skoog, Miss. Mabel",3,9.0,27.9,0,"Skoog, Miss. Mabel",9.0,0
559,"Taussig, Mrs. Emil (Tillie Mandelbaum)",1,39.0,79.65,1,"Taussig, Mrs. Emil (Tillie Mandelbaum)",39.0,1
810,"Chambers, Mrs. Norman Campbell (Bertha Griggs)",1,33.0,53.1,1,"Chambers, Mrs. Norman Campbell (Bertha Griggs)",33.0,
746,"Crosby, Capt. Edward Gifford",1,70.0,71.0,0,"Crosby, Capt. Edward Gifford",70.0,
370,"Aubart, Mme. Leontine Pauline",1,24.0,69.3,1,"Aubart, Mme. Leontine Pauline",24.0,
269,"Graham, Mrs. William Thompson (Edith Junkins)",1,58.0,153.4625,1,"Graham, Mrs. William Thompson (Edith Junkins)",24.0,
624,"Hansen, Mr. Henry Damsgaard",3,21.0,7.8542,0,"Hansen, Mr. Henry Damsgaard",21.0,
308,"Penasco y Castellana, Mrs. Victor de Satode (Maria Josefa Perez de Soto y Vallejo)",1,17.0,108.9,1,"Penasco y Castellana, Mrs. Victor de Satode (Maria Josefa Perez de Soto y Vallejo)",17.0,
424,"Danbom, Mrs. Ernst Gilbert (Anna Sigrid Maria Brogren)",3,28.0,14.4,0,"Danbom, Mrs. Ernst Gilbert (Anna Sigrid Maria Brogren)",28.0,
311,"Hays, Miss. Margaret Bechstein",1,24.0,83.1583,1,"Hays, Miss. Margaret Bechstein",24.0,1
355,"Yousif, Mr. Wazli",3,,7.225,0,"Yousif, Mr. Wazli",,
47,"Lennon, Mr. Denis",3,,15.5,0,"Lennon, Mr. Denis",23.0,
350,"Dimic, Mr. Jovan",3,42.0,8.6625,0,"Dimic, Mr. Jovan",,0
372,"Wiklund, Mr. Jakob Alfred",3,18.0,6.4958,0,"Wiklund, Mr. Jakob Alfred",18.0,
480,"Hirvonen, Miss. Hildur E",3,2.0,12.2875,1,"Hirvonen, Miss. Hildur E",51.0,
577,"Garside, Miss. Ethel",2,34.0,13.0,1,"Garside, Miss. Ethel",34.0,
262,"Asplund, Master. Edvin Rojj Felix",3,3.0,31.3875,1,"Asplund, Master. Edvin Rojj Felix",3.0,
196,"Lurette, Miss. Elise",1,58.0,146.5208,1,"Lurette, Miss. Elise",58.0,1
891,"Dooley, Mr. Patrick",3,32.0,7.75,0,"Dooley, Mr. Patrick",32.0,
745,"Stranden, Mr. Juho",3,31.0,7.925,1,"Stranden, Mr. Juho",31.0,
108,"Moss, Mr. Albert Johan",3,,7.775,1,"Moss, Mr. Albert Johan",,1
867,"Duran y More, Miss. Asuncion",2,27.0,13.8583,1,"Duran y More, Miss. Asuncion",27.0,1
60,"Goodwin, Master. William Frederick",3,11.0,46.9,0,"Goodwin, Master. William Frederick",11.0,0
659,"Eitemiller, Mr. George Floyd",2,23.0,13.0,0,"Eitemiller, Mr. George Floyd",23.0,
264,"Harrison, Mr. William",1,40.0,0.0,0,"Harrison, Mr. William",40.0,
569,"Doharr, Mr. Tannous",3,,7.2292,0,"Doharr, Mr. Tannous",,
101,"Petranec, Miss. Matilda",3,28.0,7.8958,0,"Petranec, Miss. Matilda",28.0,
444,"Reynaldo, Ms. Encarnacion",2,28.0,13.0,1,"Reynaldo, Ms. Encarnacion",22.0,1
491,"Hagland, Mr. Konrad Mathias Reiersen",3,,19.9667,0,"Hagland, Mr. Konrad Mathias Reiersen",,
688,"Dakic, Mr. Branko",3,19.0,10.1708,0,"Dakic, Mr. Branko",27.0,0
800,"Van Impe, Mrs. Jean Baptiste (Rosalie Paula Govaert)",3,30.0,24.15,0,"Van Impe, Mrs. Jean Baptiste (Rosalie Paula Govaert)",30.0,
641,"Jensen, Mr. Hans Peder",3,20.0,7.8542,0,"Jensen, Mr. Hans Peder",30.0,
170,"Ling, Mr. Lee",3,28.0,56.4958,0,"Ling, Mr. Lee",28.0,
180,"Leonard, Mr. Lionel",3,36.0,0.0,0,"Leonard, Mr. Lionel",36.0,0
305,"Williams, Mr. Howard Hugh ""Harry""",3,,8.05,0,"Williams, Mr. Howard Hugh ""Harry""",27.0,
342,"Fortune, Miss. Alice Elizabeth",1,24.0,263.0,1,"Fortune, Miss. Alice Elizabeth",24.0,
58,"Novel, Mr. Mansouer",3,28.5,7.2292,0,"Novel, Mr. Mansouer",28.5,
859,"Baclini, Mrs. Solomon (Latifa Qurban)",3,24.0,19.2583,1,"Baclini, Mrs. Solomon (Latifa Qurban)",24.0,
150,"Byles, Rev. Thomas Roussel Davids",2,42.0,13.0,0,"Byles, Rev. Thomas Roussel Davids",27.0,
125,"White, Mr. Percival Wayland",1,54.0,77.2875,0,"White, Mr. Percival Wayland",54.0,
704,"Gallagher, Mr. Martin",3,25.0,7.7417,0,"Gallagher, Mr. Martin",25.0,
51,"Panula, Master. Juha Niilo",3,7.0,39.6875,0,"Panula, Master. Juha Niilo",7.0,
354,"Arnold-Franchi, Mr. Josef",3,25.0,17.8,0,"Arnold-Franchi, Mr. Josef",25.0,
824,"Moor, Mrs. (Beila)",3,27.0,12.475,1,"Moor, Mrs. (Beila)",27.0,
143,"Hakkarainen, Mrs. Pekka Pietari (Elin Matilda Dolck)",3,24.0,15.85,1,"Hakkarainen, Mrs. Pekka Pietari (Elin Matilda Dolck)",24.0,
471,"Keefe, Mr. Arthur",3,,7.25,0,"Keefe, Mr. Arthur",,
400,"Trout, Mrs. William H (Jessie L)",2,28.0,12.65,1,"Trout, Mrs. William H (Jessie L)",28.0,
576,"Patchett, Mr. George",3,19.0,14.5,0,"Patchett, Mr. George",29.5,
321,"Dennis, Mr. Samuel",3,22.0,7.25,0,"Dennis, Mr. Samuel",22.0,
20,"Masselmani, Mrs. Fatima",3,,7.225,1,"Masselmani, Mrs. Fatima",,
793,"Sage, Miss. Stella Anna",3,,69.55,0,"Sage, Miss. Stella Anna",,
708,"Calderhead, Mr. Edward Pennington",1,42.0,26.2875,1,"Calderhead, Mr. Edward Pennington",42.0,
724,"Hodges, Mr. Henry Price",2,50.0,13.0,0,"Hodges, Mr. Henry Price",50.0,
408,"Richards, Master. William Rowe",2,3.0,18.75,1,"Richards, Master. William Rowe",3.0,
558,"Robbins, Mr. Victor",1,,227.525,0,"Robbins, Mr. Victor",,
39,"Vander Planke, Miss. Augusta Maria",3,18.0,18.0,0,"Vander Planke, Miss. Augusta Maria",18.0,
176,"Klasen, Mr. Klas Albin",3,18.0,7.8542,0,"Klasen, Mr. Klas Albin",18.0,
246,"Minahan, Dr. William Edward",1,44.0,90.0,0,"Minahan, Dr. William Edward",44.0,
741,"Hawksford, Mr. Walter James",1,,30.0,1,"Hawksford, Mr. Walter James",,
603,"Harrington, Mr. Charles H",1,,42.4,0,"Harrington, Mr. Charles H",,
769,"Moran, Mr. Daniel J",3,,24.15,0,"Moran, Mr. Daniel J",47.0,
765,"Eklund, Mr. Hans Linus",3,16.0,7.775,0,"Eklund, Mr. Hans Linus",16.0,0
155,"Olsen, Mr. Ole Martin",3,,7.3125,0,"Olsen, Mr. Ole Martin",,
288,"Naidenoff, Mr. Penko",3,22.0,7.8958,0,"Naidenoff, Mr. Penko",22.0,0
751,"Wells, Miss. Joan",2,4.0,23.0,1,"Wells, Miss. Joan",4.0,
18,"Williams, Mr. Charles Eugene",2,,13.0,1,"Williams, Mr. Charles Eugene",,
128,"Madsen, Mr. Fridtjof Arne",3,24.0,7.1417,1,"Madsen, Mr. Fridtjof Arne",24.0,
323,"Slayter, Miss. Hilda Mary",2,30.0,12.35,1,"Slayter, Miss. Hilda Mary",30.0,
256,"Touma, Mrs. Darwis (Hanne Youssef Razi)",3,29.0,15.2458,1,"Touma, Mrs. Darwis (Hanne Youssef Razi)",29.0,1
771,"Lievens, Mr. Rene Aime",3,24.0,9.5,0,"Lievens, Mr. Rene Aime",24.0,
857,"Wick, Mrs. George Dennick (Mary Hitchcock)",1,45.0,164.8667,1,"Wick, Mrs. George Dennick (Mary Hitchcock)",45.0,
191,"Pinsky, Mrs. (Rosa)",2,32.0,13.0,1,"Pinsky, Mrs. (Rosa)",32.0,
116,"Pekoniemi, Mr. Edvard",3,21.0,7.925,0,"Pekoniemi, Mr. Edvard",21.0,
738,"Lesurer, Mr. Gustave J",1,35.0,512.3292,1,"Lesurer, Mr. Gustave J",35.0,1
181,"Sage, Miss. Constance Gladys",3,,69.55,0,"Sage, Miss. Constance Gladys",,
302,"McCoy, Mr. Bernard",3,,23.25,1,"McCoy, Mr. Bernard",,
680,"Cardeza, Mr. Thomas Drake Martinez",1,36.0,512.3292,1,"Cardeza, Mr. Thomas Drake Martinez",36.0,
639,"Panula, Mrs. Juha (Maria Emilia Ojala)",3,41.0,39.6875,0,"Panula, Mrs. Juha (Maria Emilia Ojala)",41.0,0
650,"Stanley, Miss. Amy Zillah Elsie",3,23.0,7.55,1,"Stanley, Miss. Amy Zillah Elsie",23.0,
617,"Danbom, Mr. Ernst Gilbert",3,34.0,14.4,0,"Danbom, Mr. Ernst Gilbert",34.0,
597,"Leitch, Miss. Jessie Wills",2,,33.0,1,"Leitch, Miss. Jessie Wills",,
518,"Ryan, Mr. Patrick",3,,24.15,0,"Ryan, Mr. Patrick",,
876,"Najib, Miss. Adele Kiamie ""Jane""",3,15.0,7.225,1,"Najib, Miss. Adele Kiamie ""Jane""",22.0,
46,"Rogers, Mr. William John",3,,8.05,0,"Rogers, Mr. William John",,
808,"Pettersson, Miss. Ellen Natalia",3,18.0,7.775,0,"Pettersson, Miss. Ellen Natalia",18.0,
158,"Corn, Mr. Harry",3,30.0,8.05,0,"Corn, Mr. Harry",,0
666,"Hickman, Mr. Lewis",2,32.0,73.5,0,"Hickman, Mr. Lewis",32.0,0
172,"Rice, Master. Arthur",3,4.0,29.125,0,"Rice, Master. Arthur",4.0,
17,"Rice, Master. Eugene",3,2.0,29.125,0,"Rice, Master. Eugene",2.0,
512,"Webber, Mr. James",3,,8.05,0,"Webber, Mr. James",,
49,"Samaan, Mr. Youssef",3,,21.6792,0,"Samaan, Mr. Youssef",,
863,"Swift, Mrs. Frederick Joel (Margaret Welles Barron)",1,48.0,25.9292,1,"Swift, Mrs. Frederick Joel (Margaret Welles Barron)",48.0,
750,"Connaghton, Mr. Michael",3,31.0,7.75,0,"Connaghton, Mr. Michael",31.0,
516,"Walker, Mr. William Anderson",1,47.0,34.0208,0,"Walker, Mr. William Anderson",47.0,
618,"Lobb, Mrs. William Arthur (Cordelia K Stanlick)",3,26.0,16.1,0,"Lobb, Mrs. William Arthur (Cordelia K Stanlick)",26.0,0
481,"Goodwin, Master. Harold Victor",3,9.0,46.9,0,"Goodwin, Master. Harold Victor",9.0,
284,"Dorking, Mr. Edward Arthur",3,19.0,8.05,1,"Dorking, Mr. Edward Arthur",19.0,
590,"Murdlin, Mr. Joseph",3,,8.05,0,"Murdlin, Mr. Joseph",,
226,"Berglund, Mr. Karl Ivar Sven",3,22.0,9.35,0,"Berglund, Mr. Karl Ivar Sven",,0
27,"Emir, Mr. Farred Chehab",3,,7.225,0,"Emir, Mr. Farred Chehab",,0
849,"Harper, Rev. John",2,28.0,33.0,0,"Harper, Rev. John",28.0,
438,"Richards, Mrs. Sidney (Emily Hocking)",2,24.0,18.75,1,"Richards, Mrs. Sidney (Emily Hocking)",12.0,
845,"Culumovic, Mr. Jeso",3,17.0,8.6625,0,"Culumovic, Mr. Jeso",17.0,
365,"O'Brien, Mr. Thomas",3,,15.5,0,"O'Brien, Mr. Thomas",33.0,
230,"Lefebre, Miss. Mathilde",3,,25.4667,0,"Lefebre, Miss. Mathilde",,
38,"Cann, Mr. Ernest Charles",3,21.0,8.05,0,"Cann, Mr. Ernest Charles",21.0,
858,"Daly, Mr. Peter Denis ",1,51.0,26.55,1,"Daly, Mr. Peter Denis ",51.0,
375,"Palsson, Miss. Stina Viola",3,3.0,21.075,0,"Palsson, Miss. Stina Viola",63.0,
470,"Baclini, Miss. Helene Barbara",3,0.75,19.2583,1,"Baclini, Miss. Helene Barbara",0.75,
860,"Razi, Mr. Raihed",3,,7.2292,0,"Razi, Mr. Raihed",24.0,
759,"Theobald, Mr. Thomas Leonard",3,34.0,8.05,0,"Theobald, Mr. Thomas Leonard",34.0,
652,"Doling, Miss. Elsie",2,18.0,23.0,1,"Doling, Miss. Elsie",18.0,
195,"Brown, Mrs. James Joseph (Margaret Tobin)",1,44.0,27.7208,1,"Brown, Mrs. James Joseph (Margaret Tobin)",44.0,
761,"Garfirth, Mr. John",3,,14.5,0,"Garfirth, Mr. John",,
869,"van Melkebeke, Mr. Philemon",3,,9.5,0,"van Melkebeke, Mr. Philemon",,0
504,"Laitinen, Miss. Kristina Sofia",3,37.0,9.5875,0,"Laitinen, Miss. Kristina Sofia",37.0,
862,"Giles, Mr. Frederick Edward",2,21.0,11.5,0,"Giles, Mr. Frederick Edward",21.0,
742,"Cavendish, Mr. Tyrell William",1,36.0,78.85,0,"Cavendish, Mr. Tyrell William",36.0,
580,"Jussila, Mr. Eiriik",3,32.0,7.925,1,"Jussila, Mr. Eiriik",32.0,
889,"Johnston, Miss. Catherine Helen ""Carrie""",3,,23.45,0,"Johnston, Miss. Catherine Helen ""Carrie""",,
163,"Bengtsson, Mr. John Viktor",3,26.0,7.775,0,"Bengtsson, Mr. John Viktor",26.0,
631,"Barkworth, Mr. Algernon Henry Wilson",1,80.0,30.0,1,"Barkworth, Mr. Algernon Henry Wilson",80.0,
153,"Meo, Mr. Alfonzo",3,55.5,8.05,0,"Meo, Mr. Alfonzo",55.5,0
685,"Brown, Mr. Thomas William Solomon",2,60.0,39.0,0,"Brown, Mr. Thomas William Solomon",60.0,
630,"O'Connell, Mr. Patrick D",3,,7.7333,0,"O'Connell, Mr. Patrick D",,0
676,"Edvardsson, Mr. Gustaf Hjalmar",3,18.0,7.775,0,"Edvardsson, Mr. Gustaf Hjalmar",18.0,
112,"Zabour, Miss. Hileni",3,14.5,14.4542,0,"Zabour, Miss. Hileni",14.5,
227,"Mellors, Mr. William John",2,19.0,10.5,1,"Mellors, Mr. William John",21.0,
619,"Becker, Miss. Marion Louise",2,4.0,39.0,1,"Becker, Miss. Marion Louise",27.0,1
104,"Johansson, Mr. Gustaf Joel",3,33.0,8.6542,0,"Johansson, Mr. Gustaf Joel",33.0,
422,"Charters, Mr. David",3,21.0,7.7333,0,"Charters, Mr. David",21.0,0
420,"Van Impe, Miss. Catharina",3,10.0,24.15,0,"Van Impe, Miss. Catharina",10.0,0
587,"Jarvis, Mr. John Denzil",2,47.0,15.0,0,"Jarvis, Mr. John Denzil",30.0,
120,"Andersson, Miss. Ellis Anna Maria",3,2.0,31.275,0,"Andersson, Miss. Ellis Anna Maria",31.0,0
54,"Faunthorpe, Mrs. Lizzie (Elizabeth Anne Wilkinson)",2,29.0,26.0,1,"Faunthorpe, Mrs. Lizzie (Elizabeth Anne Wilkinson)",29.0,
152,"Pears, Mrs. Thomas (Edith Wearne)",1,22.0,66.6,1,"Pears, Mrs. Thomas (Edith Wearne)",22.0,
404,"Hakkarainen, Mr. Pekka Pietari",3,28.0,15.85,0,"Hakkarainen, Mr. Pekka Pietari",28.0,
840,"Marechal, Mr. Pierre",1,,29.7,1,"Marechal, Mr. Pierre",,1
208,"Albimona, Mr. Nassef Cassem",3,26.0,18.7875,1,"Albimona, Mr. Nassef Cassem",26.0,1
753,"Vande Velde, Mr. Johannes Joseph",3,33.0,9.5,0,"Vande Velde, Mr. Johannes Joseph",33.0,
718,"Troutt, Miss. Edwina Celia ""Winnie""",2,27.0,10.5,1,"Troutt, Miss. Edwina Celia ""Winnie""",27.0,
9,"Johnson, Mrs. Oscar W (Elisabeth Vilhelmina Berg)",3,27.0,11.1333,1,"Johnson, Mrs. Oscar W (Elisabeth Vilhelmina Berg)",27.0,1
723,"Gillespie, Mr. William Henry",2,34.0,13.0,0,"Gillespie, Mr. William Henry",35.0,
37,"Mamee, Mr. Hanna",3,,7.2292,1,"Mamee, Mr. Hanna",,
453,"Foreman, Mr. Benjamin Laventall",1,30.0,27.75,0,"Foreman, Mr. Benjamin Laventall",30.0,0
254,"Lobb, Mr. William Arthur",3,30.0,16.1,0,"Lobb, Mr. William Arthur",30.0,
304,"Keane, Miss. Nora A",2,,12.35,1,"Keane, Miss. Nora A",,
668,"Rommetvedt, Mr. Knud Paust",3,,7.775,0,"Rommetvedt, Mr. Knud Paust",,0
572,"Appleton, Mrs. Edward Dale (Charlotte Lamson)",1,53.0,51.4792,1,"Appleton, Mrs. Edward Dale (Charlotte Lamson)",53.0,
637,"Leinonen, Mr. Antti Gustaf",3,32.0,7.925,0,"Leinonen, Mr. Antti Gustaf",32.0,
715,"Greenberg, Mr. Samuel",2,52.0,13.0,0,"Greenberg, Mr. Samuel",52.0,
263,"Taussig, Mr. Emil",1,52.0,79.65,0,"Taussig, Mr. Emil",52.0,
611,"Andersson, Mrs. Anders Johan (Alfrida Konstantia Brogren)",3,39.0,31.275,0,"Andersson, Mrs. Anders Johan (Alfrida Konstantia Brogren)",39.0,
298,"Allison, Miss. Helen Loraine",1,2.0,151.55,0,"Allison, Miss. Helen Loraine",2.0,
415,"Sundman, Mr. Johan Julian",3,44.0,7.925,1,"Sundman, Mr. Johan Julian",44.0,1
151,"Bateman, Rev. Robert James",2,51.0,12.525,0,"Bateman, Rev. Robert James",51.0,0
706,"Morley, Mr. Henry Samuel (""Mr Henry Marshall"")",2,39.0,26.0,0,"Morley, Mr. Henry Samuel (""Mr Henry Marshall"")",39.0,
790,"Guggenheim, Mr. Benjamin",1,46.0,79.2,0,"Guggenheim, Mr. Benjamin",46.0,
551,"Thayer, Mr. John Borland Jr",1,17.0,110.8833,1,"Thayer, Mr. John Borland Jr",17.0,1
489,"Somerton, Mr. Francis William",3,30.0,8.05,0,"Somerton, Mr. Francis William",30.0,0
148,"Ford, Miss. Robina Maggie ""Ruby""",3,9.0,34.375,0,"Ford, Miss. Robina Maggie ""Ruby""",9.0,0
147,"Andersson, Mr. August Edvard (""Wennerstrom"")",3,27.0,7.7958,1,"Andersson, Mr. August Edvard (""Wennerstrom"")",27.0,1
837,"Pasic, Mr. Jakob",3,21.0,8.6625,0,"Pasic, Mr. Jakob",21.0,
827,"Lam, Mr. Len",3,,56.4958,0,"Lam, Mr. Len",,
871,"Balkic, Mr. Cerin",3,26.0,7.8958,0,"Balkic, Mr. Cerin",26.0,0
349,"Coutts, Master. William Loch ""William""",3,3.0,15.9,1,"Coutts, Master. William Loch ""William""",3.0,
464,"Milling, Mr. Jacob Christian",2,48.0,13.0,0,"Milling, Mr. Jacob Christian",48.0,0
326,"Young, Miss. Marie Grice",1,36.0,135.6333,1,"Young, Miss. Marie Grice",36.0,
187,"O'Brien, Mrs. Thomas (Johanna ""Hannah"" Godfrey)",3,,15.5,1,"O'Brien, Mrs. Thomas (Johanna ""Hannah"" Godfrey)",,
124,"Webber, Miss. Susan",2,32.5,13.0,1,"Webber, Miss. Susan",32.5,
760,"Rothes, the Countess. of (Lucy Noel Martha Dyer-Edwards)",1,33.0,86.5,1,"Rothes, the Countess. of (Lucy Noel Martha Dyer-Edwards)",33.0,
609,"Laroche, Mrs. Joseph (Juliette Marie Louise Lafargue)",2,22.0,41.5792,1,"Laroche, Mrs. Joseph (Juliette Marie Louise Lafargue)",22.0,
144,"Burke, Mr. Jeremiah",3,19.0,6.75,0,"Burke, Mr. Jeremiah",19.0,
852,"Svensson, Mr. Johan",3,74.0,7.775,0,"Svensson, Mr. Johan",74.0,
198,"Olsen, Mr. Karl Siegwart Andreas",3,42.0,8.4042,0,"Olsen, Mr. Karl Siegwart Andreas",42.0,
610,"Shutes, Miss. Elizabeth W",1,40.0,153.4625,1,"Shutes, Miss. Elizabeth W",40.0,
280,"Abbott, Mrs. Stanton (Rosa Hunt)",3,35.0,20.25,1,"Abbott, Mrs. Stanton (Rosa Hunt)",35.0,1
294,"Haas, Miss. Aloisia",3,24.0,8.85,0,"Haas, Miss. Aloisia",29.0,
401,"Niskanen, Mr. Juha",3,39.0,7.925,1,"Niskanen, Mr. Juha",39.0,
123,"Nasser, Mr. Nicholas",2,32.5,30.0708,0,"Nasser, Mr. Nicholas",32.5,
184,"Becker, Master. Richard F",2,1.0,39.0,1,"Becker, Master. Richard F",1.0,1
203,"Johanson, Mr. Jakob Alfred",3,34.0,6.4958,0,"Johanson, Mr. Jakob Alfred",26.0,
439,"Fortune, Mr. Mark",1,64.0,263.0,0,"Fortune, Mr. Mark",64.0,
247,"Lindahl, Miss. Agda Thorilda Viktoria",3,25.0,7.775,0,"Lindahl, Miss. Agda Thorilda Viktoria",25.0,0
416,"Meek, Mrs. Thomas (Annie Louise Rowley)",3,,8.05,0,"Meek, Mrs. Thomas (Annie Louise Rowley)",,
789,"Dean, Master. Bertram Vere",3,1.0,20.575,1,"Dean, Master. Bertram Vere",1.0,
130,"Ekstrom, Mr. Johan",3,45.0,6.975,0,"Ekstrom, Mr. Johan",45.0,
638,"Collyer, Mr. Harvey",2,31.0,26.25,0,"Collyer, Mr. Harvey",31.0,0
403,"Jussila, Miss. Mari Aina",3,21.0,9.825,0,"Jussila, Miss. Mari Aina",21.0,
795,"Dantcheff, Mr. Ristiu",3,25.0,7.8958,0,"Dantcheff, Mr. Ristiu",25.0,
690,"Madill, Miss. Georgette Alexandra",1,15.0,211.3375,1,"Madill, Miss. Georgette Alexandra",15.0,
811,"Alexander, Mr. William",3,26.0,7.8875,0,"Alexander, Mr. William",26.0,
220,"Harris, Mr. Walter",2,30.0,10.5,0,"Harris, Mr. Walter",30.0,
642,"Sagesser, Mlle. Emma",1,24.0,69.3,1,"Sagesser, Mlle. Emma",24.0,
813,"Slemen, Mr. Richard James",2,35.0,10.5,0,"Slemen, Mr. Richard James",35.0,
673,"Mitchell, Mr. Henry Michael",2,70.0,10.5,0,"Mitchell, Mr. Henry Michael",24.0,0
816,"Fry, Mr. Richard",1,,0.0,0,"Fry, Mr. Richard",,0
625,"Bowen, Mr. David John ""Dai""",3,21.0,16.1,0,"Bowen, Mr. David John ""Dai""",21.0,
856,"Aks, Mrs. Sam (Leah Rosen)",3,18.0,9.35,1,"Aks, Mrs. Sam (Leah Rosen)",18.0,1
681,"Peters, Miss. Katie",3,,8.1375,0,"Peters, Miss. Katie",,
387,"Goodwin, Master. Sidney Leonard",3,1.0,46.9,0,"Goodwin, Master. Sidney Leonard",62.0,
864,"Sage, Miss. Dorothy Edith ""Dolly""",3,,69.55,0,"Sage, Miss. Dorothy Edith ""Dolly""",24.0,
510,"Lang, Mr. Fang",3,26.0,56.4958,1,"Lang, Mr. Fang",26.0,
268,"Persson, Mr. Ernst Ulrik",3,25.0,7.775,1,"Persson, Mr. Ernst Ulrik",25.0,
733,"Knight, Mr. Robert J",2,,0.0,0,"Knight, Mr. Robert J",22.0,
442,"Hampe, Mr. Leon",3,20.0,9.5,0,"Hampe, Mr. Leon",20.0,
497,"Eustis, Miss. Elizabeth Mussey",1,54.0,78.2667,1,"Eustis, Miss. Elizabeth Mussey",54.0,
113,"Barton, Mr. David John",3,22.0,8.05,0,"Barton, Mr. David John",27.0,
233,"Sjostedt, Mr. Ernst Adolf",2,59.0,13.5,0,"Sjostedt, Mr. Ernst Adolf",59.0,
775,"Hocking, Mrs. Elizabeth (Eliza Needs)",2,54.0,23.0,1,"Hocking, Mrs. Elizabeth (Eliza Needs)",25.0,1
608,"Daniel, Mr. Robert Williams",1,27.0,30.5,1,"Daniel, Mr. Robert Williams",27.0,1
672,"Davidson, Mr. Thornton",1,31.0,52.0,0,"Davidson, Mr. Thornton",31.0,0
374,"Ringhini, Mr. Sante",1,22.0,135.6333,0,"Ringhini, Mr. Sante",22.0,
873,"Carlsson, Mr. Frans Olof",1,33.0,5.0,0,"Carlsson, Mr. Frans Olof",33.0,0
752,"Moor, Master. Meier",3,6.0,12.475,1,"Moor, Master. Meier",6.0,
234,"Asplund, Miss. Lillian Gertrud",3,5.0,31.3875,1,"Asplund, Miss. Lillian Gertrud",5.0,
807,"Andrews, Mr. Thomas Jr",1,39.0,0.0,0,"Andrews, Mr. Thomas Jr",39.0,
677,"Sawyer, Mr. Frederick Charles",3,24.5,8.05,0,"Sawyer, Mr. Frederick Charles",24.5,
318,"Moraweck, Dr. Ernest",2,54.0,14.0,0,"Moraweck, Dr. Ernest",54.0,
649,"Willey, Mr. Edward",3,,7.55,0,"Willey, Mr. Edward",,
411,"Sdycoff, Mr. Todor",3,,7.8958,0,"Sdycoff, Mr. Todor",,
799,"Ibrahim Shawah, Mr. Yousseff",3,30.0,7.2292,0,"Ibrahim Shawah, Mr. Yousseff",30.0,0
359,"McGovern, Miss. Mary",3,,7.8792,1,"McGovern, Miss. Mary",,
259,"Ward, Miss. Anna",1,35.0,512.3292,1,"Ward, Miss. Anna",35.0,
628,"Longley, Miss. Gretchen Fiske",1,21.0,77.9583,1,"Longley, Miss. Gretchen Fiske",21.0,
633,"Stahelin-Maeglin, Dr. Max",1,32.0,30.5,1,"Stahelin-Maeglin, Dr. Max",32.0,
283,"de Pelsmaeker, Mr. Alfons",3,16.0,9.5,0,"de Pelsmaeker, Mr. Alfons",16.0,
377,"Landergren, Miss. Aurora Adelia",3,22.0,7.25,1,"Landergren, Miss. Aurora Adelia",22.0,
385,"Plotcharsky, Mr. Vasil",3,,7.8958,0,"Plotcharsky, Mr. Vasil",,
225,"Hoyt, Mr. Frederick Maxfield",1,38.0,90.0,1,"Hoyt, Mr. Frederick Maxfield",38.0,
847,"Sage, Mr. Douglas Bullen",3,,69.55,0,"Sage, Mr. Douglas Bullen",,
729,"Bryhl, Mr. Kurt Arnold Gottfrid",2,25.0,26.0,0,"Bryhl, Mr. Kurt Arnold Gottfrid",25.0,
473,"West, Mrs. Edwy Arthur (Ada Mary Worth)",2,33.0,27.75,1,"West, Mrs. Edwy Arthur (Ada Mary Worth)",33.0,
348,"Davison, Mrs. Thomas Henry (Mary E Finck)",3,,16.1,1,"Davison, Mrs. Thomas Henry (Mary E Finck)",59.0,
506,"Penasco y Castellana, Mr. Victor de Satode",1,18.0,108.9,0,"Penasco y Castellana, Mr. Victor de Satode",18.0,
640,"Thorneycroft, Mr. Percival",3,,16.1,0,"Thorneycroft, Mr. Percival",,
879,"Laleff, Mr. Kristo",3,,7.8958,0,"Laleff, Mr. Kristo",,
825,"Panula, Master. Urho Abraham",3,2.0,39.6875,0,"Panula, Master. Urho Abraham",2.0,
804,"Thomas, Master. Assad Alexander",3,0.42,8.5167,1,"Thomas, Master. Assad Alexander",0.42,1
620,"Gavey, Mr. Lawrence",2,26.0,10.5,0,"Gavey, Mr. Lawrence",26.0,
762,"Nirva, Mr. Iisakki Antino Aijo",3,41.0,7.125,0,"Nirva, Mr. Iisakki Antino Aijo",41.0,
646,"Harper, Mr. Henry Sleeper",1,48.0,76.7292,1,"Harper, Mr. Henry Sleeper",48.0,
755,"Herman, Mrs. Samuel (Jane Laver)",2,48.0,65.0,1,"Herman, Mrs. Samuel (Jane Laver)",48.0,
557,"Duff Gordon, Lady. (Lucille Christiana Sutherland) (""Mrs Morgan"")",1,48.0,39.6,1,"Duff Gordon, Lady. (Lucille Christiana Sutherland) (""Mrs Morgan"")",48.0,
851,"Andersson, Master. Sigvard Harald Elias",3,4.0,31.275,0,"Andersson, Master. Sigvard Harald Elias",4.0,
578,"Silvey, Mrs. William Baird (Alice Munger)",1,39.0,55.9,1,"Silvey, Mrs. William Baird (Alice Munger)",39.0,
86,"Backstrom, Mrs. Karl Alfred (Maria Mathilda Gustafsson)",3,33.0,15.85,1,"Backstrom, Mrs. Karl Alfred (Maria Mathilda Gustafsson)",33.0,
243,"Coleridge, Mr. Reginald Charles",2,29.0,10.5,0,"Coleridge, Mr. Reginald Charles",29.0,
699,"Thayer, Mr. John Borland",1,49.0,110.8833,0,"Thayer, Mr. John Borland",49.0,0
160,"Sage, Master. Thomas Henry",3,,69.55,0,"Sage, Master. Thomas Henry",,
525,"Kassem, Mr. Fared",3,,7.2292,0,"Kassem, Mr. Fared",,
36,"Holverson, Mr. Alexander Oskar",1,42.0,52.0,0,"Holverson, Mr. Alexander Oskar",42.0,
541,"Crosby, Miss. Harriet R",1,36.0,71.0,1,"Crosby, Miss. Harriet R",,
171,"Van der hoef, Mr. Wyckoff",1,61.0,33.5,0,"Van der hoef, Mr. Wyckoff",61.0,
655,"Hegarty, Miss. Hanora ""Nora""",3,18.0,6.75,0,"Hegarty, Miss. Hanora ""Nora""",18.0,0
787,"Sjoblom, Miss. Anna Sofia",3,18.0,7.4958,1,"Sjoblom, Miss. Anna Sofia",18.0,
756,"Hamalainen, Master. Viljo",2,0.67,14.5,1,"Hamalainen, Master. Viljo",0.67,
839,"Chip, Mr. Chang",3,32.0,56.4958,1,"Chip, Mr. Chang",32.0,
96,"Shorney, Mr. Charles Joseph",3,,8.05,0,"Shorney, Mr. Charles Joseph",,
564,"Simmons, Mr. John",3,,8.05,0,"Simmons, Mr. John",,
241,"Zabour, Miss. Thamine",3,,14.4542,0,"Zabour, Miss. Thamine",,
575,"Rush, Mr. Alfred George John",3,16.0,8.05,0,"Rush, Mr. Alfred George John",16.0,
691,"Dick, Mr. Albert Adrian",1,31.0,57.0,1,"Dick, Mr. Albert Adrian",31.0,
461,"Anderson, Mr. Harry",1,48.0,26.55,1,"Anderson, Mr. Harry",48.0,
554,"Leeni, Mr. Fahim (""Philip Zenni"")",3,22.0,7.225,1,"Leeni, Mr. Fahim (""Philip Zenni"")",22.0,1
781,"Ayoub, Miss. Banoura",3,13.0,7.2292,1,"Ayoub, Miss. Banoura",13.0,1
207,"Backstrom, Mr. Karl Alfred",3,32.0,15.85,0,"Backstrom, Mr. Karl Alfred",32.0,
393,"Gustafsson, Mr. Johan Birger",3,28.0,7.925,0,"Gustafsson, Mr. Johan Birger",28.0,
398,"McKane, Mr. Peter David",2,46.0,26.0,0,"McKane, Mr. Peter David",46.0,
757,"Carlsson, Mr. August Sigfrid",3,28.0,7.7958,0,"Carlsson, Mr. August Sigfrid",28.0,
218,"Jacobsohn, Mr. Sidney Samuel",2,42.0,27.0,0,"Jacobsohn, Mr. Sidney Samuel",42.0,
5,"Allen, Mr. William Henry",3,35.0,8.05,0,"Allen, Mr. William Henry",35.0,
643,"Skoog, Miss. Margit Elizabeth",3,2.0,27.9,0,"Skoog, Miss. Margit Elizabeth",2.0,
798,"Osman, Mrs. Mara",3,31.0,8.6833,1,"Osman, Mrs. Mara",31.0,
613,"Murphy, Miss. Margaret Jane",3,,15.5,1,"Murphy, Miss. Margaret Jane",,
739,"Ivanoff, Mr. Kanio",3,,7.8958,0,"Ivanoff, Mr. Kanio",,
547,"Beane, Mrs. Edward (Ethel Clarke)",2,19.0,26.0,1,"Beane, Mrs. Edward (Ethel Clarke)",19.0,
726,"Oreskovic, Mr. Luka",3,20.0,8.6625,0,"Oreskovic, Mr. Luka",20.0,
684,"Goodwin, Mr. Charles Edward",3,14.0,46.9,0,"Goodwin, Mr. Charles Edward",14.0,
99,"Doling, Mrs. John T (Ada Julia Bone)",2,34.0,23.0,1,"Doling, Mrs. John T (Ada Julia Bone)",34.0,
728,"Mannion, Miss. Margareth",3,,7.7375,1,"Mannion, Miss. Margareth",,
574,"Kelly, Miss. Mary",3,,7.75,1,"Kelly, Miss. Mary",,
407,"Widegren, Mr. Carl/Charles Peter",3,51.0,7.75,0,"Widegren, Mr. Carl/Charles Peter",51.0,
503,"O'Sullivan, Miss. Bridget Mary",3,,7.6292,0,"O'Sullivan, Miss. Bridget Mary",,
48,"O'Driscoll, Miss. Bridget",3,,7.75,1,"O'Driscoll, Miss. Bridget",,
33,"Glynn, Miss. Mary Agatha",3,,7.75,1,"Glynn, Miss. Mary Agatha",35.0,1
201,"Vande Walle, Mr. Nestor Cyriel",3,28.0,9.5,0,"Vande Walle, Mr. Nestor Cyriel",28.0,
135,"Sobey, Mr. Samuel James Hayden",2,25.0,13.0,0,"Sobey, Mr. Samuel James Hayden",25.0,
28,"Fortune, Mr. Charles Alexander",1,19.0,263.0,0,"Fortune, Mr. Charles Alexander",19.0,
848,"Markoff, Mr. Marin",3,35.0,7.8958,0,"Markoff, Mr. Marin",35.0,
231,"Harris, Mrs. Henry Birkhardt (Irene Wallach)",1,35.0,83.475,1,"Harris, Mrs. Henry Birkhardt (Irene Wallach)",35.0,
490,"Coutts, Master. Eden Leslie ""Neville""",3,9.0,15.9,1,"Coutts, Master. Eden Leslie ""Neville""",33.0,1
379,"Betros, Mr. Tannous",3,20.0,4.0125,0,"Betros, Mr. Tannous",20.0,
289,"Hosono, Mr. Masabumi",2,42.0,13.0,1,"Hosono, Mr. Masabumi",42.0,
419,"Matthews, Mr. William John",2,30.0,13.0,0,"Matthews, Mr. William John",30.0,0
675,"Watson, Mr. Ennis Hastings",2,,0.0,0,"Watson, Mr. Ennis Hastings",31.0,
392,"Jansson, Mr. Carl Olof",3,21.0,7.7958,1,"Jansson, Mr. Carl Olof",21.0,
593,"Elsbury, Mr. William James",3,47.0,7.25,0,"Elsbury, Mr. William James",47.0,
499,"Allison, Mrs. Hudson J C (Bessie Waldo Daniels)",1,25.0,151.55,0,"Allison, Mrs. Hudson J C (Bessie Waldo Daniels)",25.0,
139,"Osen, Mr. Olaf Elon",3,16.0,9.2167,0,"Osen, Mr. Olaf Elon",16.0,
63,"Harris, Mr. Henry Birkhardt",1,45.0,83.475,0,"Harris, Mr. Henry Birkhardt",45.0,
472,"Cacic, Mr. Luka",3,38.0,8.6625,0,"Cacic, Mr. Luka",38.0,
648,"Simonius-Blumer, Col. Oberst Alfons",1,56.0,35.5,1,"Simonius-Blumer, Col. Oberst Alfons",56.0,
129,"Peter, Miss. Anna",3,,22.3583,1,"Peter, Miss. Anna",27.0,1
868,"Roebling, Mr. Washington Augustus II",1,31.0,50.4958,0,"Roebling, Mr. Washington Augustus II",31.0,
521,"Perreault, Miss. Anne",1,30.0,93.5,1,"Perreault, Miss. Anne",30.0,1
65,"Stewart, Mr. Albert A",1,,27.7208,0,"Stewart, Mr. Albert A",40.0,
15,"Vestrom, Miss. Hulda Amanda Adolfina",3,14.0,7.8542,0,"Vestrom, Miss. Hulda Amanda Adolfina",14.0,
157,"Gilnagh, Miss. Katherine ""Katie""",3,16.0,7.7333,1,"Gilnagh, Miss. Katherine ""Katie""",16.0,
41,"Ahlin, Mrs. Johan (Johanna Persdotter Larsson)",3,40.0,9.475,0,"Ahlin, Mrs. Johan (Johanna Persdotter Larsson)",27.0,
493,"Molson, Mr. Harry Markland",1,55.0,30.5,0,"Molson, Mr. Harry Markland",55.0,
380,"Gustafsson, Mr. Karl Gideon",3,19.0,7.775,0,"Gustafsson, Mr. Karl Gideon",19.0,
188,"Romaine, Mr. Charles Hallace (""Mr C Rolmane"")",1,45.0,26.55,1,"Romaine, Mr. Charles Hallace (""Mr C Rolmane"")",45.0,
764,"Carter, Mrs. William Ernest (Lucile Polk)",1,36.0,120.0,1,"Carter, Mrs. William Ernest (Lucile Polk)",36.0,
217,"Honkanen, Miss. Eliina",3,27.0,7.925,1,"Honkanen, Miss. Eliina",27.0,
53,"Harper, Mrs. Henry Sleeper (Myna Haxtun)",1,49.0,76.7292,1,"Harper, Mrs. Henry Sleeper (Myna Haxtun)",49.0,1
338,"Burns, Miss. Elizabeth Margaret",1,41.0,134.5,1,"Burns, Miss. Elizabeth Margaret",41.0,
749,"Marvin, Mr. Daniel Warner",1,19.0,53.1,0,"Marvin, Mr. Daniel Warner",57.0,
720,"Johnson, Mr. Malkolm Joackim",3,33.0,7.775,0,"Johnson, Mr. Malkolm Joackim",33.0,
725,"Chambers, Mr. Norman Campbell",1,27.0,53.1,1,"Chambers, Mr. Norman Campbell",22.0,
296,"Lewy, Mr. Ervin G",1,,27.7208,0,"Lewy, Mr. Ervin G",,
702,"Silverthorne, Mr. Spencer Victor",1,35.0,26.2875,1,"Silverthorne, Mr. Spencer Victor",35.0,
252,"Strom, Mrs. Wilhelm (Elna Matilda Persson)",3,29.0,10.4625,0,"Strom, Mrs. Wilhelm (Elna Matilda Persson)",29.0,
727,"Renouf, Mrs. Peter Henry (Lillian Jefferys)",2,30.0,21.0,1,"Renouf, Mrs. Peter Henry (Lillian Jefferys)",30.0,
462,"Morley, Mr. William",3,34.0,8.05,0,"Morley, Mr. William",34.0,
456,"Jalsevac, Mr. Ivan",3,29.0,7.8958,1,"Jalsevac, Mr. Ivan",,
888,"Graham, Miss. Margaret Edith",1,19.0,30.0,1,"Graham, Miss. Margaret Edith",29.0,1
270,"Bissette, Miss. Amelia",1,35.0,135.6333,1,"Bissette, Miss. Amelia",35.0,1
202,"Sage, Mr. Frederick",3,,69.55,0,"Sage, Mr. Frederick",,
162,"Watt, Mrs. James (Elizabeth ""Bessie"" Inglis Milne)",2,40.0,15.75,1,"Watt, Mrs. James (Elizabeth ""Bessie"" Inglis Milne)",40.0,1
556,"Wright, Mr. George",1,62.0,26.55,0,"Wright, Mr. George",62.0,0
730,"Ilmakangas, Miss. Pieta Sofia",3,25.0,7.925,0,"Ilmakangas, Miss. Pieta Sofia",25.0,
402,"Adams, Mr. John",3,26.0,8.05,0,"Adams, Mr. John",31.0,
703,"Barbara, Miss. Saiide",3,18.0,14.4542,0,"Barbara, Miss. Saiide",18.0,
477,"Renouf, Mr. Peter Henry",2,34.0,21.0,0,"Renouf, Mr. Peter Henry",34.0,
772,"Jensen, Mr. Niels Peder",3,48.0,7.8542,0,"Jensen, Mr. Niels Peder",48.0,
106,"Mionoff, Mr. Stoytcho",3,28.0,7.8958,0,"Mionoff, Mr. Stoytcho",23.0,
566,"Davies, Mr. Alfred J",3,24.0,24.15,0,"Davies, Mr. Alfred J",24.0,
390,"Lehmann, Miss. Bertha",2,17.0,12.0,1,"Lehmann, Miss. Bertha",17.0,1
2,"Cumings, Mrs. John Bradley (Florence Briggs Thayer)",1,38.0,71.2833,1,"Cumings, Mrs. John Bradley (Florence Briggs Thayer)",38.0,
833,"Saad, Mr. Amin",3,,7.2292,0,"Saad, Mr. Amin",,
562,"Sivic, Mr. Husein",3,40.0,7.8958,0,"Sivic, Mr. Husein",43.0,
81,"Waelens, Mr. Achille",3,22.0,9.0,0,"Waelens, Mr. Achille",22.0,
206,"Strom, Miss. Telma Matilda",3,2.0,10.4625,0,"Strom, Miss. Telma Matilda",2.0,
35,"Meyer, Mr. Edgar Joseph",1,28.0,82.1708,0,"Meyer, Mr. Edgar Joseph",28.0,
776,"Myhrman, Mr. Pehr Fabian Oliver Malkolm",3,18.0,7.75,0,"Myhrman, Mr. Pehr Fabian Oliver Malkolm",18.0,
509,"Olsen, Mr. Henry Margido",3,28.0,22.525,0,"Olsen, Mr. Henry Margido",28.0,0
428,"Phillips, Miss. Kate Florence (""Mrs Kate Louise Phillips Marshall"")",2,19.0,26.0,1,"Phillips, Miss. Kate Florence (""Mrs Kate Louise Phillips Marshall"")",19.0,
455,"Peduzzi, Mr. Joseph",3,,8.05,0,"Peduzzi, Mr. Joseph",38.0,
367,"Warren, Mrs. Frank Manley (Anna Sophia Atkinson)",1,60.0,75.25,1,"Warren, Mrs. Frank Manley (Anna Sophia Atkinson)",60.0,1
92,"Andreasson, Mr. Paul Edvin",3,20.0,7.8542,0,"Andreasson, Mr. Paul Edvin",20.0,
340,"Blackwell, Mr. Stephen Weart",1,45.0,35.5,0,"Blackwell, Mr. Stephen Weart",45.0,
565,"Meanwell, Miss. (Marion Ogden)",3,,8.05,0,"Meanwell, Miss. (Marion Ogden)",59.0,
346,"Brown, Miss. Amelia ""Mildred""",2,24.0,13.0,1,"Brown, Miss. Amelia ""Mildred""",24.0,
777,"Tobin, Mr. Roger",3,,7.75,0,"Tobin, Mr. Roger",,
242,"Murphy, Miss. Katherine ""Kate""",3,,15.5,1,"Murphy, Miss. Katherine ""Kate""",,
14,"Andersson, Mr. Anders Johan",3,39.0,31.275,0,"Andersson, Mr. Anders Johan",26.0,
316,"Nilsson, Miss. Helmina Josefina",3,26.0,7.8542,1,"Nilsson, Miss. Helmina Josefina",26.0,
601,"Jacobsohn, Mrs. Sidney Samuel (Amy Frances Christy)",2,24.0,27.0,1,"Jacobsohn, Mrs. Sidney Samuel (Amy Frances Christy)",24.0,
388,"Buss, Miss. Kate",2,36.0,13.0,1,"Buss, Miss. Kate",46.0,
274,"Natsch, Mr. Charles H",1,37.0,29.7,0,"Natsch, Mr. Charles H",37.0,
167,"Chibnall, Mrs. (Edith Martha Bowerman)",1,,55.0,1,"Chibnall, Mrs. (Edith Martha Bowerman)",,
884,"Banfield, Mr. Frederick James",2,28.0,10.5,0,"Banfield, Mr. Frederick James",28.0,
647,"Cor, Mr. Liudevit",3,19.0,7.8958,0,"Cor, Mr. Liudevit",19.0,
819,"Holm, Mr. John Fredrik Alexander",3,43.0,6.45,0,"Holm, Mr. John Fredrik Alexander",39.0,0
485,"Bishop, Mr. Dickinson H",1,25.0,91.0792,1,"Bishop, Mr. Dickinson H",25.0,
874,"Vander Cruyssen, Mr. Victor",3,47.0,9.0,0,"Vander Cruyssen, Mr. Victor",47.0,
505,"Maioni, Miss. Roberta",1,16.0,86.5,1,"Maioni, Miss. Roberta",16.0,1
832,"Richards, Master. George Sibley",2,0.83,18.75,1,"Richards, Master. George Sibley",0.83,
244,"Maenpaa, Mr. Matti Alexanteri",3,22.0,7.125,0,"Maenpaa, Mr. Matti Alexanteri",22.0,
567,"Stoytcheff, Mr. Ilia",3,19.0,7.8958,0,"Stoytcheff, Mr. Ilia",19.0,0
563,"Norman, Mr. Robert Douglas",2,28.0,13.5,0,"Norman, Mr. Robert Douglas",28.0,
687,"Panula, Mr. Jaako Arnold",3,14.0,39.6875,0,"Panula, Mr. Jaako Arnold",14.0,
190,"Turcin, Mr. Stjepan",3,36.0,7.8958,0,"Turcin, Mr. Stjepan",36.0,
783,"Long, Mr. Milton Clyde",1,29.0,30.0,0,"Long, Mr. Milton Clyde",29.0,
700,"Humblen, Mr. Adolf Mathias Nicolai Olsen",3,42.0,7.65,0,"Humblen, Mr. Adolf Mathias Nicolai Olsen",39.5,
476,"Clifford, Mr. George Quincy",1,,52.0,0,"Clifford, Mr. George Quincy",24.0,
682,"Hassab, Mr. Hammad",1,27.0,76.7292,1,"Hassab, Mr. Hammad",27.0,
511,"Daly, Mr. Eugene Patrick",3,29.0,7.75,1,"Daly, Mr. Eugene Patrick",29.0,
59,"West, Miss. Constance Mirium",2,5.0,27.75,1,"West, Miss. Constance Mirium",5.0,
475,"Strandberg, Miss. Ida Sofia",3,22.0,9.8375,0,"Strandberg, Miss. Ida Sofia",22.0,
561,"Morrow, Mr. Thomas Rowan",3,,7.75,0,"Morrow, Mr. Thomas Rowan",,0
748,"Sinkkonen, Miss. Anna",2,30.0,13.0,1,"Sinkkonen, Miss. Anna",30.0,
253,"Stead, Mr. William Thomas",1,62.0,26.55,0,"Stead, Mr. William Thomas",62.0,
22,"Beesley, Mr. Lawrence",2,34.0,13.0,1,"Beesley, Mr. Lawrence",34.0,
314,"Hendekovic, Mr. Ignjac",3,28.0,7.8958,0,"Hendekovic, Mr. Ignjac",38.0,
460,"O'Connor, Mr. Maurice",3,,7.75,0,"O'Connor, Mr. Maurice",,
161,"Cribb, Mr. John Hatfield",3,44.0,16.1,0,"Cribb, Mr. John Hatfield",31.0,
277,"Lindblom, Miss. Augusta Charlotta",3,45.0,7.75,0,"Lindblom, Miss. Augusta Charlotta",45.0,
192,"Carbines, Mr. William",2,19.0,13.0,0,"Carbines, Mr. William",19.0,
386,"Davies, Mr. Charles Henry",2,18.0,73.5,0,"Davies, Mr. Charles Henry",18.0,
806,"Johansson, Mr. Karl Johan",3,31.0,7.775,0,"Johansson, Mr. Karl Johan",31.0,
414,"Cunningham, Mr. Alfred Fleming",2,,0.0,0,"Cunningham, Mr. Alfred Fleming",,
492,"Windelov, Mr. Einar",3,21.0,7.25,0,"Windelov, Mr. Einar",21.0,
344,"Sedgwick, Mr. Charles Frederick Waddington",2,25.0,13.0,0,"Sedgwick, Mr. Charles Frederick Waddington",25.0,
770,"Gronnestad, Mr. Daniel Danielsen",3,32.0,8.3625,0,"Gronnestad, Mr. Daniel Danielsen",32.0,
309,"Abelson, Mr. Samuel",2,30.0,24.0,0,"Abelson, Mr. Samuel",30.0,
662,"Badt, Mr. Mohamed",3,40.0,7.225,0,"Badt, Mr. Mohamed",35.0,
131,"Drazenoic, Mr. Jozef",3,33.0,7.8958,0,"Drazenoic, Mr. Jozef",59.0,
664,"Coleff, Mr. Peju",3,36.0,7.4958,0,"Coleff, Mr. Peju",36.0,
872,"Beckwith, Mrs. Richard Leonard (Sallie Monypeny)",1,47.0,52.5542,1,"Beckwith, Mrs. Richard Leonard (Sallie Monypeny)",47.0,
100,"Kantor, Mr. Sinai",2,34.0,26.0,0,"Kantor, Mr. Sinai",34.0,
373,"Beavan, Mr. William Thomas",3,19.0,8.05,0,"Beavan, Mr. William Thomas",47.0,
88,"Slocovski, Mr. Selman Francis",3,,8.05,0,"Slocovski, Mr. Selman Francis",,
459,"Toomey, Miss. Ellen",2,50.0,10.5,1,"Toomey, Miss. Ellen",50.0,
331,"McCoy, Miss. Agnes",3,,23.25,1,"McCoy, Miss. Agnes",,
215,"Kiernan, Mr. Philip",3,,7.75,0,"Kiernan, Mr. Philip",,
467,"Campbell, Mr. William",2,,0.0,0,"Campbell, Mr. William",,
122,"Moore, Mr. Leonard Charles",3,,8.05,0,"Moore, Mr. Leonard Charles",,
615,"Brocklebank, Mr. William Alfred",3,35.0,8.05,0,"Brocklebank, Mr. William Alfred",35.0,
21,"Fynney, Mr. Joseph J",2,35.0,26.0,0,"Fynney, Mr. Joseph J",35.0,
701,"Astor, Mrs. John Jacob (Madeleine Talmadge Force)",1,18.0,227.525,1,"Astor, Mrs. John Jacob (Madeleine Talmadge Force)",18.0,1
72,"Goodwin, Miss. Lillian Amy",3,16.0,46.9,0,"Goodwin, Miss. Lillian Amy",16.0,
107,"Salkjelsvik, Miss. Anna Kristine",3,21.0,7.65,1,"Salkjelsvik, Miss. Anna Kristine",21.0,
271,"Cairns, Mr. Alexander",1,,31.0,0,"Cairns, Mr. Alexander",,
861,"Hansen, Mr. Claus Peter",3,41.0,14.1083,0,"Hansen, Mr. Claus Peter",41.0,
436,"Carter, Miss. Lucile Polk",1,14.0,120.0,1,"Carter, Miss. Lucile Polk",14.0,
103,"White, Mr. Richard Frasar",1,21.0,77.2875,0,"White, Mr. Richard Frasar",21.0,
