PassengerId,Name,Pclass,Age,Fare,Survived,orig_index
841,"Alhomaki, Mr. Ilmari Rudolf",3,20.0,7.925,0,2
40,"Nicola-Yarred, Miss. Jamila",3,14.0,11.2417,1,4
334,"Vander Planke, Mr. Leo Edmondus",3,16.0,18.0,0,7
209,"Carr, Miss. Helen ""Ellen""",3,16.0,7.75,1,8
697,"Kelly, Mr. James",3,44.0,8.05,0,11
245,"Attalah, Mr. Sleiman",3,30.0,7.225,0,13
295,"Mineff, Mr. Ivan",3,24.0,7.8958,0,20
193,"Andersen-Jensen, Miss. Carla Christine Nielsine",3,19.0,7.8542,1,22
683,"Olsvigen, Mr. Thor Anderson",3,20.0,9.225,0,23
820,"Skoog, Master. Karl Thorsten",3,10.0,27.9,0,25
64,"Skoog, Master. Harald",3,4.0,27.9,0,28
397,"Olsson, Miss. Elina",3,31.0,7.8542,0,29
878,"Petroff, Mr. Nedelio",3,19.0,7.8958,0,30
142,"Nysten, Miss. Anna Sofia",3,22.0,7.75,1,31
205,"Cohen, Mr. Gurshon ""Gus""",3,18.0,8.05,1,34
621,"Yasbeck, Mr. Antoni",3,27.0,14.4542,0,35
478,"Braund, Mr. Lewis Richard",3,29.0,7.0458,0,41
363,"Barbara, Mrs. (Catherine David)",3,45.0,14.4542,0,44
87,"Ford, Mr. William Neal",3,16.0,34.375,0,45
68,"Crease, Mr. Ernest James",3,19.0,8.1583,0,46
351,"Odahl, Mr. Nils Martin",3,23.0,9.225,0,47
211,"Ali, Mr. Ahmed",3,24.0,7.05,0,48
449,"Baclini, Miss. Marie Catherine",3,5.0,19.2583,1,50
361,"Skoog, Mr. Wilhelm",3,40.0,27.9,0,52
281,"Duane, Mr. Frank",3,65.0,7.75,0,54
45,"Devaney, Miss. Margaret Delia",3,19.0,7.8792,1,59
409,"Birkeland, Mr. Hans Martin Monsen",3,21.0,7.775,0,60
423,"Zimmerman, Mr. Leo",3,29.0,7.875,0,67
533,"Elias, Mr. Joseph Jr",3,17.0,7.2292,0,68
834,"Augustsson, Mr. Albert",3,23.0,7.8542,0,74
606,"Lindell, Mr. Edvard Bengtsson",3,36.0,15.55,0,75
768,"Mangan, Miss. Mary",3,30.5,7.75,0,76
255,"Rosblom, Mrs. Viktor (Helena Wilhelmina)",3,41.0,20.2125,0,79
267,"Panula, Mr. Ernesti Arvid",3,16.0,39.6875,0,80
166,"Goldsmith, Master. Frank John William ""Frankie""",3,9.0,20.525,1,90
542,"Andersson, Miss. Ingeborg Constanzia",3,9.0,31.275,0,91
282,"Olsson, Mr. Nils Johan Goransson",3,28.0,7.8542,0,95
339,"Dahl, Mr. Karl Edwart",3,45.0,8.05,1,97
322,"Danoff, Mr. Yoto",3,27.0,7.8958,0,99
591,"Rintamaki, Mr. Matti",3,35.0,7.125,0,101
466,"Goncalves, Mr. Manuel Estanslas",3,38.0,7.05,0,103
815,"Tomlin, Mr. Ernest Portage",3,30.5,8.05,0,104
443,"Petterson, Mr. Johan Emil",3,25.0,7.775,0,105
287,"de Mulder, Mr. Theodore",3,30.0,9.5,1,108
228,"Lovell, Mr. John Hall (""Henry"")",3,20.5,7.25,0,111
877,"Gustafsson, Mr. Alfred Ossian",3,20.0,9.8458,0,115
737,"Ford, Mrs. Edward (Margaret Ann Watson)",3,48.0,34.375,0,119
786,"Harmer, Mr. Abraham (David Lishin)",3,25.0,7.25,0,124
495,"Stanley, Mr. Edward Roland",3,21.0,8.05,0,129
778,"Emanuel, Miss. Virginia Ethel",3,5.0,12.475,1,133
831,"Yasbeck, Mrs. Antoni (Selini Alexander)",3,15.0,14.4542,1,135
232,"Larsson, Mr. Bengt Edvin",3,29.0,7.775,0,137
846,"Abbing, Mr. Anthony",3,42.0,7.55,0,138
50,"Arnold-Franchi, Mrs. Josef (Josefine Franchi)",3,18.0,17.8,0,139
653,"Kalvik, Mr. Johannes Halvorsen",3,21.0,8.4333,0,140
886,"Rice, Mrs. William (Margaret Norton)",3,39.0,29.125,0,144
669,"Cook, Mr. Jacob",3,43.0,8.05,0,149
515,"Coleff, Mr. Satio",3,24.0,7.4958,0,151
689,"Fischer, Mr. Eberhard Thelander",3,18.0,7.7958,0,152
658,"Bourke, Mrs. John (Catherine)",3,32.0,15.5,0,159
297,"Hanna, Mr. Mansour",3,23.5,7.2292,0,160
522,"Vovk, Mr. Janko",3,22.0,7.8958,0,168
364,"Asim, Mr. Adola",3,35.0,7.05,0,169
853,"Boulos, Miss. Nourelain",3,9.0,15.2458,0,173
434,"Kallio, Mr. Nikolai Erland",3,17.0,7.125,0,174
26,"Asplund, Mrs. Carl Oscar (Selma Augusta Emilia Johansson)",3,38.0,31.3875,1,176
11,"Sandstrom, Miss. Marguerite Rut",3,4.0,16.7,1,178
