PassengerId,Name,Pclass,Age,Fare,Survived,Name_exact_copy,Age_with_noise,Survived_with_nan_noise
710,"Moubarek, Master. Halim Gonios (""William George"")",3,,15.2458,1,"Moubarek, Master. Halim Gonios (""William George"")",,
440,"Kvillner, Mr. Johan Henrik Johannesson",2,31.0,10.5,0,"Kvillner, Mr. Johan Henrik Johannesson",31.0,
841,"Alhomaki, Mr. Ilmari Rudolf",3,20.0,7.925,0,"Alhomaki, Mr. Ilmari Rudolf",20.0,
721,"Harper, Miss. Annie Jessie ""Nina""",2,6.0,33.0,1,"Harper, Miss. Annie Jessie ""Nina""",6.0,
40,"Nicola-Yarred, Miss. Jamila",3,14.0,11.2417,1,"Nicola-Yarred, Miss. Jamila",16.0,1
291,"Barber, Miss. Ellen ""Nellie""",1,26.0,78.85,1,"Barber, Miss. Ellen ""Nellie""",26.0,
301,"Kelly, Miss. Anna Katherine ""Annie Kate""",3,,7.75,1,"Kelly, Miss. Anna Katherine ""Annie Kate""",,
334,"Vander Planke, Mr. Leo Edmondus",3,16.0,18.0,0,"Vander Planke, Mr. Leo Edmondus",16.0,
209,"Carr, Miss. Helen ""Ellen""",3,16.0,7.75,1,"Carr, Miss. Helen ""Ellen""",,
137,"Newsom, Miss. Helen Monypeny",1,19.0,26.2833,1,"Newsom, Miss. Helen Monypeny",19.0,
138,"Futrelle, Mr. Jacques Heath",1,37.0,53.1,0,"Futrelle, Mr. Jacques Heath",37.0,
697,"Kelly, Mr. James",3,44.0,8.05,0,"Kelly, Mr. James",44.0,
486,"Lefebre, Miss. Jeannie",3,,25.4667,0,"Lefebre, Miss. Jeannie",,
245,"Attalah, Mr. Sleiman",3,30.0,7.225,0,"Attalah, Mr. Sleiman",30.0,
345,"Fox, Mr. Stanley Hubert",2,36.0,13.0,0,"Fox, Mr. Stanley Hubert",36.0,
854,"Lines, Miss. Mary Conover",1,16.0,39.4,1,"Lines, Miss. Mary Conover",36.0,
622,"Kimball, Mr. Edwin Nelson Jr",1,42.0,52.5542,1,"Kimball, Mr. Edwin Nelson Jr",42.0,1
654,"O'Leary, Miss. Hanora ""Norah""",3,,7.8292,1,"O'Leary, Miss. Hanora ""Norah""",,
887,"Montvila, Rev. Juozas",2,27.0,13.0,0,"Montvila, Rev. Juozas",35.0,
111,"Porter, Mr. Walter Chamberlain",1,47.0,52.0,0,"Porter, Mr. Walter Chamberlain",47.0,0
295,"Mineff, Mr. Ivan",3,24.0,7.8958,0,"Mineff, Mr. Ivan",24.0,0
448,"Seward, Mr. Frederic Kimber",1,34.0,26.55,1,"Seward, Mr. Frederic Kimber",34.0,
193,"Andersen-Jensen, Miss. Carla Christine Nielsine",3,19.0,7.8542,1,"Andersen-Jensen, Miss. Carla Christine Nielsine",50.0,1
683,"Olsvigen, Mr. Thor Anderson",3,20.0,9.225,0,"Olsvigen, Mr. Thor Anderson",20.0,
539,"Risien, Mr. Samuel Beard",3,,14.5,0,"Risien, Mr. Samuel Beard",,
820,"Skoog, Master. Karl Thorsten",3,10.0,27.9,0,"Skoog, Master. Karl Thorsten",10.0,
31,"Uruchurtu, Don. Manuel E",1,40.0,27.7208,0,"Uruchurtu, Don. Manuel E",40.0,0
674,"Wilhelms, Mr. Charles",2,31.0,13.0,1,"Wilhelms, Mr. Charles",31.0,
64,"Skoog, Master. Harald",3,4.0,27.9,0,"Skoog, Master. Harald",4.0,
397,"Olsson, Miss. Elina",3,31.0,7.8542,0,"Olsson, Miss. Elina",31.0,
878,"Petroff, Mr. Nedelio",3,19.0,7.8958,0,"Petroff, Mr. Nedelio",19.0,
142,"Nysten, Miss. Anna Sofia",3,22.0,7.75,1,"Nysten, Miss. Anna Sofia",22.0,
794,"Hoyt, Mr. William Fisher",1,,30.6958,0,"Hoyt, Mr. William Fisher",,
236,"Harknett, Miss. Alice Phoebe",3,,7.55,0,"Harknett, Miss. Alice Phoebe",,
205,"Cohen, Mr. Gurshon ""Gus""",3,18.0,8.05,1,"Cohen, Mr. Gurshon ""Gus""",18.0,
621,"Yasbeck, Mr. Antoni",3,27.0,14.4542,0,"Yasbeck, Mr. Antoni",34.0,
24,"Sloper, Mr. William Thompson",1,28.0,35.5,1,"Sloper, Mr. William Thompson",28.0,
199,"Madigan, Miss. Margaret ""Maggie""",3,,7.75,1,"Madigan, Miss. Margaret ""Maggie""",,
843,"Serepeca, Miss. Augusta",1,30.0,31.0,1,"Serepeca, Miss. Augusta",76.0,
740,"Nankoff, Mr. Minko",3,,7.8958,0,"Nankoff, Mr. Minko",,
121,"Hickman, Mr. Stanley George",2,21.0,73.5,0,"Hickman, Mr. Stanley George",21.0,
478,"Braund, Mr. Lewis Richard",3,29.0,7.0458,0,"Braund, Mr. Lewis Richard",29.0,
838,"Sirota, Mr. Maurice",3,,8.05,0,"Sirota, Mr. Maurice",,
791,"Keane, Mr. Andrew ""Andy""",3,,7.75,0,"Keane, Mr. Andrew ""Andy""",,0
363,"Barbara, Mrs. (Catherine David)",3,45.0,14.4542,0,"Barbara, Mrs. (Catherine David)",,
87,"Ford, Mr. William Neal",3,16.0,34.375,0,"Ford, Mr. William Neal",16.0,
68,"Crease, Mr. Ernest James",3,19.0,8.1583,0,"Crease, Mr. Ernest James",19.0,0
351,"Odahl, Mr. Nils Martin",3,23.0,9.225,0,"Odahl, Mr. Nils Martin",23.0,
211,"Ali, Mr. Ahmed",3,24.0,7.05,0,"Ali, Mr. Ahmed",24.0,
660,"Newell, Mr. Arthur Webster",1,58.0,113.275,0,"Newell, Mr. Arthur Webster",58.0,
449,"Baclini, Miss. Marie Catherine",3,5.0,19.2583,1,"Baclini, Miss. Marie Catherine",5.0,
821,"Hays, Mrs. Charles Melville (Clara Jennings Gregg)",1,52.0,93.5,1,"Hays, Mrs. Charles Melville (Clara Jennings Gregg)",52.0,1
361,"Skoog, Mr. Wilhelm",3,40.0,27.9,0,"Skoog, Mr. Wilhelm",40.0,
803,"Carter, Master. William Thornton II",1,11.0,120.0,1,"Carter, Master. William Thornton II",11.0,1
281,"Duane, Mr. Frank",3,65.0,7.75,0,"Duane, Mr. Frank",65.0,
586,"Taussig, Miss. Ruth",1,18.0,79.65,1,"Taussig, Miss. Ruth",18.0,
71,"Jenkin, Mr. Stephen Curnow",2,32.0,10.5,0,"Jenkin, Mr. Stephen Curnow",32.0,
300,"Baxter, Mrs. James (Helene DeLaudeniere Chaput)",1,50.0,247.5208,1,"Baxter, Mrs. James (Helene DeLaudeniere Chaput)",50.0,1
212,"Cameron, Miss. Clear Annie",2,35.0,21.0,1,"Cameron, Miss. Clear Annie",35.0,
45,"Devaney, Miss. Margaret Delia",3,19.0,7.8792,1,"Devaney, Miss. Margaret Delia",19.0,
409,"Birkeland, Mr. Hans Martin Monsen",3,21.0,7.775,0,"Birkeland, Mr. Hans Martin Monsen",21.0,
447,"Mellinger, Miss. Madeleine Violet",2,13.0,19.5,1,"Mellinger, Miss. Madeleine Violet",13.0,
427,"Clarke, Mrs. Charles V (Ada Maria Winfield)",2,28.0,26.0,1,"Clarke, Mrs. Charles V (Ada Maria Winfield)",28.0,
169,"Baumann, Mr. John D",1,,25.925,0,"Baumann, Mr. John D",,
197,"Mernagh, Mr. Robert",3,,7.75,0,"Mernagh, Mr. Robert",,
773,"Mack, Mrs. (Mary)",2,57.0,10.5,0,"Mack, Mrs. (Mary)",57.0,0
73,"Hood, Mr. Ambrose Jr",2,21.0,73.5,0,"Hood, Mr. Ambrose Jr",52.0,
423,"Zimmerman, Mr. Leo",3,29.0,7.875,0,"Zimmerman, Mr. Leo",28.5,
533,"Elias, Mr. Joseph Jr",3,17.0,7.2292,0,"Elias, Mr. Joseph Jr",17.0,0
592,"Stephenson, Mrs. Walter Bertram (Martha Eustis)",1,52.0,78.2667,1,"Stephenson, Mrs. Walter Bertram (Martha Eustis)",52.0,
313,"Lahtinen, Mrs. William (Anna Sylfven)",2,26.0,26.0,0,"Lahtinen, Mrs. William (Anna Sylfven)",26.0,
312,"Ryerson, Miss. Emily Borie",1,18.0,262.375,1,"Ryerson, Miss. Emily Borie",18.0,
890,"Behr, Mr. Karl Howell",1,26.0,30.0,1,"Behr, Mr. Karl Howell",26.0,
836,"Compton, Miss. Sara Rebecca",1,39.0,83.1583,1,"Compton, Miss. Sara Rebecca",39.0,
834,"Augustsson, Mr. Albert",3,23.0,7.8542,0,"Augustsson, Mr. Albert",76.0,
606,"Lindell, Mr. Edvard Bengtsson",3,36.0,15.55,0,"Lindell, Mr. Edvard Bengtsson",36.0,
768,"Mangan, Miss. Mary",3,30.5,7.75,0,"Mangan, Miss. Mary",30.5,
540,"Frolicher, Miss. Hedwig Margaritha",1,22.0,49.5,1,"Frolicher, Miss. Hedwig Margaritha",22.0,
358,"Funk, Miss. Annie Clemmer",2,38.0,13.0,0,"Funk, Miss. Annie Clemmer",38.0,
255,"Rosblom, Mrs. Viktor (Helena Wilhelmina)",3,41.0,20.2125,0,"Rosblom, Mrs. Viktor (Helena Wilhelmina)",41.0,0
267,"Panula, Mr. Ernesti Arvid",3,16.0,39.6875,0,"Panula, Mr. Ernesti Arvid",16.0,
67,"Nye, Mrs. (Elizabeth Ramell)",2,29.0,10.5,1,"Nye, Mrs. (Elizabeth Ramell)",40.0,
320,"Spedden, Mrs. Frederic Oakley (Margaretta Corning Stone)",1,40.0,134.5,1,"Spedden, Mrs. Frederic Oakley (Margaretta Corning Stone)",40.0,1
779,"Kilgannon, Mr. Thomas J",3,,7.7375,0,"Kilgannon, Mr. Thomas J",,0
175,"Smith, Mr. James Clinch",1,56.0,30.6958,0,"Smith, Mr. James Clinch",56.0,
494,"Artagaveytia, Mr. Ramon",1,71.0,49.5042,0,"Artagaveytia, Mr. Ramon",71.0,0
216,"Newell, Miss. Madeleine",1,31.0,113.275,1,"Newell, Miss. Madeleine",31.0,
310,"Francatelli, Miss. Laura Mabel",1,30.0,56.9292,1,"Francatelli, Miss. Laura Mabel",30.0,
823,"Reuchlin, Jonkheer. John George",1,38.0,0.0,0,"Reuchlin, Jonkheer. John George",38.0,
251,"Reed, Mr. James George",3,,7.25,0,"Reed, Mr. James George",,
166,"Goldsmith, Master. Frank John William ""Frankie""",3,9.0,20.525,1,"Goldsmith, Master. Frank John William ""Frankie""",9.0,
542,"Andersson, Miss. Ingeborg Constanzia",3,9.0,31.275,0,"Andersson, Miss. Ingeborg Constanzia",9.0,
626,"Sutton, Mr. Frederick",1,61.0,32.3208,0,"Sutton, Mr. Frederick",61.0,
389,"Sadlier, Mr. Matthew",3,,7.7292,0,"Sadlier, Mr. Matthew",,
77,"Staneff, Mr. Ivan",3,,7.8958,0,"Staneff, Mr. Ivan",,
282,"Olsson, Mr. Nils Johan Goransson",3,28.0,7.8542,0,"Olsson, Mr. Nils Johan Goransson",28.0,
713,"Taylor, Mr. Elmer Zebley",1,48.0,52.0,1,"Taylor, Mr. Elmer Zebley",48.0,
339,"Dahl, Mr. Karl Edwart",3,45.0,8.05,1,"Dahl, Mr. Karl Edwart",45.0,
328,"Ball, Mrs. (Ada E Hall)",2,36.0,13.0,1,"Ball, Mrs. (Ada E Hall)",36.0,
322,"Danoff, Mr. Yoto",3,27.0,7.8958,0,"Danoff, Mr. Yoto",27.0,0
546,"Nicholson, Mr. Arthur Ernest",1,64.0,26.0,0,"Nicholson, Mr. Arthur Ernest",32.0,
591,"Rintamaki, Mr. Matti",3,35.0,7.125,0,"Rintamaki, Mr. Matti",35.0,
292,"Bishop, Mrs. Dickinson H (Helen Walton)",1,19.0,91.0792,1,"Bishop, Mrs. Dickinson H (Helen Walton)",19.0,
466,"Goncalves, Mr. Manuel Estanslas",3,38.0,7.05,0,"Goncalves, Mr. Manuel Estanslas",38.0,
815,"Tomlin, Mr. Ernest Portage",3,30.5,8.05,0,"Tomlin, Mr. Ernest Portage",26.0,
443,"Petterson, Mr. Johan Emil",3,25.0,7.775,0,"Petterson, Mr. Johan Emil",25.0,
671,"Brown, Mrs. Thomas William Solomon (Elizabeth Catherine Ford)",2,40.0,39.0,1,"Brown, Mrs. Thomas William Solomon (Elizabeth Catherine Ford)",41.0,
463,"Gee, Mr. Arthur H",1,47.0,38.5,0,"Gee, Mr. Arthur H",47.0,
287,"de Mulder, Mr. Theodore",3,30.0,9.5,1,"de Mulder, Mr. Theodore",30.0,
210,"Blank, Mr. Henry",1,40.0,31.0,1,"Blank, Mr. Henry",40.0,1
670,"Taylor, Mrs. Elmer Zebley (Juliet Cummins Wright)",1,,52.0,1,"Taylor, Mrs. Elmer Zebley (Juliet Cummins Wright)",,
228,"Lovell, Mr. John Hall (""Henry"")",3,20.5,7.25,0,"Lovell, Mr. John Hall (""Henry"")",20.5,
850,"Goldenberg, Mrs. Samuel L (Edwiga Grabowska)",1,,89.1042,1,"Goldenberg, Mrs. Samuel L (Edwiga Grabowska)",27.0,
513,"McGough, Mr. James Robert",1,36.0,26.2875,1,"McGough, Mr. James Robert",36.0,
528,"Farthing, Mr. John",1,,221.7792,0,"Farthing, Mr. John",30.0,0
877,"Gustafsson, Mr. Alfred Ossian",3,20.0,9.8458,0,"Gustafsson, Mr. Alfred Ossian",20.0,
97,"Goldschmidt, Mr. George B",1,71.0,34.6542,0,"Goldschmidt, Mr. George B",71.0,
293,"Levy, Mr. Rene Jacques",2,36.0,12.875,0,"Levy, Mr. Rene Jacques",36.0,
324,"Caldwell, Mrs. Albert Francis (Sylvia Mae Harbaugh)",2,22.0,29.0,1,"Caldwell, Mrs. Albert Francis (Sylvia Mae Harbaugh)",22.0,1
737,"Ford, Mrs. Edward (Margaret Ann Watson)",3,48.0,34.375,0,"Ford, Mrs. Edward (Margaret Ann Watson)",48.0,
530,"Hocking, Mr. Richard George",2,23.0,11.5,0,"Hocking, Mr. Richard George",23.0,0
219,"Bazzani, Miss. Albina",1,32.0,76.2917,1,"Bazzani, Miss. Albina",32.0,
276,"Andrews, Miss. Kornelia Theodosia",1,63.0,77.9583,1,"Andrews, Miss. Kornelia Theodosia",63.0,
79,"Caldwell, Master. Alden Gates",2,0.83,29.0,1,"Caldwell, Master. Alden Gates",0.83,1
786,"Harmer, Mr. Abraham (David Lishin)",3,25.0,7.25,0,"Harmer, Mr. Abraham (David Lishin)",25.0,0
605,"Homer, Mr. Harry (""Mr E Haven"")",1,35.0,26.55,1,"Homer, Mr. Harry (""Mr E Haven"")",35.0,
797,"Leader, Dr. Alice (Farnham)",1,49.0,25.9292,1,"Leader, Dr. Alice (Farnham)",49.0,
140,"Giglio, Mr. Victor",1,24.0,79.2,0,"Giglio, Mr. Victor",24.0,0
579,"Caram, Mrs. Joseph (Maria Elias)",3,,14.4583,0,"Caram, Mrs. Joseph (Maria Elias)",,
495,"Stanley, Mr. Edward Roland",3,21.0,8.05,0,"Stanley, Mr. Edward Roland",21.0,
360,"Mockler, Miss. Helen Mary ""Ellie""",3,,7.8792,1,"Mockler, Miss. Helen Mary ""Ellie""",,
66,"Moubarek, Master. Gerios",3,,15.2458,1,"Moubarek, Master. Gerios",,1
482,"Frost, Mr. Anthony Wood ""Archie""",2,,0.0,0,"Frost, Mr. Anthony Wood ""Archie""",,0
778,"Emanuel, Miss. Virginia Ethel",3,5.0,12.475,1,"Emanuel, Miss. Virginia Ethel",5.0,
600,"Duff Gordon, Sir. Cosmo Edmund (""Mr Morgan"")",1,49.0,56.9292,1,"Duff Gordon, Sir. Cosmo Edmund (""Mr Morgan"")",49.0,
831,"Yasbeck, Mrs. Antoni (Selini Alexander)",3,15.0,14.4542,1,"Yasbeck, Mrs. Antoni (Selini Alexander)",70.0,
307,"Fleming, Miss. Margaret",1,,110.8833,1,"Fleming, Miss. Margaret",,
232,"Larsson, Mr. Bengt Edvin",3,29.0,7.775,0,"Larsson, Mr. Bengt Edvin",29.0,0
846,"Abbing, Mr. Anthony",3,42.0,7.55,0,"Abbing, Mr. Anthony",42.0,
50,"Arnold-Franchi, Mrs. Josef (Josefine Franchi)",3,18.0,17.8,0,"Arnold-Franchi, Mrs. Josef (Josefine Franchi)",57.0,0
653,"Kalvik, Mr. Johannes Halvorsen",3,21.0,8.4333,0,"Kalvik, Mr. Johannes Halvorsen",21.0,
855,"Carter, Mrs. Ernest Courtenay (Lilian Hughes)",2,44.0,26.0,0,"Carter, Mrs. Ernest Courtenay (Lilian Hughes)",44.0,
343,"Collander, Mr. Erik Gustaf",2,28.0,13.0,0,"Collander, Mr. Erik Gustaf",28.0,
595,"Chapman, Mr. John Henry",2,37.0,26.0,0,"Chapman, Mr. John Henry",37.0,
886,"Rice, Mrs. William (Margaret Norton)",3,39.0,29.125,0,"Rice, Mrs. William (Margaret Norton)",39.0,
417,"Drew, Mrs. James Vivian (Lulu Thorne Christian)",2,34.0,32.5,1,"Drew, Mrs. James Vivian (Lulu Thorne Christian)",34.0,
214,"Givard, Mr. Hans Kristensen",2,30.0,13.0,0,"Givard, Mr. Hans Kristensen",45.0,
34,"Wheadon, Mr. Edward H",2,66.0,10.5,0,"Wheadon, Mr. Edward H",66.0,
32,"Spencer, Mrs. William Augustus (Marie Eugenie)",1,,146.5208,1,"Spencer, Mrs. William Augustus (Marie Eugenie)",19.0,
669,"Cook, Mr. Jacob",3,43.0,8.05,0,"Cook, Mr. Jacob",43.0,
585,"Paulner, Mr. Uscher",3,,8.7125,0,"Paulner, Mr. Uscher",,
515,"Coleff, Mr. Satio",3,24.0,7.4958,0,"Coleff, Mr. Satio",24.0,
689,"Fischer, Mr. Eberhard Thelander",3,18.0,7.7958,0,"Fischer, Mr. Eberhard Thelander",18.0,
110,"Moran, Miss. Bertha",3,,24.15,1,"Moran, Miss. Bertha",,
78,"Moutal, Mr. Rahamin Haim",3,,8.05,0,"Moutal, Mr. Rahamin Haim",,
612,"Jardin, Mr. Jose Neto",3,,7.05,0,"Jardin, Mr. Jose Neto",,
644,"Foo, Mr. Choong",3,,56.4958,1,"Foo, Mr. Choong",,
83,"McDermott, Miss. Brigdet Delia",3,,7.7875,1,"McDermott, Miss. Brigdet Delia",,
519,"Angle, Mrs. William A (Florence ""Mary"" Agnes Hughes)",2,36.0,26.0,1,"Angle, Mrs. William A (Florence ""Mary"" Agnes Hughes)",36.0,
658,"Bourke, Mrs. John (Catherine)",3,32.0,15.5,0,"Bourke, Mrs. John (Catherine)",32.0,
297,"Hanna, Mr. Mansour",3,23.5,7.2292,0,"Hanna, Mr. Mansour",23.5,0
508,"Bradley, Mr. George (""George Arthur Brayton"")",1,,26.55,1,"Bradley, Mr. George (""George Arthur Brayton"")",,
809,"Meyer, Mr. August",2,39.0,13.0,0,"Meyer, Mr. August",39.0,0
376,"Meyer, Mrs. Edgar Joseph (Leila Saks)",1,,82.1708,1,"Meyer, Mrs. Edgar Joseph (Leila Saks)",,
6,"Moran, Mr. James",3,,8.4583,0,"Moran, Mr. James",30.0,
55,"Ostby, Mr. Engelhart Cornelius",1,65.0,61.9792,0,"Ostby, Mr. Engelhart Cornelius",65.0,0
399,"Pain, Dr. Alfred",2,23.0,10.5,0,"Pain, Dr. Alfred",23.0,0
458,"Kenyon, Mrs. Frederick R (Marion)",1,,51.8625,1,"Kenyon, Mrs. Frederick R (Marion)",,
522,"Vovk, Mr. Janko",3,22.0,7.8958,0,"Vovk, Mr. Janko",22.0,
364,"Asim, Mr. Adola",3,35.0,7.05,0,"Asim, Mr. Adola",35.0,
98,"Greenfield, Mr. William Bertram",1,23.0,63.3583,1,"Greenfield, Mr. William Bertram",49.0,
418,"Silven, Miss. Lyyli Karoliina",2,18.0,13.0,1,"Silven, Miss. Lyyli Karoliina",18.0,
573,"Flynn, Mr. John Irwin (""Irving"")",1,36.0,26.3875,1,"Flynn, Mr. John Irwin (""Irving"")",22.0,
853,"Boulos, Miss. Nourelain",3,9.0,15.2458,0,"Boulos, Miss. Nourelain",9.0,0
434,"Kallio, Mr. Nikolai Erland",3,17.0,7.125,0,"Kallio, Mr. Nikolai Erland",17.0,
774,"Elias, Mr. Dibo",3,,7.225,0,"Elias, Mr. Dibo",61.0,
26,"Asplund, Mrs. Carl Oscar (Selma Augusta Emilia Johansson)",3,38.0,31.3875,1,"Asplund, Mrs. Carl Oscar (Selma Augusta Emilia Johansson)",38.0,1
85,"Ilett, Miss. Bertha",2,17.0,10.5,1,"Ilett, Miss. Bertha",17.0,1
11,"Sandstrom, Miss. Marguerite Rut",3,4.0,16.7,1,"Sandstrom, Miss. Marguerite Rut",4.0,
