PassengerId,Name,Pclass,Age,Fare,Survived,orig_index
150,"Byles, Rev. Thomas Roussel Davids",2,42.0,13.0,0,0
408,"Richards, Master. William Rowe",2,3.0,18.75,1,1
54,"Faunthorpe, Mrs. Lizzie (Elizabeth Anne Wilkinson)",2,29.0,26.0,1,2
370,"Aubart, Mme. Leontine Pauline",1,24.0,69.3,1,3
819,"Holm, Mr. John Fredrik Alexander",3,43.0,6.45,0,4
550,"Davies, Master. John Morgan Jr",2,8.0,36.75,1,5
86,"Backstrom, Mrs. Karl Alfred (Maria Mathilda Gustafsson)",3,33.0,15.85,1,6
775,"Hocking, Mrs. Elizabeth (Eliza Needs)",2,54.0,23.0,1,7
101,"Petranec, Miss. Matilda",3,28.0,7.8958,0,8
817,"Heininen, Miss. Wendla Maria",3,23.0,7.925,0,9
782,"Dick, Mrs. Albert Adrian (Vera Gillespie)",1,17.0,57.0,1,10
124,"Webber, Miss. Susan",2,32.5,13.0,1,11
691,"Dick, Mr. Albert Adrian",1,31.0,57.0,1,12
109,"Rekic, Mr. Tido",3,38.0,7.8958,0,13
259,"Ward, Miss. Anna",1,35.0,512.3292,1,14
530,"Hocking, Mr. Richard George",2,23.0,11.5,0,15
297,"Hanna, Mr. Mansour",3,23.5,7.2292,0,16
330,"Hippach, Miss. Jean Gertrude",1,16.0,57.9792,1,17
887,"Montvila, Rev. Juozas",2,27.0,13.0,0,18
514,"Rothschild, Mrs. Martin (Elizabeth L. Barrett)",1,54.0,59.4,1,19
72,"Goodwin, Miss. Lillian Amy",3,16.0,46.9,0,20
260,"Parrish, Mrs. (Lutie Davis)",2,50.0,26.0,1,21
853,"Boulos, Miss. Nourelain",3,9.0,15.2458,0,22
738,"Lesurer, Mr. Gustave J",1,35.0,512.3292,1,23
226,"Berglund, Mr. Karl Ivar Sven",3,22.0,9.35,0,24
164,"Calic, Mr. Jovo",3,17.0,8.6625,0,25
283,"de Pelsmaeker, Mr. Alfons",3,16.0,9.5,0,26
94,"Dean, Mr. Bertram Frank",3,26.0,20.575,0,27
112,"Zabour, Miss. Hileni",3,14.5,14.4542,0,28
472,"Cacic, Mr. Luka",3,38.0,8.6625,0,29
403,"Jussila, Miss. Mari Aina",3,21.0,9.825,0,30
148,"Ford, Miss. Robina Maggie ""Ruby""",3,9.0,34.375,0,31
573,"Flynn, Mr. John Irwin (""Irving"")",1,36.0,26.3875,1,32
591,"Rintamaki, Mr. Matti",3,35.0,7.125,0,33
105,"Gustafsson, Mr. Anders Vilhelm",3,37.0,7.925,0,34
560,"de Messemaeker, Mrs. Guillaume Joseph (Emma)",3,36.0,17.4,1,35
100,"Kantor, Mr. Sinai",2,34.0,26.0,0,36
648,"Simonius-Blumer, Col. Oberst Alfons",1,56.0,35.5,1,37
171,"Van der hoef, Mr. Wyckoff",1,61.0,33.5,0,38
407,"Widegren, Mr. Carl/Charles Peter",3,51.0,7.75,0,39
166,"Goldsmith, Master. Frank John William ""Frankie""",3,9.0,20.525,1,40
841,"Alhomaki, Mr. Ilmari Rudolf",3,20.0,7.925,0,41
764,"Carter, Mrs. William Ernest (Lucile Polk)",1,36.0,120.0,1,42
318,"Moraweck, Dr. Ernest",2,54.0,14.0,0,43
263,"Taussig, Mr. Emil",1,52.0,79.65,0,44
67,"Nye, Mrs. (Elizabeth Ramell)",2,29.0,10.5,1,45
417,"Drew, Mrs. James Vivian (Lulu Thorne Christian)",2,34.0,32.5,1,46
437,"Ford, Miss. Doolina Margaret ""Daisy""",3,21.0,34.375,0,47
264,"Harrison, Mr. William",1,40.0,0.0,0,48
557,"Duff Gordon, Lady. (Lucille Christiana Sutherland) (""Mrs Morgan"")",1,48.0,39.6,1,49
138,"Futrelle, Mr. Jacques Heath",1,37.0,53.1,0,50
200,"Yrois, Miss. Henriette (""Mrs Harbeck"")",2,24.0,13.0,0,51
725,"Chambers, Mr. Norman Campbell",1,27.0,53.1,1,52
509,"Olsen, Mr. Henry Margido",3,28.0,22.525,0,53
885,"Sutehall, Mr. Henry Jr",3,25.0,7.05,0,54
773,"Mack, Mrs. (Mary)",2,57.0,10.5,0,55
84,"Carrau, Mr. Francisco M",1,28.0,47.1,0,56
262,"Asplund, Master. Edvin Rojj Felix",3,3.0,31.3875,1,57
705,"Hansen, Mr. Henrik Juul",3,26.0,7.8542,0,58
571,"Harris, Mr. George",2,62.0,10.5,1,59
12,"Bonnell, Miss. Elizabeth",1,58.0,26.55,1,60
704,"Gallagher, Mr. Martin",3,25.0,7.7417,0,61
441,"Hart, Mrs. Benjamin (Esther Ada Bloomfield)",2,45.0,26.25,1,62
845,"Culumovic, Mr. Jeso",3,17.0,8.6625,0,63
227,"Mellors, Mr. William John",2,19.0,10.5,1,64
663,"Colley, Mr. Edward Pomeroy",1,47.0,25.5875,0,65
752,"Moor, Master. Meier",3,6.0,12.475,1,66
357,"Bowerman, Miss. Elsie Edith",1,22.0,55.0,1,67
745,"Stranden, Mr. Juho",3,31.0,7.925,1,68
873,"Carlsson, Mr. Frans Olof",1,33.0,5.0,0,69
501,"Calic, Mr. Petar",3,17.0,8.6625,0,70
830,"Stone, Mrs. George Nelson (Martha Evelyn)",1,62.0,80.0,1,71
747,"Abbott, Mr. Rossmore Edward",3,16.0,20.25,0,72
379,"Betros, Mr. Tannous",3,20.0,4.0125,0,73
130,"Ekstrom, Mr. Johan",3,45.0,6.975,0,74
665,"Lindqvist, Mr. Eino William",3,20.0,7.925,1,75
239,"Pengelly, Mr. Frederick William",2,19.0,10.5,0,76
776,"Myhrman, Mr. Pehr Fabian Oliver Malkolm",3,18.0,7.75,0,77
768,"Mangan, Miss. Mary",3,30.5,7.75,0,78
803,"Carter, Master. William Thornton II",1,11.0,120.0,1,79
543,"Andersson, Miss. Sigrid Elisabeth",3,11.0,31.275,0,80
672,"Davidson, Mr. Thornton",1,31.0,52.0,0,81
41,"Ahlin, Mrs. Johan (Johanna Persdotter Larsson)",3,40.0,9.475,0,82
688,"Dakic, Mr. Branko",3,19.0,10.1708,0,83
795,"Dantcheff, Mr. Ristiu",3,25.0,7.8958,0,84
405,"Oreskovic, Miss. Marija",3,20.0,8.6625,0,85
542,"Andersson, Miss. Ingeborg Constanzia",3,9.0,31.275,0,86
526,"Farrell, Mr. James",3,40.5,7.75,0,87
716,"Soholt, Mr. Peter Andreas Lauritz Andersen",3,19.0,7.65,0,88
73,"Hood, Mr. Ambrose Jr",2,21.0,73.5,0,89
188,"Romaine, Mr. Charles Hallace (""Mr C Rolmane"")",1,45.0,26.55,1,90
717,"Endres, Miss. Caroline Louise",1,38.0,227.525,1,91
459,"Toomey, Miss. Ellen",2,50.0,10.5,1,92
478,"Braund, Mr. Lewis Richard",3,29.0,7.0458,0,93
99,"Doling, Mrs. John T (Ada Julia Bone)",2,34.0,23.0,1,94
3,"Heikkinen, Miss. Laina",3,26.0,7.925,1,95
311,"Hays, Miss. Margaret Bechstein",1,24.0,83.1583,1,96
783,"Long, Mr. Milton Clyde",1,29.0,30.0,0,97
419,"Matthews, Mr. William John",2,30.0,13.0,0,98
886,"Rice, Mrs. William (Margaret Norton)",3,39.0,29.125,0,99
444,"Reynaldo, Ms. Encarnacion",2,28.0,13.0,1,100
428,"Phillips, Miss. Kate Florence (""Mrs Kate Louise Phillips Marshall"")",2,19.0,26.0,1,101
245,"Attalah, Mr. Sleiman",3,30.0,7.225,0,102
375,"Palsson, Miss. Stina Viola",3,3.0,21.075,0,103
619,"Becker, Miss. Marion Louise",2,4.0,39.0,1,104
406,"Gale, Mr. Shadrach",2,34.0,21.0,0,105
641,"Jensen, Mr. Hans Peder",3,20.0,7.8542,0,106
742,"Cavendish, Mr. Tyrell William",1,36.0,78.85,0,107
415,"Sundman, Mr. Johan Julian",3,44.0,7.925,1,108
671,"Brown, Mrs. Thomas William Solomon (Elizabeth Catherine Ford)",2,40.0,39.0,1,109
170,"Ling, Mr. Lee",3,28.0,56.4958,0,110
116,"Pekoniemi, Mr. Edvard",3,21.0,7.925,0,111
183,"Asplund, Master. Clarence Gustaf Hugo",3,9.0,31.3875,0,112
450,"Peuchen, Major. Arthur Godfrey",1,52.0,30.5,1,113
434,"Kallio, Mr. Nikolai Erland",3,17.0,7.125,0,114
80,"Dowdell, Miss. Elizabeth",3,30.0,12.475,1,115
207,"Backstrom, Mr. Karl Alfred",3,32.0,15.85,0,116
40,"Nicola-Yarred, Miss. Jamila",3,14.0,11.2417,1,117
91,"Christmann, Mr. Emil",3,29.0,8.05,0,118
669,"Cook, Mr. Jacob",3,43.0,8.05,0,119
308,"Penasco y Castellana, Mrs. Victor de Satode (Maria Josefa Perez de Soto y Vallejo)",1,17.0,108.9,1,120
60,"Goodwin, Master. William Frederick",3,11.0,46.9,0,121
354,"Arnold-Franchi, Mr. Josef",3,25.0,17.8,0,122
92,"Andreasson, Mr. Paul Edvin",3,20.0,7.8542,0,123
499,"Allison, Mrs. Hudson J C (Bessie Waldo Daniels)",1,25.0,151.55,0,124
811,"Alexander, Mr. William",3,26.0,7.8875,0,125
837,"Pasic, Mr. Jakob",3,21.0,8.6625,0,126
390,"Lehmann, Miss. Bertha",2,17.0,12.0,1,127
423,"Zimmerman, Mr. Leo",3,29.0,7.875,0,128
195,"Brown, Mrs. James Joseph (Margaret Tobin)",1,44.0,27.7208,1,129
268,"Persson, Mr. Ernst Ulrik",3,25.0,7.775,1,130
393,"Gustafsson, Mr. Johan Birger",3,28.0,7.925,0,131
208,"Albimona, Mr. Nassef Cassem",3,26.0,18.7875,1,132
517,"Lemore, Mrs. (Amelia Milley)",2,34.0,10.5,1,133
8,"Palsson, Master. Gosta Leonard",3,2.0,21.075,0,134
321,"Dennis, Mr. Samuel",3,22.0,7.25,0,135
753,"Vande Velde, Mr. Johannes Joseph",3,33.0,9.5,0,136
274,"Natsch, Mr. Charles H",1,37.0,29.7,0,137
820,"Skoog, Master. Karl Thorsten",3,10.0,27.9,0,138
165,"Panula, Master. Eino Viljami",3,1.0,39.6875,0,139
364,"Asim, Mr. Adola",3,35.0,7.05,0,140
57,"Rugg, Miss. Emily",2,21.0,10.5,1,141
137,"Newsom, Miss. Helen Monypeny",1,19.0,26.2833,1,142
742,"Hood, Mr. Ambrose Jr",1,23.593414714822604,84.65347091935014,0,143
208,"Nicola-Yarred, Miss. Jamila",3,25.866176145774936,7.90492642186624,1,144
354,"Natsch, Mr. Charles H",1,35.01115011743209,29.47402436472469,0,145
671,"Natsch, Mr. Charles H",1,49.95650804457232,29.34688668229438,1,146
671,"Doling, Mrs. John T (Ada Julia Bone)",1,51.691232585562965,30.48353240456336,1,147
165,"Asplund, Master. Clarence Gustaf Hugo",3,9.06018029567601,31.275,0,148
308,"Hood, Mr. Ambrose Jr",1,18.172901514397047,104.58678872669222,0,149
517,"Phillips, Miss. Kate Florence (""Mrs Kate Louise Phillips Marshall"")",2,26.513626225252068,12.46915222330431,1,150
478,"Braund, Mr. Lewis Richard",3,29.272737450810652,7.995452509837871,0,151
