PassengerId,Name,Pclass,Age,Fare,Survived
150,"Byles, Rev. Thomas Roussel Davids",2,42.0,13.0,0
408,"Richards, Master. William Rowe",2,3.0,18.75,1
54,"Faunthorpe, Mrs. Lizzie (Elizabeth Anne Wilkinson)",2,29.0,26.0,1
370,"Aubart, Mme. Leontine Pauline",1,24.0,69.3,1
819,"Holm, Mr. John Fredrik Alexander",3,43.0,6.45,0
550,"Davies, Master. John Morgan Jr",2,8.0,36.75,1
86,"Backstrom, Mrs. Karl Alfred (Maria Mathilda Gustafsson)",3,33.0,15.85,1
775,"Hocking, Mrs. Elizabeth (Eliza Needs)",2,54.0,23.0,1
101,"Petranec, Miss. Matilda",3,28.0,7.8958,0
817,"Heininen, Miss. Wendla Maria",3,23.0,7.925,0
782,"Dick, Mrs. Albert Adrian (Vera Gillespie)",1,17.0,57.0,1
124,"Webber, Miss. Susan",2,32.5,13.0,1
691,"Dick, Mr. Albert Adrian",1,31.0,57.0,1
109,"Rekic, Mr. Tido",3,38.0,7.8958,0
259,"Ward, Miss. Anna",1,35.0,512.3292,1
530,"Hocking, Mr. Richard George",2,23.0,11.5,0
297,"Hanna, Mr. Mansour",3,23.5,7.2292,0
330,"Hippach, Miss. Jean Gertrude",1,16.0,57.9792,1
887,"Montvila, Rev. Juozas",2,27.0,13.0,0
514,"Rothschild, Mrs. Martin (Elizabeth L. Barrett)",1,54.0,59.4,1
72,"Goodwin, Miss. Lillian Amy",3,16.0,46.9,0
260,"Parrish, Mrs. (Lutie Davis)",2,50.0,26.0,1
853,"Boulos, Miss. Nourelain",3,9.0,15.2458,0
738,"Lesurer, Mr. Gustave J",1,35.0,512.3292,1
226,"Berglund, Mr. Karl Ivar Sven",3,22.0,9.35,0
164,"Calic, Mr. Jovo",3,17.0,8.6625,0
283,"de Pelsmaeker, Mr. Alfons",3,16.0,9.5,0
94,"Dean, Mr. Bertram Frank",3,26.0,20.575,0
112,"Zabour, Miss. Hileni",3,14.5,14.4542,0
472,"Cacic, Mr. Luka",3,38.0,8.6625,0
403,"Jussila, Miss. Mari Aina",3,21.0,9.825,0
148,"Ford, Miss. Robina Maggie ""Ruby""",3,9.0,34.375,0
573,"Flynn, Mr. John Irwin (""Irving"")",1,36.0,26.3875,1
591,"Rintamaki, Mr. Matti",3,35.0,7.125,0
105,"Gustafsson, Mr. Anders Vilhelm",3,37.0,7.925,0
560,"de Messemaeker, Mrs. Guillaume Joseph (Emma)",3,36.0,17.4,1
100,"Kantor, Mr. Sinai",2,34.0,26.0,0
648,"Simonius-Blumer, Col. Oberst Alfons",1,56.0,35.5,1
171,"Van der hoef, Mr. Wyckoff",1,61.0,33.5,0
407,"Widegren, Mr. Carl/Charles Peter",3,51.0,7.75,0
166,"Goldsmith, Master. Frank John William ""Frankie""",3,9.0,20.525,1
841,"Alhomaki, Mr. Ilmari Rudolf",3,20.0,7.925,0
764,"Carter, Mrs. William Ernest (Lucile Polk)",1,36.0,120.0,1
318,"Moraweck, Dr. Ernest",2,54.0,14.0,0
263,"Taussig, Mr. Emil",1,52.0,79.65,0
67,"Nye, Mrs. (Elizabeth Ramell)",2,29.0,10.5,1
417,"Drew, Mrs. James Vivian (Lulu Thorne Christian)",2,34.0,32.5,1
437,"Ford, Miss. Doolina Margaret ""Daisy""",3,21.0,34.375,0
264,"Harrison, Mr. William",1,40.0,0.0,0
557,"Duff Gordon, Lady. (Lucille Christiana Sutherland) (""Mrs Morgan"")",1,48.0,39.6,1
138,"Futrelle, Mr. Jacques Heath",1,37.0,53.1,0
200,"Yrois, Miss. Henriette (""Mrs Harbeck"")",2,24.0,13.0,0
725,"Chambers, Mr. Norman Campbell",1,27.0,53.1,1
509,"Olsen, Mr. Henry Margido",3,28.0,22.525,0
885,"Sutehall, Mr. Henry Jr",3,25.0,7.05,0
773,"Mack, Mrs. (Mary)",2,57.0,10.5,0
84,"Carrau, Mr. Francisco M",1,28.0,47.1,0
262,"Asplund, Master. Edvin Rojj Felix",3,3.0,31.3875,1
705,"Hansen, Mr. Henrik Juul",3,26.0,7.8542,0
571,"Harris, Mr. George",2,62.0,10.5,1
12,"Bonnell, Miss. Elizabeth",1,58.0,26.55,1
704,"Gallagher, Mr. Martin",3,25.0,7.7417,0
441,"Hart, Mrs. Benjamin (Esther Ada Bloomfield)",2,45.0,26.25,1
845,"Culumovic, Mr. Jeso",3,17.0,8.6625,0
227,"Mellors, Mr. William John",2,19.0,10.5,1
663,"Colley, Mr. Edward Pomeroy",1,47.0,25.5875,0
752,"Moor, Master. Meier",3,6.0,12.475,1
357,"Bowerman, Miss. Elsie Edith",1,22.0,55.0,1
745,"Stranden, Mr. Juho",3,31.0,7.925,1
873,"Carlsson, Mr. Frans Olof",1,33.0,5.0,0
501,"Calic, Mr. Petar",3,17.0,8.6625,0
830,"Stone, Mrs. George Nelson (Martha Evelyn)",1,62.0,80.0,1
747,"Abbott, Mr. Rossmore Edward",3,16.0,20.25,0
379,"Betros, Mr. Tannous",3,20.0,4.0125,0
130,"Ekstrom, Mr. Johan",3,45.0,6.975,0
665,"Lindqvist, Mr. Eino William",3,20.0,7.925,1
239,"Pengelly, Mr. Frederick William",2,19.0,10.5,0
776,"Myhrman, Mr. Pehr Fabian Oliver Malkolm",3,18.0,7.75,0
768,"Mangan, Miss. Mary",3,30.5,7.75,0
803,"Carter, Master. William Thornton II",1,11.0,120.0,1
543,"Andersson, Miss. Sigrid Elisabeth",3,11.0,31.275,0
672,"Davidson, Mr. Thornton",1,31.0,52.0,0
41,"Ahlin, Mrs. Johan (Johanna Persdotter Larsson)",3,40.0,9.475,0
688,"Dakic, Mr. Branko",3,19.0,10.1708,0
795,"Dantcheff, Mr. Ristiu",3,25.0,7.8958,0
405,"Oreskovic, Miss. Marija",3,20.0,8.6625,0
542,"Andersson, Miss. Ingeborg Constanzia",3,9.0,31.275,0
526,"Farrell, Mr. James",3,40.5,7.75,0
716,"Soholt, Mr. Peter Andreas Lauritz Andersen",3,19.0,7.65,0
73,"Hood, Mr. Ambrose Jr",2,21.0,73.5,0
188,"Romaine, Mr. Charles Hallace (""Mr C Rolmane"")",1,45.0,26.55,1
717,"Endres, Miss. Caroline Louise",1,38.0,227.525,1
459,"Toomey, Miss. Ellen",2,50.0,10.5,1
478,"Braund, Mr. Lewis Richard",3,29.0,7.0458,0
99,"Doling, Mrs. John T (Ada Julia Bone)",2,34.0,23.0,1
3,"Heikkinen, Miss. Laina",3,26.0,7.925,1
311,"Hays, Miss. Margaret Bechstein",1,24.0,83.1583,1
783,"Long, Mr. Milton Clyde",1,29.0,30.0,0
419,"Matthews, Mr. William John",2,30.0,13.0,0
886,"Rice, Mrs. William (Margaret Norton)",3,39.0,29.125,0
444,"Reynaldo, Ms. Encarnacion",2,28.0,13.0,1
428,"Phillips, Miss. Kate Florence (""Mrs Kate Louise Phillips Marshall"")",2,19.0,26.0,1
245,"Attalah, Mr. Sleiman",3,30.0,7.225,0
375,"Palsson, Miss. Stina Viola",3,3.0,21.075,0
619,"Becker, Miss. Marion Louise",2,4.0,39.0,1
406,"Gale, Mr. Shadrach",2,34.0,21.0,0
641,"Jensen, Mr. Hans Peder",3,20.0,7.8542,0
742,"Cavendish, Mr. Tyrell William",1,36.0,78.85,0
415,"Sundman, Mr. Johan Julian",3,44.0,7.925,1
671,"Brown, Mrs. Thomas William Solomon (Elizabeth Catherine Ford)",2,40.0,39.0,1
170,"Ling, Mr. Lee",3,28.0,56.4958,0
116,"Pekoniemi, Mr. Edvard",3,21.0,7.925,0
183,"Asplund, Master. Clarence Gustaf Hugo",3,9.0,31.3875,0
450,"Peuchen, Major. Arthur Godfrey",1,52.0,30.5,1
434,"Kallio, Mr. Nikolai Erland",3,17.0,7.125,0
80,"Dowdell, Miss. Elizabeth",3,30.0,12.475,1
207,"Backstrom, Mr. Karl Alfred",3,32.0,15.85,0
40,"Nicola-Yarred, Miss. Jamila",3,14.0,11.2417,1
91,"Christmann, Mr. Emil",3,29.0,8.05,0
669,"Cook, Mr. Jacob",3,43.0,8.05,0
308,"Penasco y Castellana, Mrs. Victor de Satode (Maria Josefa Perez de Soto y Vallejo)",1,17.0,108.9,1
60,"Goodwin, Master. William Frederick",3,11.0,46.9,0
354,"Arnold-Franchi, Mr. Josef",3,25.0,17.8,0
92,"Andreasson, Mr. Paul Edvin",3,20.0,7.8542,0
499,"Allison, Mrs. Hudson J C (Bessie Waldo Daniels)",1,25.0,151.55,0
811,"Alexander, Mr. William",3,26.0,7.8875,0
837,"Pasic, Mr. Jakob",3,21.0,8.6625,0
390,"Lehmann, Miss. Bertha",2,17.0,12.0,1
423,"Zimmerman, Mr. Leo",3,29.0,7.875,0
195,"Brown, Mrs. James Joseph (Margaret Tobin)",1,44.0,27.7208,1
268,"Persson, Mr. Ernst Ulrik",3,25.0,7.775,1
393,"Gustafsson, Mr. Johan Birger",3,28.0,7.925,0
208,"Albimona, Mr. Nassef Cassem",3,26.0,18.7875,1
517,"Lemore, Mrs. (Amelia Milley)",2,34.0,10.5,1
8,"Palsson, Master. Gosta Leonard",3,2.0,21.075,0
321,"Dennis, Mr. Samuel",3,22.0,7.25,0
753,"Vande Velde, Mr. Johannes Joseph",3,33.0,9.5,0
274,"Natsch, Mr. Charles H",1,37.0,29.7,0
820,"Skoog, Master. Karl Thorsten",3,10.0,27.9,0
165,"Panula, Master. Eino Viljami",3,1.0,39.6875,0
364,"Asim, Mr. Adola",3,35.0,7.05,0
57,"Rugg, Miss. Emily",2,21.0,10.5,1
137,"Newsom, Miss. Helen Monypeny",1,19.0,26.2833,1
