PassengerId,Name,Pclass,Age,Fare,Survived,orig_index
332,"Partner, Mr. Austen",1,45.5,28.5,0,0
734,"Berriman, Mr. William John",2,23.0,13.0,0,1
383,"Tikkanen, Mr. Juho",3,32.0,7.925,0,2
705,"Hansen, Mr. Henrik Juul",3,26.0,7.8542,0,3
814,"Andersson, Miss. Ebba Iris Alfrida",3,6.0,31.275,0,4
119,"Baxter, Mr. Quigg Edmond",1,24.0,247.5208,0,5
537,"Butt, Major. Archibald Willingham",1,45.0,26.55,0,6
362,"del Carlo, Mr. Sebastiano",2,29.0,27.7208,0,7
866,"Bystrom, Mrs. (Karolina)",2,42.0,13.0,1,10
596,"Van Impe, Mr. Jean Baptiste",3,36.0,24.15,0,11
240,"Hunt, Mr. George Henry",2,33.0,12.275,0,12
722,"Jensen, Mr. Svend Lauritz",3,17.0,7.0542,0,13
82,"Sheerlinck, Mr. Jan Baptist",3,29.0,9.5,1,14
260,"Parrish, Mrs. (Lutie Davis)",2,50.0,26.0,1,15
487,"Hoyt, Mrs. Frederick Maxfield (Jane Anne Forby)",1,35.0,90.0,1,16
717,"Endres, Miss. Caroline Louise",1,38.0,227.525,1,17
801,"Ponesell, Mr. Martin",2,34.0,13.0,0,18
782,"Dick, Mrs. Albert Adrian (Vera Gillespie)",1,17.0,57.0,1,19
543,"Andersson, Miss. Sigrid Elisabeth",3,11.0,31.275,0,20
327,"Nysveen, Mr. Johan Hansen",3,61.0,6.2375,0,21
535,"Cacic, Miss. Marija",3,30.0,8.6625,0,22
536,"Hart, Miss. Eva Miriam",2,7.0,26.25,1,23
484,"Turkula, Mrs. (Hedwig)",3,63.0,9.5875,1,24
763,"Barah, Mr. Hanna Assi",3,20.0,7.2292,1,25
714,"Larsson, Mr. August Viktor",3,29.0,9.4833,0,27
391,"Carter, Mr. William Ernest",1,36.0,120.0,1,28
483,"Rouse, Mr. Richard Henry",3,50.0,8.05,0,30
378,"Widener, Mr. Harry Elkins",1,27.0,211.5,0,31
366,"Adahl, Mr. Mauritz Nils Martin",3,30.0,7.25,0,32
413,"Minahan, Miss. Daisy E",1,33.0,90.0,1,33
8,"Palsson, Master. Gosta Leonard",3,2.0,21.075,0,36
581,"Christy, Miss. Julie Rachel",2,25.0,30.0,1,37
156,"Williams, Mr. Charles Duane",1,51.0,61.3792,0,38
881,"Shelley, Mrs. William (Imanita Parrish Hall)",2,25.0,26.0,1,39
200,"Yrois, Miss. Henriette (""Mrs Harbeck"")",2,24.0,13.0,0,42
425,"Rosblom, Mr. Viktor Richard",3,18.0,20.2125,0,43
885,"Sutehall, Mr. Henry Jr",3,25.0,7.05,0,45
248,"Hamalainen, Mrs. William (Anna)",2,24.0,14.5,1,46
479,"Karlsson, Mr. Nils August",3,22.0,7.5208,0,47
306,"Allison, Master. Hudson Trevor",1,0.92,151.55,1,48
317,"Kantor, Mrs. Sinai (Miriam Sternin)",2,24.0,26.0,1,49
3,"Heikkinen, Miss. Laina",3,26.0,7.925,1,50
406,"Gale, Mr. Shadrach",2,34.0,21.0,0,51
743,"Ryerson, Miss. Susan Parker ""Suzette""",1,21.0,262.375,1,52
555,"Ohman, Miss. Velin",3,22.0,7.775,1,56
830,"Stone, Mrs. George Nelson (Martha Evelyn)",1,62.0,80.0,1,57
678,"Turja, Miss. Anna Sofia",3,18.0,9.8417,1,58
381,"Bidois, Miss. Rosalie",1,42.0,227.525,1,59
627,"Kirkland, Rev. Charles Leonard",2,57.0,12.35,0,60
303,"Johnson, Mr. William Cahoone Jr",3,19.0,0.0,0,61
433,"Louch, Mrs. Charles Alexander (Alice Adelaide Slow)",2,42.0,26.0,1,62
405,"Oreskovic, Miss. Marija",3,20.0,8.6625,0,64
844,"Lemberopolous, Mr. Peter L",3,34.5,6.4375,0,65
356,"Vanden Steen, Mr. Leo Peter",3,28.0,9.5,0,66
754,"Jonkoff, Mr. Lalio",3,23.0,7.8958,0,68
213,"Perkin, Mr. John Henry",3,22.0,7.25,0,69
450,"Peuchen, Major. Arthur Godfrey",1,52.0,30.5,1,70
80,"Dowdell, Miss. Elizabeth",3,30.0,12.475,1,71
149,"Navratil, Mr. Michel (""Louis M Hoffman"")",2,36.5,26.0,0,72
61,"Sirayanian, Mr. Orsen",3,22.0,7.2292,0,74
661,"Frauenthal, Dr. Henry William",1,50.0,133.65,1,75
805,"Hedman, Mr. Oskar Arvid",3,27.0,6.975,1,76
589,"Gilinski, Mr. Eliezer",3,22.0,8.05,0,77
766,"Hogeboom, Mrs. John C (Anna Andrews)",1,51.0,77.9583,1,78
266,"Reeves, Mr. David",2,36.0,10.5,0,79
134,"Weisz, Mrs. Leopold (Mathilde Francoise Pede)",2,29.0,26.0,1,80
709,"Cleaver, Miss. Alice",1,22.0,151.55,1,81
545,"Douglas, Mr. Walter Donald",1,50.0,106.425,0,82
347,"Smith, Miss. Marion Elsie",2,40.0,13.0,1,83
822,"Lulic, Mr. Nikola",3,27.0,8.6625,1,84
457,"Millet, Mr. Francis Davis",1,65.0,26.55,0,86
501,"Calic, Mr. Petar",3,17.0,8.6625,0,87
431,"Bjornstrom-Steffansson, Mr. Mauritz Hakan",1,28.0,26.55,1,88
446,"Dodge, Master. Washington",1,4.0,81.8583,1,89
173,"Johnson, Miss. Eleanor Ileen",3,1.0,11.1333,1,91
451,"West, Mr. Edwy Arthur",2,36.0,27.75,0,92
315,"Hart, Mr. Benjamin",2,43.0,26.25,0,93
333,"Graham, Mr. George Edward",1,38.0,153.4625,0,94
802,"Collyer, Mrs. Harvey (Charlotte Annie Tate)",2,31.0,26.25,1,95
91,"Christmann, Mr. Emil",3,29.0,8.05,0,96
835,"Allum, Mr. Owen George",3,18.0,8.3,0,97
582,"Thayer, Mrs. John Borland (Marian Longstreth Morris)",1,39.0,110.8833,1,99
796,"Otter, Mr. Richard",2,39.0,13.0,0,100
70,"Kink, Mr. Vincenz",3,26.0,8.6625,0,101
132,"Coelho, Mr. Domingos Fernandeo",3,20.0,7.05,0,102
598,"Johnson, Mr. Alfred",3,49.0,0.0,0,104
136,"Richard, Mr. Emile",2,23.0,15.0458,0,105
165,"Panula, Master. Eino Viljami",3,1.0,39.6875,0,106
194,"Navratil, Master. Michel M",2,3.0,26.0,1,109
870,"Johnson, Master. Harold Theodor",3,4.0,11.1333,1,110
716,"Soholt, Mr. Peter Andreas Lauritz Andersen",3,19.0,7.65,0,111
526,"Farrell, Mr. James",3,40.5,7.75,0,112
382,"Nakid, Miss. Maria (""Mary"")",3,1.0,15.7417,1,113
174,"Sivola, Mr. Antti Wilhelm",3,21.0,7.925,0,115
7,"McCarthy, Mr. Timothy J",1,54.0,51.8625,0,116
686,"Laroche, Mr. Joseph Philippe Lemercier",2,25.0,41.5792,0,118
74,"Chronopoulos, Mr. Apostolos",3,26.0,14.4542,0,119
883,"Dahlberg, Miss. Gerda Ulrika",3,22.0,10.5167,0,120
329,"Goldsmith, Mrs. Frank John (Emily Alice Brown)",3,31.0,20.525,1,121
454,"Goldenberg, Mr. Samuel L",1,49.0,89.1042,1,122
146,"Nicholls, Mr. Joseph Charles",2,19.0,36.75,0,123
235,"Leyson, Mr. Robert William Norman",2,24.0,10.5,0,124
221,"Sunderland, Mr. Victor Francis",3,16.0,8.05,1,125
371,"Harder, Mr. George Achilles",1,25.0,55.4417,1,126
812,"Lester, Mr. James",3,39.0,24.15,0,127
133,"Robins, Mrs. Alexander A (Grace Charity Laury)",3,47.0,14.5,0,128
695,"Weir, Col. John",1,60.0,26.55,0,129
865,"Gill, Mr. John William",2,24.0,13.0,0,130
42,"Turpin, Mrs. William John Robert (Dorothy Ann Wonnacott)",2,27.0,21.0,0,132
109,"Rekic, Mr. Tido",3,38.0,7.8958,0,134
604,"Torber, Mr. Ernst William",3,44.0,8.05,0,135
57,"Rugg, Miss. Emily",2,21.0,10.5,1,136
395,"Sandstrom, Mrs. Hjalmar (Agnes Charlotta Bengtsson)",3,24.0,16.7,1,137
707,"Kelly, Mrs. Florence ""Fannie""",2,45.0,13.5,1,138
550,"Davies, Master. John Morgan Jr",2,8.0,36.75,1,139
25,"Palsson, Miss. Torborg Danira",3,8.0,21.075,0,140
430,"Pickard, Mr. Berk (Berk Trembisky)",3,32.0,8.05,1,142
435,"Silvey, Mr. William Baird",1,50.0,55.9,0,143
52,"Nosworthy, Mr. Richard Cater",3,21.0,7.8,0,144
527,"Ridsdale, Miss. Lucy",2,50.0,10.5,1,145
817,"Heininen, Miss. Wendla Maria",3,23.0,7.925,0,146
570,"Jonsson, Mr. Carl",3,32.0,7.8542,1,147
437,"Ford, Miss. Doolina Margaret ""Daisy""",3,21.0,34.375,0,149
694,"Saad, Mr. Khalil",3,25.0,7.225,0,151
353,"Elias, Mr. Tannous",3,15.0,7.2292,0,152
19,"Vander Planke, Mrs. Julius (Emelia Maria Vandemoortele)",3,31.0,18.0,0,153
667,"Butler, Mr. Reginald Fenton",2,25.0,13.0,0,154
583,"Downton, Mr. William James",2,54.0,26.0,0,155
84,"Carrau, Mr. Francisco M",1,28.0,47.1,0,156
62,"Icard, Miss. Amelie",1,38.0,80.0,1,157
273,"Mellinger, Mrs. (Elizabeth Anne Maidment)",2,41.0,19.5,1,158
286,"Stankovic, Mr. Ivan",3,33.0,8.6625,0,159
696,"Chapman, Mr. Charles Henry",2,52.0,13.5,0,160
747,"Abbott, Mr. Rossmore Edward",3,16.0,20.25,0,161
13,"Saundercock, Mr. William Henry",3,20.0,8.05,0,162
183,"Asplund, Master. Clarence Gustaf Hugo",3,9.0,31.3875,0,163
514,"Rothschild, Mrs. Martin (Elizabeth L. Barrett)",1,54.0,59.4,1,167
629,"Bostandyeff, Mr. Guentcho",3,26.0,7.8958,0,168
588,"Frolicher-Stehli, Mr. Maxmillian",1,60.0,79.2,1,169
524,"Hippach, Mrs. Louis Albert (Ida Sophia Fischer)",1,44.0,57.9792,1,171
665,"Lindqvist, Mr. Eino William",3,20.0,7.925,1,172
842,"Mudd, Mr. Thomas Charles",2,16.0,10.5,0,174
679,"Goodwin, Mrs. Frederick (Augusta Tyler)",3,43.0,46.9,0,175
164,"Calic, Mr. Jovo",3,17.0,8.6625,0,176
249,"Beckwith, Mr. Richard Leonard",1,37.0,52.5542,1,177
571,"Harris, Mr. George",2,62.0,10.5,1,178
788,"Rice, Master. George Hugh",3,8.0,29.125,0,179
75,"Bing, Mr. Lee",3,32.0,56.4958,1,180
114,"Jussila, Miss. Katriina",3,20.0,9.825,0,181
636,"Davis, Miss. Mary",2,28.0,13.0,1,182
502,"Canavan, Miss. Mary",3,21.0,7.75,0,183
105,"Gustafsson, Mr. Anders Vilhelm",3,37.0,7.925,0,184
115,"Attalah, Miss. Malake",3,17.0,14.4583,0,185
93,"Chaffee, Mr. Herbert Fuller",1,46.0,61.175,0,187
90,"Celotti, Mr. Francesco",3,24.0,8.05,0,189
337,"Pears, Mr. Thomas Clinton",1,29.0,66.6,0,190
880,"Potter, Mrs. Thomas Jr (Lily Alexenia Wilson)",1,56.0,83.1583,1,191
818,"Mallet, Mr. Albert",2,31.0,37.0042,0,192
544,"Beane, Mr. Edward",2,32.0,26.0,1,194
549,"Goldsmith, Mr. Frank John",3,33.0,20.525,0,195
95,"Coxon, Mr. Daniel",3,59.0,7.25,0,196
12,"Bonnell, Miss. Elizabeth",1,58.0,26.55,1,197
44,"Laroche, Miss. Simonne Marie Anne Andree",2,3.0,41.5792,1,199
330,"Hippach, Miss. Jean Gertrude",1,16.0,57.9792,1,201
168,"Skoog, Mrs. William (Anna Bernhardina Karlsson)",3,45.0,27.9,0,202
780,"Robert, Mrs. Edward Scott (Elisabeth Walton McMillan)",1,43.0,211.3375,1,203
538,"LeRoy, Miss. Bertha",1,30.0,106.425,1,204
736,"Williams, Mr. Leslie",3,28.5,16.1,0,205
500,"Svensson, Mr. Olof",3,24.0,7.7958,0,206
179,"Hale, Mr. Reginald",2,30.0,13.0,0,207
584,"Ross, Mr. John Hugo",1,36.0,40.125,0,208
785,"Ali, Mr. William",3,25.0,7.05,0,209
178,"Isham, Miss. Ann Elizabeth",1,50.0,28.7125,0,211
645,"Baclini, Miss. Eugenie",3,0.75,19.2583,1,212
711,"Mayne, Mlle. Berthe Antonine (""Mrs de Villiers"")",1,24.0,49.5042,1,213
616,"Herman, Miss. Alice",2,24.0,65.0,1,214
384,"Holverson, Mrs. Alexander Oskar (Mary Aline Towner)",1,35.0,52.0,1,215
258,"Cherry, Miss. Gladys",1,30.0,86.5,1,216
735,"Troupiansky, Mr. Moses Aaron",2,23.0,13.0,0,217
552,"Sharp, Mr. Percival James R",2,27.0,26.0,0,219
16,"Hewlett, Mrs. (Mary D Kingcome) ",2,55.0,16.0,1,220
4,"Futrelle, Mrs. Jacques Heath (Lily May Peel)",1,35.0,53.1,1,221
474,"Jerwan, Mrs. Amin S (Marie Marthe Thuillard)",2,23.0,13.7917,1,225
394,"Newell, Miss. Marjorie",1,23.0,113.275,1,227
223,"Green, Mr. George Henry",3,51.0,8.05,0,228
507,"Quick, Mrs. Frederick Charles (Jane Richards)",2,33.0,26.0,1,229
568,"Palsson, Mrs. Nils (Alma Cornelia Berglund)",3,29.0,21.075,0,230
531,"Quick, Miss. Phyllis May",2,2.0,26.0,1,233
10,"Nasser, Mrs. Nicholas (Adele Achem)",2,14.0,30.0708,1,234
250,"Carter, Rev. Ernest Courtenay",2,54.0,26.0,0,235
23,"McGowan, Miss. Anna ""Annie""",3,15.0,8.0292,1,236
357,"Bowerman, Miss. Elsie Edith",1,22.0,55.0,1,237
222,"Bracken, Mr. James H",2,27.0,13.0,0,238
875,"Abelson, Mrs. Samuel (Hannah Wizosky)",2,28.0,24.0,1,241
529,"Salonen, Mr. Johan Werner",3,39.0,7.925,0,242
341,"Navratil, Master. Edmond Roger",2,2.0,26.0,1,243
744,"McNamee, Mr. Neal",3,24.0,16.1,0,244
520,"Pavlovic, Mr. Stefo",3,32.0,7.8958,0,245
204,"Youseff, Mr. Gerious",3,45.5,7.225,0,246
238,"Collyer, Miss. Marjorie ""Lottie""",2,8.0,26.25,1,247
94,"Dean, Mr. Bertram Frank",3,26.0,20.575,0,248
731,"Allen, Miss. Elisabeth Walton",1,29.0,211.3375,1,249
441,"Hart, Mrs. Benjamin (Esther Ada Bloomfield)",2,45.0,26.25,1,250
560,"de Messemaeker, Mrs. Guillaume Joseph (Emma)",3,36.0,17.4,1,251
185,"Kink-Heilmann, Miss. Luise Gretchen",3,4.0,22.025,1,253
792,"Gaskell, Mr. Alfred",2,16.0,26.0,0,254
488,"Kent, Mr. Edward Austin",1,58.0,29.7,0,255
154,"van Billiard, Mr. Austin Blyler",3,40.5,14.5,0,256
76,"Moen, Mr. Sigurd Hansen",3,25.0,7.65,0,257
632,"Lundahl, Mr. Johan Svensson",3,51.0,7.0542,0,259
69,"Andersson, Miss. Erna Alexandra",3,17.0,7.925,1,261
189,"Bourke, Mr. John",3,40.0,15.5,0,263
272,"Tornquist, Mr. William Henry",3,25.0,0.0,1,264
663,"Colley, Mr. Edward Pomeroy",1,47.0,25.5875,0,265
237,"Hold, Mr. Stephen",2,44.0,26.0,0,267
89,"Fortune, Miss. Mabel Helen",1,23.0,263.0,1,268
758,"Bailey, Mr. Percy Andrew",2,18.0,11.5,0,269
118,"Turpin, Mr. William John Robert",2,29.0,21.0,0,270
126,"Nicola-Yarred, Master. Elias",3,12.0,11.2417,1,271
732,"Hassan, Mr. Houssein G N",3,11.0,18.7875,0,272
290,"Connolly, Miss. Kate",3,22.0,7.75,1,273
239,"Pengelly, Mr. Frederick William",2,19.0,10.5,0,274
1,"Braund, Mr. Owen Harris",3,22.0,7.25,0,275
882,"Markun, Mr. Johann",3,33.0,7.8958,0,276
468,"Smart, Mr. John Montgomery",1,56.0,26.55,0,277
828,"Mallet, Master. Andre",2,1.0,37.0042,1,278
396,"Johansson, Mr. Erik",3,22.0,7.7958,0,279
279,"Rice, Master. Eric",3,7.0,29.125,0,282
692,"Karun, Miss. Manca",3,4.0,13.4167,1,283
117,"Connors, Mr. Patrick",3,70.5,7.75,0,284
229,"Fahlstrom, Mr. Arne Jonas",2,18.0,13.0,0,285
623,"Nakid, Mr. Sahid",3,20.0,15.7417,1,286
656,"Hickman, Mr. Leonard Mark",2,24.0,73.5,0,287
517,"Lemore, Mrs. (Amelia Milley)",2,34.0,10.5,1,289
319,"Wick, Miss. Mary Natalie",1,31.0,164.8667,1,291
607,"Karaic, Mr. Milan",3,30.0,7.8958,0,292
145,"Andrew, Mr. Edgardo Samuel",2,18.0,11.5,0,293
635,"Skoog, Miss. Mabel",3,9.0,27.9,0,294
559,"Taussig, Mrs. Emil (Tillie Mandelbaum)",1,39.0,79.65,1,295
810,"Chambers, Mrs. Norman Campbell (Bertha Griggs)",1,33.0,53.1,1,296
746,"Crosby, Capt. Edward Gifford",1,70.0,71.0,0,297
370,"Aubart, Mme. Leontine Pauline",1,24.0,69.3,1,298
269,"Graham, Mrs. William Thompson (Edith Junkins)",1,58.0,153.4625,1,299
624,"Hansen, Mr. Henry Damsgaard",3,21.0,7.8542,0,300
308,"Penasco y Castellana, Mrs. Victor de Satode (Maria Josefa Perez de Soto y Vallejo)",1,17.0,108.9,1,301
424,"Danbom, Mrs. Ernst Gilbert (Anna Sigrid Maria Brogren)",3,28.0,14.4,0,302
311,"Hays, Miss. Margaret Bechstein",1,24.0,83.1583,1,303
350,"Dimic, Mr. Jovan",3,42.0,8.6625,0,306
372,"Wiklund, Mr. Jakob Alfred",3,18.0,6.4958,0,307
480,"Hirvonen, Miss. Hildur E",3,2.0,12.2875,1,308
577,"Garside, Miss. Ethel",2,34.0,13.0,1,309
262,"Asplund, Master. Edvin Rojj Felix",3,3.0,31.3875,1,310
196,"Lurette, Miss. Elise",1,58.0,146.5208,1,311
891,"Dooley, Mr. Patrick",3,32.0,7.75,0,312
745,"Stranden, Mr. Juho",3,31.0,7.925,1,313
867,"Duran y More, Miss. Asuncion",2,27.0,13.8583,1,315
60,"Goodwin, Master. William Frederick",3,11.0,46.9,0,316
659,"Eitemiller, Mr. George Floyd",2,23.0,13.0,0,317
264,"Harrison, Mr. William",1,40.0,0.0,0,318
101,"Petranec, Miss. Matilda",3,28.0,7.8958,0,320
444,"Reynaldo, Ms. Encarnacion",2,28.0,13.0,1,321
688,"Dakic, Mr. Branko",3,19.0,10.1708,0,323
800,"Van Impe, Mrs. Jean Baptiste (Rosalie Paula Govaert)",3,30.0,24.15,0,324
641,"Jensen, Mr. Hans Peder",3,20.0,7.8542,0,325
170,"Ling, Mr. Lee",3,28.0,56.4958,0,326
180,"Leonard, Mr. Lionel",3,36.0,0.0,0,327
342,"Fortune, Miss. Alice Elizabeth",1,24.0,263.0,1,329
58,"Novel, Mr. Mansouer",3,28.5,7.2292,0,330
859,"Baclini, Mrs. Solomon (Latifa Qurban)",3,24.0,19.2583,1,331
150,"Byles, Rev. Thomas Roussel Davids",2,42.0,13.0,0,332
125,"White, Mr. Percival Wayland",1,54.0,77.2875,0,333
704,"Gallagher, Mr. Martin",3,25.0,7.7417,0,334
51,"Panula, Master. Juha Niilo",3,7.0,39.6875,0,335
354,"Arnold-Franchi, Mr. Josef",3,25.0,17.8,0,336
824,"Moor, Mrs. (Beila)",3,27.0,12.475,1,337
143,"Hakkarainen, Mrs. Pekka Pietari (Elin Matilda Dolck)",3,24.0,15.85,1,338
400,"Trout, Mrs. William H (Jessie L)",2,28.0,12.65,1,340
576,"Patchett, Mr. George",3,19.0,14.5,0,341
321,"Dennis, Mr. Samuel",3,22.0,7.25,0,342
708,"Calderhead, Mr. Edward Pennington",1,42.0,26.2875,1,345
724,"Hodges, Mr. Henry Price",2,50.0,13.0,0,346
408,"Richards, Master. William Rowe",2,3.0,18.75,1,347
39,"Vander Planke, Miss. Augusta Maria",3,18.0,18.0,0,349
176,"Klasen, Mr. Klas Albin",3,18.0,7.8542,0,350
246,"Minahan, Dr. William Edward",1,44.0,90.0,0,351
765,"Eklund, Mr. Hans Linus",3,16.0,7.775,0,355
288,"Naidenoff, Mr. Penko",3,22.0,7.8958,0,357
751,"Wells, Miss. Joan",2,4.0,23.0,1,358
128,"Madsen, Mr. Fridtjof Arne",3,24.0,7.1417,1,360
323,"Slayter, Miss. Hilda Mary",2,30.0,12.35,1,361
256,"Touma, Mrs. Darwis (Hanne Youssef Razi)",3,29.0,15.2458,1,362
771,"Lievens, Mr. Rene Aime",3,24.0,9.5,0,363
857,"Wick, Mrs. George Dennick (Mary Hitchcock)",1,45.0,164.8667,1,364
191,"Pinsky, Mrs. (Rosa)",2,32.0,13.0,1,365
116,"Pekoniemi, Mr. Edvard",3,21.0,7.925,0,366
738,"Lesurer, Mr. Gustave J",1,35.0,512.3292,1,367
680,"Cardeza, Mr. Thomas Drake Martinez",1,36.0,512.3292,1,370
639,"Panula, Mrs. Juha (Maria Emilia Ojala)",3,41.0,39.6875,0,371
650,"Stanley, Miss. Amy Zillah Elsie",3,23.0,7.55,1,372
617,"Danbom, Mr. Ernst Gilbert",3,34.0,14.4,0,373
876,"Najib, Miss. Adele Kiamie ""Jane""",3,15.0,7.225,1,376
808,"Pettersson, Miss. Ellen Natalia",3,18.0,7.775,0,378
158,"Corn, Mr. Harry",3,30.0,8.05,0,379
666,"Hickman, Mr. Lewis",2,32.0,73.5,0,380
172,"Rice, Master. Arthur",3,4.0,29.125,0,381
17,"Rice, Master. Eugene",3,2.0,29.125,0,382
863,"Swift, Mrs. Frederick Joel (Margaret Welles Barron)",1,48.0,25.9292,1,385
750,"Connaghton, Mr. Michael",3,31.0,7.75,0,386
516,"Walker, Mr. William Anderson",1,47.0,34.0208,0,387
618,"Lobb, Mrs. William Arthur (Cordelia K Stanlick)",3,26.0,16.1,0,388
481,"Goodwin, Master. Harold Victor",3,9.0,46.9,0,389
284,"Dorking, Mr. Edward Arthur",3,19.0,8.05,1,390
226,"Berglund, Mr. Karl Ivar Sven",3,22.0,9.35,0,392
849,"Harper, Rev. John",2,28.0,33.0,0,394
438,"Richards, Mrs. Sidney (Emily Hocking)",2,24.0,18.75,1,395
845,"Culumovic, Mr. Jeso",3,17.0,8.6625,0,396
38,"Cann, Mr. Ernest Charles",3,21.0,8.05,0,399
858,"Daly, Mr. Peter Denis ",1,51.0,26.55,1,400
375,"Palsson, Miss. Stina Viola",3,3.0,21.075,0,401
470,"Baclini, Miss. Helene Barbara",3,0.75,19.2583,1,402
759,"Theobald, Mr. Thomas Leonard",3,34.0,8.05,0,404
652,"Doling, Miss. Elsie",2,18.0,23.0,1,405
195,"Brown, Mrs. James Joseph (Margaret Tobin)",1,44.0,27.7208,1,406
504,"Laitinen, Miss. Kristina Sofia",3,37.0,9.5875,0,409
862,"Giles, Mr. Frederick Edward",2,21.0,11.5,0,410
742,"Cavendish, Mr. Tyrell William",1,36.0,78.85,0,411
580,"Jussila, Mr. Eiriik",3,32.0,7.925,1,412
163,"Bengtsson, Mr. John Viktor",3,26.0,7.775,0,414
631,"Barkworth, Mr. Algernon Henry Wilson",1,80.0,30.0,1,415
153,"Meo, Mr. Alfonzo",3,55.5,8.05,0,416
685,"Brown, Mr. Thomas William Solomon",2,60.0,39.0,0,417
676,"Edvardsson, Mr. Gustaf Hjalmar",3,18.0,7.775,0,419
112,"Zabour, Miss. Hileni",3,14.5,14.4542,0,420
227,"Mellors, Mr. William John",2,19.0,10.5,1,421
619,"Becker, Miss. Marion Louise",2,4.0,39.0,1,422
104,"Johansson, Mr. Gustaf Joel",3,33.0,8.6542,0,423
422,"Charters, Mr. David",3,21.0,7.7333,0,424
420,"Van Impe, Miss. Catharina",3,10.0,24.15,0,425
587,"Jarvis, Mr. John Denzil",2,47.0,15.0,0,426
120,"Andersson, Miss. Ellis Anna Maria",3,2.0,31.275,0,427
54,"Faunthorpe, Mrs. Lizzie (Elizabeth Anne Wilkinson)",2,29.0,26.0,1,428
152,"Pears, Mrs. Thomas (Edith Wearne)",1,22.0,66.6,1,429
404,"Hakkarainen, Mr. Pekka Pietari",3,28.0,15.85,0,430
208,"Albimona, Mr. Nassef Cassem",3,26.0,18.7875,1,432
753,"Vande Velde, Mr. Johannes Joseph",3,33.0,9.5,0,433
718,"Troutt, Miss. Edwina Celia ""Winnie""",2,27.0,10.5,1,434
9,"Johnson, Mrs. Oscar W (Elisabeth Vilhelmina Berg)",3,27.0,11.1333,1,435
723,"Gillespie, Mr. William Henry",2,34.0,13.0,0,436
453,"Foreman, Mr. Benjamin Laventall",1,30.0,27.75,0,438
254,"Lobb, Mr. William Arthur",3,30.0,16.1,0,439
572,"Appleton, Mrs. Edward Dale (Charlotte Lamson)",1,53.0,51.4792,1,442
637,"Leinonen, Mr. Antti Gustaf",3,32.0,7.925,0,443
715,"Greenberg, Mr. Samuel",2,52.0,13.0,0,444
263,"Taussig, Mr. Emil",1,52.0,79.65,0,445
611,"Andersson, Mrs. Anders Johan (Alfrida Konstantia Brogren)",3,39.0,31.275,0,446
298,"Allison, Miss. Helen Loraine",1,2.0,151.55,0,447
415,"Sundman, Mr. Johan Julian",3,44.0,7.925,1,448
151,"Bateman, Rev. Robert James",2,51.0,12.525,0,449
706,"Morley, Mr. Henry Samuel (""Mr Henry Marshall"")",2,39.0,26.0,0,450
790,"Guggenheim, Mr. Benjamin",1,46.0,79.2,0,451
551,"Thayer, Mr. John Borland Jr",1,17.0,110.8833,1,452
489,"Somerton, Mr. Francis William",3,30.0,8.05,0,453
148,"Ford, Miss. Robina Maggie ""Ruby""",3,9.0,34.375,0,454
147,"Andersson, Mr. August Edvard (""Wennerstrom"")",3,27.0,7.7958,1,455
837,"Pasic, Mr. Jakob",3,21.0,8.6625,0,456
871,"Balkic, Mr. Cerin",3,26.0,7.8958,0,458
349,"Coutts, Master. William Loch ""William""",3,3.0,15.9,1,459
464,"Milling, Mr. Jacob Christian",2,48.0,13.0,0,460
326,"Young, Miss. Marie Grice",1,36.0,135.6333,1,461
124,"Webber, Miss. Susan",2,32.5,13.0,1,463
760,"Rothes, the Countess. of (Lucy Noel Martha Dyer-Edwards)",1,33.0,86.5,1,464
609,"Laroche, Mrs. Joseph (Juliette Marie Louise Lafargue)",2,22.0,41.5792,1,465
144,"Burke, Mr. Jeremiah",3,19.0,6.75,0,466
852,"Svensson, Mr. Johan",3,74.0,7.775,0,467
198,"Olsen, Mr. Karl Siegwart Andreas",3,42.0,8.4042,0,468
610,"Shutes, Miss. Elizabeth W",1,40.0,153.4625,1,469
280,"Abbott, Mrs. Stanton (Rosa Hunt)",3,35.0,20.25,1,470
294,"Haas, Miss. Aloisia",3,24.0,8.85,0,471
401,"Niskanen, Mr. Juha",3,39.0,7.925,1,472
123,"Nasser, Mr. Nicholas",2,32.5,30.0708,0,473
184,"Becker, Master. Richard F",2,1.0,39.0,1,474
203,"Johanson, Mr. Jakob Alfred",3,34.0,6.4958,0,475
439,"Fortune, Mr. Mark",1,64.0,263.0,0,476
247,"Lindahl, Miss. Agda Thorilda Viktoria",3,25.0,7.775,0,477
789,"Dean, Master. Bertram Vere",3,1.0,20.575,1,479
130,"Ekstrom, Mr. Johan",3,45.0,6.975,0,480
638,"Collyer, Mr. Harvey",2,31.0,26.25,0,481
403,"Jussila, Miss. Mari Aina",3,21.0,9.825,0,482
795,"Dantcheff, Mr. Ristiu",3,25.0,7.8958,0,483
690,"Madill, Miss. Georgette Alexandra",1,15.0,211.3375,1,484
811,"Alexander, Mr. William",3,26.0,7.8875,0,485
220,"Harris, Mr. Walter",2,30.0,10.5,0,486
642,"Sagesser, Mlle. Emma",1,24.0,69.3,1,487
813,"Slemen, Mr. Richard James",2,35.0,10.5,0,488
673,"Mitchell, Mr. Henry Michael",2,70.0,10.5,0,489
625,"Bowen, Mr. David John ""Dai""",3,21.0,16.1,0,491
856,"Aks, Mrs. Sam (Leah Rosen)",3,18.0,9.35,1,492
387,"Goodwin, Master. Sidney Leonard",3,1.0,46.9,0,494
510,"Lang, Mr. Fang",3,26.0,56.4958,1,496
268,"Persson, Mr. Ernst Ulrik",3,25.0,7.775,1,497
442,"Hampe, Mr. Leon",3,20.0,9.5,0,499
497,"Eustis, Miss. Elizabeth Mussey",1,54.0,78.2667,1,500
113,"Barton, Mr. David John",3,22.0,8.05,0,501
233,"Sjostedt, Mr. Ernst Adolf",2,59.0,13.5,0,502
775,"Hocking, Mrs. Elizabeth (Eliza Needs)",2,54.0,23.0,1,503
608,"Daniel, Mr. Robert Williams",1,27.0,30.5,1,504
672,"Davidson, Mr. Thornton",1,31.0,52.0,0,505
374,"Ringhini, Mr. Sante",1,22.0,135.6333,0,506
873,"Carlsson, Mr. Frans Olof",1,33.0,5.0,0,507
752,"Moor, Master. Meier",3,6.0,12.475,1,508
234,"Asplund, Miss. Lillian Gertrud",3,5.0,31.3875,1,509
807,"Andrews, Mr. Thomas Jr",1,39.0,0.0,0,510
677,"Sawyer, Mr. Frederick Charles",3,24.5,8.05,0,511
318,"Moraweck, Dr. Ernest",2,54.0,14.0,0,512
799,"Ibrahim Shawah, Mr. Yousseff",3,30.0,7.2292,0,515
259,"Ward, Miss. Anna",1,35.0,512.3292,1,517
628,"Longley, Miss. Gretchen Fiske",1,21.0,77.9583,1,518
633,"Stahelin-Maeglin, Dr. Max",1,32.0,30.5,1,519
283,"de Pelsmaeker, Mr. Alfons",3,16.0,9.5,0,520
377,"Landergren, Miss. Aurora Adelia",3,22.0,7.25,1,521
225,"Hoyt, Mr. Frederick Maxfield",1,38.0,90.0,1,523
729,"Bryhl, Mr. Kurt Arnold Gottfrid",2,25.0,26.0,0,525
473,"West, Mrs. Edwy Arthur (Ada Mary Worth)",2,33.0,27.75,1,526
506,"Penasco y Castellana, Mr. Victor de Satode",1,18.0,108.9,0,528
825,"Panula, Master. Urho Abraham",3,2.0,39.6875,0,531
804,"Thomas, Master. Assad Alexander",3,0.42,8.5167,1,532
620,"Gavey, Mr. Lawrence",2,26.0,10.5,0,533
762,"Nirva, Mr. Iisakki Antino Aijo",3,41.0,7.125,0,534
646,"Harper, Mr. Henry Sleeper",1,48.0,76.7292,1,535
755,"Herman, Mrs. Samuel (Jane Laver)",2,48.0,65.0,1,536
557,"Duff Gordon, Lady. (Lucille Christiana Sutherland) (""Mrs Morgan"")",1,48.0,39.6,1,537
851,"Andersson, Master. Sigvard Harald Elias",3,4.0,31.275,0,538
578,"Silvey, Mrs. William Baird (Alice Munger)",1,39.0,55.9,1,539
86,"Backstrom, Mrs. Karl Alfred (Maria Mathilda Gustafsson)",3,33.0,15.85,1,540
243,"Coleridge, Mr. Reginald Charles",2,29.0,10.5,0,541
699,"Thayer, Mr. John Borland",1,49.0,110.8833,0,542
36,"Holverson, Mr. Alexander Oskar",1,42.0,52.0,0,545
541,"Crosby, Miss. Harriet R",1,36.0,71.0,1,546
171,"Van der hoef, Mr. Wyckoff",1,61.0,33.5,0,547
655,"Hegarty, Miss. Hanora ""Nora""",3,18.0,6.75,0,548
787,"Sjoblom, Miss. Anna Sofia",3,18.0,7.4958,1,549
756,"Hamalainen, Master. Viljo",2,0.67,14.5,1,550
839,"Chip, Mr. Chang",3,32.0,56.4958,1,551
575,"Rush, Mr. Alfred George John",3,16.0,8.05,0,555
691,"Dick, Mr. Albert Adrian",1,31.0,57.0,1,556
461,"Anderson, Mr. Harry",1,48.0,26.55,1,557
554,"Leeni, Mr. Fahim (""Philip Zenni"")",3,22.0,7.225,1,558
781,"Ayoub, Miss. Banoura",3,13.0,7.2292,1,559
207,"Backstrom, Mr. Karl Alfred",3,32.0,15.85,0,560
393,"Gustafsson, Mr. Johan Birger",3,28.0,7.925,0,561
398,"McKane, Mr. Peter David",2,46.0,26.0,0,562
757,"Carlsson, Mr. August Sigfrid",3,28.0,7.7958,0,563
218,"Jacobsohn, Mr. Sidney Samuel",2,42.0,27.0,0,564
5,"Allen, Mr. William Henry",3,35.0,8.05,0,565
643,"Skoog, Miss. Margit Elizabeth",3,2.0,27.9,0,566
798,"Osman, Mrs. Mara",3,31.0,8.6833,1,567
547,"Beane, Mrs. Edward (Ethel Clarke)",2,19.0,26.0,1,570
726,"Oreskovic, Mr. Luka",3,20.0,8.6625,0,571
684,"Goodwin, Mr. Charles Edward",3,14.0,46.9,0,572
99,"Doling, Mrs. John T (Ada Julia Bone)",2,34.0,23.0,1,573
407,"Widegren, Mr. Carl/Charles Peter",3,51.0,7.75,0,576
201,"Vande Walle, Mr. Nestor Cyriel",3,28.0,9.5,0,580
135,"Sobey, Mr. Samuel James Hayden",2,25.0,13.0,0,581
28,"Fortune, Mr. Charles Alexander",1,19.0,263.0,0,582
848,"Markoff, Mr. Marin",3,35.0,7.8958,0,583
231,"Harris, Mrs. Henry Birkhardt (Irene Wallach)",1,35.0,83.475,1,584
490,"Coutts, Master. Eden Leslie ""Neville""",3,9.0,15.9,1,585
379,"Betros, Mr. Tannous",3,20.0,4.0125,0,586
289,"Hosono, Mr. Masabumi",2,42.0,13.0,1,587
419,"Matthews, Mr. William John",2,30.0,13.0,0,588
392,"Jansson, Mr. Carl Olof",3,21.0,7.7958,1,590
593,"Elsbury, Mr. William James",3,47.0,7.25,0,591
499,"Allison, Mrs. Hudson J C (Bessie Waldo Daniels)",1,25.0,151.55,0,592
139,"Osen, Mr. Olaf Elon",3,16.0,9.2167,0,593
63,"Harris, Mr. Henry Birkhardt",1,45.0,83.475,0,594
472,"Cacic, Mr. Luka",3,38.0,8.6625,0,595
648,"Simonius-Blumer, Col. Oberst Alfons",1,56.0,35.5,1,596
868,"Roebling, Mr. Washington Augustus II",1,31.0,50.4958,0,598
521,"Perreault, Miss. Anne",1,30.0,93.5,1,599
15,"Vestrom, Miss. Hulda Amanda Adolfina",3,14.0,7.8542,0,601
157,"Gilnagh, Miss. Katherine ""Katie""",3,16.0,7.7333,1,602
41,"Ahlin, Mrs. Johan (Johanna Persdotter Larsson)",3,40.0,9.475,0,603
493,"Molson, Mr. Harry Markland",1,55.0,30.5,0,604
380,"Gustafsson, Mr. Karl Gideon",3,19.0,7.775,0,605
188,"Romaine, Mr. Charles Hallace (""Mr C Rolmane"")",1,45.0,26.55,1,606
764,"Carter, Mrs. William Ernest (Lucile Polk)",1,36.0,120.0,1,607
217,"Honkanen, Miss. Eliina",3,27.0,7.925,1,608
53,"Harper, Mrs. Henry Sleeper (Myna Haxtun)",1,49.0,76.7292,1,609
338,"Burns, Miss. Elizabeth Margaret",1,41.0,134.5,1,610
749,"Marvin, Mr. Daniel Warner",1,19.0,53.1,0,611
720,"Johnson, Mr. Malkolm Joackim",3,33.0,7.775,0,612
725,"Chambers, Mr. Norman Campbell",1,27.0,53.1,1,613
702,"Silverthorne, Mr. Spencer Victor",1,35.0,26.2875,1,615
252,"Strom, Mrs. Wilhelm (Elna Matilda Persson)",3,29.0,10.4625,0,616
727,"Renouf, Mrs. Peter Henry (Lillian Jefferys)",2,30.0,21.0,1,617
462,"Morley, Mr. William",3,34.0,8.05,0,618
456,"Jalsevac, Mr. Ivan",3,29.0,7.8958,1,619
888,"Graham, Miss. Margaret Edith",1,19.0,30.0,1,620
270,"Bissette, Miss. Amelia",1,35.0,135.6333,1,621
162,"Watt, Mrs. James (Elizabeth ""Bessie"" Inglis Milne)",2,40.0,15.75,1,623
556,"Wright, Mr. George",1,62.0,26.55,0,624
730,"Ilmakangas, Miss. Pieta Sofia",3,25.0,7.925,0,625
402,"Adams, Mr. John",3,26.0,8.05,0,626
703,"Barbara, Miss. Saiide",3,18.0,14.4542,0,627
477,"Renouf, Mr. Peter Henry",2,34.0,21.0,0,628
772,"Jensen, Mr. Niels Peder",3,48.0,7.8542,0,629
106,"Mionoff, Mr. Stoytcho",3,28.0,7.8958,0,630
566,"Davies, Mr. Alfred J",3,24.0,24.15,0,631
390,"Lehmann, Miss. Bertha",2,17.0,12.0,1,632
2,"Cumings, Mrs. John Bradley (Florence Briggs Thayer)",1,38.0,71.2833,1,633
562,"Sivic, Mr. Husein",3,40.0,7.8958,0,635
81,"Waelens, Mr. Achille",3,22.0,9.0,0,636
206,"Strom, Miss. Telma Matilda",3,2.0,10.4625,0,637
35,"Meyer, Mr. Edgar Joseph",1,28.0,82.1708,0,638
776,"Myhrman, Mr. Pehr Fabian Oliver Malkolm",3,18.0,7.75,0,639
509,"Olsen, Mr. Henry Margido",3,28.0,22.525,0,640
428,"Phillips, Miss. Kate Florence (""Mrs Kate Louise Phillips Marshall"")",2,19.0,26.0,1,641
367,"Warren, Mrs. Frank Manley (Anna Sophia Atkinson)",1,60.0,75.25,1,643
92,"Andreasson, Mr. Paul Edvin",3,20.0,7.8542,0,644
340,"Blackwell, Mr. Stephen Weart",1,45.0,35.5,0,645
346,"Brown, Miss. Amelia ""Mildred""",2,24.0,13.0,1,647
14,"Andersson, Mr. Anders Johan",3,39.0,31.275,0,650
316,"Nilsson, Miss. Helmina Josefina",3,26.0,7.8542,1,651
601,"Jacobsohn, Mrs. Sidney Samuel (Amy Frances Christy)",2,24.0,27.0,1,652
388,"Buss, Miss. Kate",2,36.0,13.0,1,653
274,"Natsch, Mr. Charles H",1,37.0,29.7,0,654
884,"Banfield, Mr. Frederick James",2,28.0,10.5,0,656
647,"Cor, Mr. Liudevit",3,19.0,7.8958,0,657
819,"Holm, Mr. John Fredrik Alexander",3,43.0,6.45,0,658
485,"Bishop, Mr. Dickinson H",1,25.0,91.0792,1,659
874,"Vander Cruyssen, Mr. Victor",3,47.0,9.0,0,660
505,"Maioni, Miss. Roberta",1,16.0,86.5,1,661
832,"Richards, Master. George Sibley",2,0.83,18.75,1,662
244,"Maenpaa, Mr. Matti Alexanteri",3,22.0,7.125,0,663
567,"Stoytcheff, Mr. Ilia",3,19.0,7.8958,0,664
563,"Norman, Mr. Robert Douglas",2,28.0,13.5,0,665
687,"Panula, Mr. Jaako Arnold",3,14.0,39.6875,0,666
190,"Turcin, Mr. Stjepan",3,36.0,7.8958,0,667
783,"Long, Mr. Milton Clyde",1,29.0,30.0,0,668
700,"Humblen, Mr. Adolf Mathias Nicolai Olsen",3,42.0,7.65,0,669
682,"Hassab, Mr. Hammad",1,27.0,76.7292,1,671
511,"Daly, Mr. Eugene Patrick",3,29.0,7.75,1,672
59,"West, Miss. Constance Mirium",2,5.0,27.75,1,673
475,"Strandberg, Miss. Ida Sofia",3,22.0,9.8375,0,674
748,"Sinkkonen, Miss. Anna",2,30.0,13.0,1,676
253,"Stead, Mr. William Thomas",1,62.0,26.55,0,677
22,"Beesley, Mr. Lawrence",2,34.0,13.0,1,678
314,"Hendekovic, Mr. Ignjac",3,28.0,7.8958,0,679
161,"Cribb, Mr. John Hatfield",3,44.0,16.1,0,681
277,"Lindblom, Miss. Augusta Charlotta",3,45.0,7.75,0,682
192,"Carbines, Mr. William",2,19.0,13.0,0,683
386,"Davies, Mr. Charles Henry",2,18.0,73.5,0,684
806,"Johansson, Mr. Karl Johan",3,31.0,7.775,0,685
492,"Windelov, Mr. Einar",3,21.0,7.25,0,687
344,"Sedgwick, Mr. Charles Frederick Waddington",2,25.0,13.0,0,688
770,"Gronnestad, Mr. Daniel Danielsen",3,32.0,8.3625,0,689
309,"Abelson, Mr. Samuel",2,30.0,24.0,0,690
662,"Badt, Mr. Mohamed",3,40.0,7.225,0,691
131,"Drazenoic, Mr. Jozef",3,33.0,7.8958,0,692
664,"Coleff, Mr. Peju",3,36.0,7.4958,0,693
872,"Beckwith, Mrs. Richard Leonard (Sallie Monypeny)",1,47.0,52.5542,1,694
100,"Kantor, Mr. Sinai",2,34.0,26.0,0,695
373,"Beavan, Mr. William Thomas",3,19.0,8.05,0,696
459,"Toomey, Miss. Ellen",2,50.0,10.5,1,698
615,"Brocklebank, Mr. William Alfred",3,35.0,8.05,0,703
21,"Fynney, Mr. Joseph J",2,35.0,26.0,0,704
701,"Astor, Mrs. John Jacob (Madeleine Talmadge Force)",1,18.0,227.525,1,705
72,"Goodwin, Miss. Lillian Amy",3,16.0,46.9,0,706
107,"Salkjelsvik, Miss. Anna Kristine",3,21.0,7.65,1,707
861,"Hansen, Mr. Claus Peter",3,41.0,14.1083,0,709
436,"Carter, Miss. Lucile Polk",1,14.0,120.0,1,710
103,"White, Mr. Richard Frasar",1,21.0,77.2875,0,711
