SepalLengthCm,SepalWidthCm,PetalLengthCm,PetalWidthCm,Species,Species_no_iris,Species_no_iris_len,orig_index
4.6,3.6,1.0,0.2,Iris-setosa,setosa,6,0
5.7,4.4,1.5,0.4,Iris-setosa,setosa,6,1
6.7,3.1,4.4,1.4,Iris-versicolor,versicolor,10,2
4.8,3.4,1.6,0.2,Iris-setosa,setosa,6,3
4.4,3.2,1.3,0.2,Iris-setosa,setosa,6,4
6.3,2.5,5.0,1.9,Iris-virginica,virginica,9,5
6.4,3.2,4.5,1.5,Iris-versicolor,versicolor,10,6
5.2,3.5,1.5,0.2,Iris-setosa,setosa,6,7
5.0,3.6,1.4,0.2,Iris-setosa,setosa,6,8
5.2,4.1,1.5,0.1,Iris-setosa,setosa,6,9
5.8,2.7,5.1,1.9,Iris-virginica,virginica,9,10
6.0,3.4,4.5,1.6,Iris-versicolor,versicolor,10,11
6.7,3.1,4.7,1.5,Iris-versicolor,versicolor,10,12
5.4,3.9,1.3,0.4,Iris-setosa,setosa,6,13
5.4,3.7,1.5,0.2,Iris-setosa,setosa,6,14
5.5,2.4,3.7,1.0,Iris-versicolor,versicolor,10,15
6.3,2.8,5.1,1.5,Iris-virginica,virginica,9,16
6.4,3.1,5.5,1.8,Iris-virginica,virginica,9,17
6.6,3.0,4.4,1.4,Iris-versicolor,versicolor,10,18
7.2,3.6,6.1,2.5,Iris-virginica,virginica,9,19
5.7,2.9,4.2,1.3,Iris-versicolor,versicolor,10,20
7.6,3.0,6.6,2.1,Iris-virginica,virginica,9,21
5.6,3.0,4.5,1.5,Iris-versicolor,versicolor,10,22
5.1,3.5,1.4,0.2,Iris-setosa,setosa,6,23
7.7,2.8,6.7,2.0,Iris-virginica,virginica,9,24
5.8,2.7,4.1,1.0,Iris-versicolor,versicolor,10,25
5.2,3.4,1.4,0.2,Iris-setosa,setosa,6,26
5.0,3.5,1.3,0.3,Iris-setosa,setosa,6,27
5.1,3.8,1.9,0.4,Iris-setosa,setosa,6,28
5.0,2.0,3.5,1.0,Iris-versicolor,versicolor,10,29
6.3,2.7,4.9,1.8,Iris-virginica,virginica,9,30
4.8,3.4,1.9,0.2,Iris-setosa,setosa,6,31
5.0,3.0,1.6,0.2,Iris-setosa,setosa,6,32
5.1,3.3,1.7,0.5,Iris-setosa,setosa,6,33
5.6,2.7,4.2,1.3,Iris-versicolor,versicolor,10,34
5.1,3.4,1.5,0.2,Iris-setosa,setosa,6,35
5.7,3.0,4.2,1.2,Iris-versicolor,versicolor,10,36
7.7,3.8,6.7,2.2,Iris-virginica,virginica,9,37
4.6,3.2,1.4,0.2,Iris-setosa,setosa,6,38
6.2,2.9,4.3,1.3,Iris-versicolor,versicolor,10,39
5.7,2.5,5.0,2.0,Iris-virginica,virginica,9,40
5.5,4.2,1.4,0.2,Iris-setosa,setosa,6,41
6.0,3.0,4.8,1.8,Iris-virginica,virginica,9,42
5.8,2.7,5.1,1.9,Iris-virginica,virginica,9,43
6.0,2.2,4.0,1.0,Iris-versicolor,versicolor,10,44
5.4,3.0,4.5,1.5,Iris-versicolor,versicolor,10,45
6.2,3.4,5.4,2.3,Iris-virginica,virginica,9,46
5.5,2.3,4.0,1.3,Iris-versicolor,versicolor,10,47
5.4,3.9,1.7,0.4,Iris-setosa,setosa,6,48
5.0,2.3,3.3,1.0,Iris-versicolor,versicolor,10,49
6.4,2.7,5.3,1.9,Iris-virginica,virginica,9,50
5.0,3.3,1.4,0.2,Iris-setosa,setosa,6,51
5.0,3.2,1.2,0.2,Iris-setosa,setosa,6,52
5.5,2.4,3.8,1.1,Iris-versicolor,versicolor,10,53
6.7,3.0,5.0,1.7,Iris-versicolor,versicolor,10,54
4.9,3.1,1.5,0.1,Iris-setosa,setosa,6,55
5.8,2.8,5.1,2.4,Iris-virginica,virginica,9,56
5.0,3.4,1.5,0.2,Iris-setosa,setosa,6,57
5.0,3.5,1.6,0.6,Iris-setosa,setosa,6,58
5.9,3.2,4.8,1.8,Iris-versicolor,versicolor,10,59
5.1,2.5,3.0,1.1,Iris-versicolor,versicolor,10,60
6.9,3.2,5.7,2.3,Iris-virginica,virginica,9,61
6.0,2.7,5.1,1.6,Iris-versicolor,versicolor,10,62
6.1,2.6,5.6,1.4,Iris-virginica,virginica,9,63
7.7,3.0,6.1,2.3,Iris-virginica,virginica,9,64
5.5,2.5,4.0,1.3,Iris-versicolor,versicolor,10,65
4.4,2.9,1.4,0.2,Iris-setosa,setosa,6,66
4.3,3.0,1.1,0.1,Iris-setosa,setosa,6,67
6.0,2.2,5.0,1.5,Iris-virginica,virginica,9,68
7.2,3.2,6.0,1.8,Iris-virginica,virginica,9,69
4.6,3.1,1.5,0.2,Iris-setosa,setosa,6,70
5.1,3.5,1.4,0.3,Iris-setosa,setosa,6,71
4.4,3.0,1.3,0.2,Iris-setosa,setosa,6,72
6.3,2.5,4.9,1.5,Iris-versicolor,versicolor,10,73
6.3,3.4,5.6,2.4,Iris-virginica,virginica,9,74
4.6,3.4,1.4,0.3,Iris-setosa,setosa,6,75
6.8,3.0,5.5,2.1,Iris-virginica,virginica,9,76
6.3,3.3,6.0,2.5,Iris-virginica,virginica,9,77
4.7,3.2,1.3,0.2,Iris-setosa,setosa,6,78
6.1,2.9,4.7,1.4,Iris-versicolor,versicolor,10,79
6.5,2.8,4.6,1.5,Iris-versicolor,versicolor,10,80
6.2,2.8,4.8,1.8,Iris-virginica,virginica,9,81
7.0,3.2,4.7,1.4,Iris-versicolor,versicolor,10,82
6.4,3.2,5.3,2.3,Iris-virginica,virginica,9,83
5.1,3.8,1.6,0.2,Iris-setosa,setosa,6,84
6.9,3.1,5.4,2.1,Iris-virginica,virginica,9,85
5.9,3.0,4.2,1.5,Iris-versicolor,versicolor,10,86
6.5,3.0,5.2,2.0,Iris-virginica,virginica,9,87
5.7,2.6,3.5,1.0,Iris-versicolor,versicolor,10,88
5.2,2.7,3.9,1.4,Iris-versicolor,versicolor,10,89
6.1,3.0,4.6,1.4,Iris-versicolor,versicolor,10,90
4.5,2.3,1.3,0.3,Iris-setosa,setosa,6,91
6.6,2.9,4.6,1.3,Iris-versicolor,versicolor,10,92
5.5,2.6,4.4,1.2,Iris-versicolor,versicolor,10,93
5.3,3.7,1.5,0.2,Iris-setosa,setosa,6,94
5.6,3.0,4.1,1.3,Iris-versicolor,versicolor,10,95
7.3,2.9,6.3,1.8,Iris-virginica,virginica,9,96
6.7,3.3,5.7,2.1,Iris-virginica,virginica,9,97
5.1,3.7,1.5,0.4,Iris-setosa,setosa,6,98
4.9,2.4,3.3,1.0,Iris-versicolor,versicolor,10,99
6.7,3.3,5.7,2.5,Iris-virginica,virginica,9,100
7.2,3.0,5.8,1.6,Iris-virginica,virginica,9,101
4.9,3.1,1.5,0.1,Iris-setosa,setosa,6,102
6.7,3.1,5.6,2.4,Iris-virginica,virginica,9,103
4.9,3.0,1.4,0.2,Iris-setosa,setosa,6,104
6.9,3.1,4.9,1.5,Iris-versicolor,versicolor,10,105
7.4,2.8,6.1,1.9,Iris-virginica,virginica,9,106
6.3,2.9,5.6,1.8,Iris-virginica,virginica,9,107
5.7,2.8,4.1,1.3,Iris-versicolor,versicolor,10,108
6.5,3.0,5.5,1.8,Iris-virginica,virginica,9,109
6.3,2.3,4.4,1.3,Iris-versicolor,versicolor,10,110
6.4,2.9,4.3,1.3,Iris-versicolor,versicolor,10,111
5.6,2.8,4.9,2.0,Iris-virginica,virginica,9,112
5.9,3.0,5.1,1.8,Iris-virginica,virginica,9,113
5.4,3.4,1.7,0.2,Iris-setosa,setosa,6,114
6.1,2.8,4.0,1.3,Iris-versicolor,versicolor,10,115
4.9,2.5,4.5,1.7,Iris-virginica,virginica,9,116
5.8,4.0,1.2,0.2,Iris-setosa,setosa,6,117
5.8,2.6,4.0,1.2,Iris-versicolor,versicolor,10,118
7.1,3.0,5.9,2.1,Iris-virginica,virginica,9,119
