SepalLengthCm,SepalWidthCm,PetalLengthCm,PetalWidthCm,Species,SepalLengthCm_with_noise,SepalLengthCm_with_nan_noise
6.1,2.8,4.7,1.2,Iris-versicolor,6.1,
5.7,3.8,1.7,0.3,Iris-setosa,5.7,
7.7,2.6,6.9,2.3,Iris-virginica,6.5,7.7
6.0,2.9,4.5,1.5,Iris-versicolor,6.0,
6.8,2.8,4.8,1.4,Iris-versicolor,6.8,
5.4,3.4,1.5,0.4,Iris-setosa,5.4,
5.6,2.9,3.6,1.3,Iris-versicolor,5.6,
6.9,3.1,5.1,2.3,Iris-virginica,6.9,
6.2,2.2,4.5,1.5,Iris-versicolor,6.2,
5.8,2.7,3.9,1.2,Iris-versicolor,5.8,
6.5,3.2,5.1,2.0,Iris-virginica,6.5,6.5
4.8,3.0,1.4,0.1,Iris-setosa,4.8,
5.5,3.5,1.3,0.2,Iris-setosa,5.5,
4.9,3.1,1.5,0.1,Iris-setosa,4.9,
5.1,3.8,1.5,0.3,Iris-setosa,5.1,
6.3,3.3,4.7,1.6,Iris-versicolor,6.1,
6.5,3.0,5.8,2.2,Iris-virginica,6.5,
5.6,2.5,3.9,1.1,Iris-versicolor,5.6,
5.7,2.8,4.5,1.3,Iris-versicolor,5.7,
6.4,2.8,5.6,2.2,Iris-virginica,6.4,
4.7,3.2,1.6,0.2,Iris-setosa,4.7,
6.1,3.0,4.9,1.8,Iris-virginica,6.1,
5.0,3.4,1.6,0.4,Iris-setosa,5.0,
6.4,2.8,5.6,2.1,Iris-virginica,6.4,
7.9,3.8,6.4,2.0,Iris-virginica,7.9,
6.7,3.0,5.2,2.3,Iris-virginica,6.7,
6.7,2.5,5.8,1.8,Iris-virginica,6.7,
6.8,3.2,5.9,2.3,Iris-virginica,6.8,6.8
4.8,3.0,1.4,0.3,Iris-setosa,4.8,
4.8,3.1,1.6,0.2,Iris-setosa,5.6,
