SepalLengthCm,SepalWidthCm,PetalLengthCm,PetalWidthCm,Species,Species_code,orig_index
4.6,3.6,1.0,0.2,Iris-setosa,0,0
5.7,4.4,1.5,0.4,Iris-setosa,0,1
6.7,3.1,4.4,1.4,Iris-versicolor,1,2
4.8,3.4,1.6,0.2,Iris-setosa,0,3
4.4,3.2,1.3,0.2,Iris-setosa,0,4
6.3,2.5,5.0,1.9,Iris-virginica,2,5
6.4,3.2,4.5,1.5,Iris-versicolor,1,6
5.2,3.5,1.5,0.2,Iris-setosa,0,7
5.0,3.6,1.4,0.2,Iris-setosa,0,8
5.2,4.1,1.5,0.1,Iris-setosa,0,9
5.8,2.7,5.1,1.9,Iris-virginica,2,10
6.0,3.4,4.5,1.6,Iris-versicolor,1,11
6.7,3.1,4.7,1.5,Iris-versicolor,1,12
5.4,3.9,1.3,0.4,Iris-setosa,0,13
5.4,3.7,1.5,0.2,Iris-setosa,0,14
5.5,2.4,3.7,1.0,Iris-versicolor,1,15
6.3,2.8,5.1,1.5,Iris-virginica,2,16
6.4,3.1,5.5,1.8,Iris-virginica,2,17
6.6,3.0,4.4,1.4,Iris-versicolor,1,18
7.2,3.6,6.1,2.5,Iris-virginica,2,19
5.7,2.9,4.2,1.3,Iris-versicolor,1,20
7.6,3.0,6.6,2.1,Iris-virginica,2,21
5.6,3.0,4.5,1.5,Iris-versicolor,1,22
5.1,3.5,1.4,0.2,Iris-setosa,0,23
7.7,2.8,6.7,2.0,Iris-virginica,2,24
5.8,2.7,4.1,1.0,Iris-versicolor,1,25
5.2,3.4,1.4,0.2,Iris-setosa,0,26
5.0,3.5,1.3,0.3,Iris-setosa,0,27
5.1,3.8,1.9,0.4,Iris-setosa,0,28
5.0,2.0,3.5,1.0,Iris-versicolor,1,29
6.3,2.7,4.9,1.8,Iris-virginica,2,30
4.8,3.4,1.9,0.2,Iris-setosa,0,31
5.0,3.0,1.6,0.2,Iris-setosa,0,32
5.1,3.3,1.7,0.5,Iris-setosa,0,33
5.6,2.7,4.2,1.3,Iris-versicolor,1,34
5.1,3.4,1.5,0.2,Iris-setosa,0,35
5.7,3.0,4.2,1.2,Iris-versicolor,1,36
7.7,3.8,6.7,2.2,Iris-virginica,2,37
4.6,3.2,1.4,0.2,Iris-setosa,0,38
6.2,2.9,4.3,1.3,Iris-versicolor,1,39
5.7,2.5,5.0,2.0,Iris-virginica,2,40
5.5,4.2,1.4,0.2,Iris-setosa,0,41
6.0,3.0,4.8,1.8,Iris-virginica,2,42
5.8,2.7,5.1,1.9,Iris-virginica,2,43
6.0,2.2,4.0,1.0,Iris-versicolor,1,44
5.4,3.0,4.5,1.5,Iris-versicolor,1,45
6.2,3.4,5.4,2.3,Iris-virginica,2,46
5.5,2.3,4.0,1.3,Iris-versicolor,1,47
5.4,3.9,1.7,0.4,Iris-setosa,0,48
5.0,2.3,3.3,1.0,Iris-versicolor,1,49
6.4,2.7,5.3,1.9,Iris-virginica,2,50
5.0,3.3,1.4,0.2,Iris-setosa,0,51
5.0,3.2,1.2,0.2,Iris-setosa,0,52
5.5,2.4,3.8,1.1,Iris-versicolor,1,53
6.7,3.0,5.0,1.7,Iris-versicolor,1,54
4.9,3.1,1.5,0.1,Iris-setosa,0,55
5.8,2.8,5.1,2.4,Iris-virginica,2,56
5.0,3.4,1.5,0.2,Iris-setosa,0,57
5.0,3.5,1.6,0.6,Iris-setosa,0,58
5.9,3.2,4.8,1.8,Iris-versicolor,1,59
5.1,2.5,3.0,1.1,Iris-versicolor,1,60
6.9,3.2,5.7,2.3,Iris-virginica,2,61
6.0,2.7,5.1,1.6,Iris-versicolor,1,62
6.1,2.6,5.6,1.4,Iris-virginica,2,63
7.7,3.0,6.1,2.3,Iris-virginica,2,64
5.5,2.5,4.0,1.3,Iris-versicolor,1,65
4.4,2.9,1.4,0.2,Iris-setosa,0,66
4.3,3.0,1.1,0.1,Iris-setosa,0,67
6.0,2.2,5.0,1.5,Iris-virginica,2,68
7.2,3.2,6.0,1.8,Iris-virginica,2,69
4.6,3.1,1.5,0.2,Iris-setosa,0,70
5.1,3.5,1.4,0.3,Iris-setosa,0,71
4.4,3.0,1.3,0.2,Iris-setosa,0,72
6.3,2.5,4.9,1.5,Iris-versicolor,1,73
6.3,3.4,5.6,2.4,Iris-virginica,2,74
4.6,3.4,1.4,0.3,Iris-setosa,0,75
6.8,3.0,5.5,2.1,Iris-virginica,2,76
6.3,3.3,6.0,2.5,Iris-virginica,2,77
4.7,3.2,1.3,0.2,Iris-setosa,0,78
6.1,2.9,4.7,1.4,Iris-versicolor,1,79
6.5,2.8,4.6,1.5,Iris-versicolor,1,80
6.2,2.8,4.8,1.8,Iris-virginica,2,81
7.0,3.2,4.7,1.4,Iris-versicolor,1,82
6.4,3.2,5.3,2.3,Iris-virginica,2,83
5.1,3.8,1.6,0.2,Iris-setosa,0,84
6.9,3.1,5.4,2.1,Iris-virginica,2,85
5.9,3.0,4.2,1.5,Iris-versicolor,1,86
6.5,3.0,5.2,2.0,Iris-virginica,2,87
5.7,2.6,3.5,1.0,Iris-versicolor,1,88
5.2,2.7,3.9,1.4,Iris-versicolor,1,89
6.1,3.0,4.6,1.4,Iris-versicolor,1,90
4.5,2.3,1.3,0.3,Iris-setosa,0,91
6.6,2.9,4.6,1.3,Iris-versicolor,1,92
5.5,2.6,4.4,1.2,Iris-versicolor,1,93
5.3,3.7,1.5,0.2,Iris-setosa,0,94
5.6,3.0,4.1,1.3,Iris-versicolor,1,95
7.3,2.9,6.3,1.8,Iris-virginica,2,96
6.7,3.3,5.7,2.1,Iris-virginica,2,97
5.1,3.7,1.5,0.4,Iris-setosa,0,98
4.9,2.4,3.3,1.0,Iris-versicolor,1,99
6.7,3.3,5.7,2.5,Iris-virginica,2,100
7.2,3.0,5.8,1.6,Iris-virginica,2,101
4.9,3.1,1.5,0.1,Iris-setosa,0,102
6.7,3.1,5.6,2.4,Iris-virginica,2,103
4.9,3.0,1.4,0.2,Iris-setosa,0,104
6.9,3.1,4.9,1.5,Iris-versicolor,1,105
7.4,2.8,6.1,1.9,Iris-virginica,2,106
6.3,2.9,5.6,1.8,Iris-virginica,2,107
5.7,2.8,4.1,1.3,Iris-versicolor,1,108
6.5,3.0,5.5,1.8,Iris-virginica,2,109
6.3,2.3,4.4,1.3,Iris-versicolor,1,110
6.4,2.9,4.3,1.3,Iris-versicolor,1,111
5.6,2.8,4.9,2.0,Iris-virginica,2,112
5.9,3.0,5.1,1.8,Iris-virginica,2,113
5.4,3.4,1.7,0.2,Iris-setosa,0,114
6.1,2.8,4.0,1.3,Iris-versicolor,1,115
4.9,2.5,4.5,1.7,Iris-virginica,2,116
5.8,4.0,1.2,0.2,Iris-setosa,0,117
5.8,2.6,4.0,1.2,Iris-versicolor,1,118
7.1,3.0,5.9,2.1,Iris-virginica,2,119
