SepalLengthCm,SepalWidthCm,PetalLengthCm,PetalWidthCm,Species,Species_Iris-setosa,Species_Iris-versicolor,Species_Iris-virginica,orig_index
4.6,3.6,1.0,0.2,Iris-setosa,1,0,0,0
5.7,4.4,1.5,0.4,Iris-setosa,1,0,0,1
6.7,3.1,4.4,1.4,Iris-versicolor,0,1,0,2
4.8,3.4,1.6,0.2,Iris-setosa,1,0,0,3
4.4,3.2,1.3,0.2,Iris-setosa,1,0,0,4
6.3,2.5,5.0,1.9,Iris-virginica,0,0,1,5
6.4,3.2,4.5,1.5,Iris-versicolor,0,1,0,6
5.2,3.5,1.5,0.2,Iris-setosa,1,0,0,7
5.0,3.6,1.4,0.2,Iris-setosa,1,0,0,8
5.2,4.1,1.5,0.1,Iris-setosa,1,0,0,9
5.8,2.7,5.1,1.9,Iris-virginica,0,0,1,10
6.0,3.4,4.5,1.6,Iris-versicolor,0,1,0,11
6.7,3.1,4.7,1.5,Iris-versicolor,0,1,0,12
5.4,3.9,1.3,0.4,Iris-setosa,1,0,0,13
5.4,3.7,1.5,0.2,Iris-setosa,1,0,0,14
5.5,2.4,3.7,1.0,Iris-versicolor,0,1,0,15
6.3,2.8,5.1,1.5,Iris-virginica,0,0,1,16
6.4,3.1,5.5,1.8,Iris-virginica,0,0,1,17
6.6,3.0,4.4,1.4,Iris-versicolor,0,1,0,18
7.2,3.6,6.1,2.5,Iris-virginica,0,0,1,19
5.7,2.9,4.2,1.3,Iris-versicolor,0,1,0,20
7.6,3.0,6.6,2.1,Iris-virginica,0,0,1,21
5.6,3.0,4.5,1.5,Iris-versicolor,0,1,0,22
5.1,3.5,1.4,0.2,Iris-setosa,1,0,0,23
7.7,2.8,6.7,2.0,Iris-virginica,0,0,1,24
5.8,2.7,4.1,1.0,Iris-versicolor,0,1,0,25
5.2,3.4,1.4,0.2,Iris-setosa,1,0,0,26
5.0,3.5,1.3,0.3,Iris-setosa,1,0,0,27
5.1,3.8,1.9,0.4,Iris-setosa,1,0,0,28
5.0,2.0,3.5,1.0,Iris-versicolor,0,1,0,29
6.3,2.7,4.9,1.8,Iris-virginica,0,0,1,30
4.8,3.4,1.9,0.2,Iris-setosa,1,0,0,31
5.0,3.0,1.6,0.2,Iris-setosa,1,0,0,32
5.1,3.3,1.7,0.5,Iris-setosa,1,0,0,33
5.6,2.7,4.2,1.3,Iris-versicolor,0,1,0,34
5.1,3.4,1.5,0.2,Iris-setosa,1,0,0,35
5.7,3.0,4.2,1.2,Iris-versicolor,0,1,0,36
7.7,3.8,6.7,2.2,Iris-virginica,0,0,1,37
4.6,3.2,1.4,0.2,Iris-setosa,1,0,0,38
6.2,2.9,4.3,1.3,Iris-versicolor,0,1,0,39
5.7,2.5,5.0,2.0,Iris-virginica,0,0,1,40
5.5,4.2,1.4,0.2,Iris-setosa,1,0,0,41
6.0,3.0,4.8,1.8,Iris-virginica,0,0,1,42
5.8,2.7,5.1,1.9,Iris-virginica,0,0,1,43
6.0,2.2,4.0,1.0,Iris-versicolor,0,1,0,44
5.4,3.0,4.5,1.5,Iris-versicolor,0,1,0,45
6.2,3.4,5.4,2.3,Iris-virginica,0,0,1,46
5.5,2.3,4.0,1.3,Iris-versicolor,0,1,0,47
5.4,3.9,1.7,0.4,Iris-setosa,1,0,0,48
5.0,2.3,3.3,1.0,Iris-versicolor,0,1,0,49
6.4,2.7,5.3,1.9,Iris-virginica,0,0,1,50
5.0,3.3,1.4,0.2,Iris-setosa,1,0,0,51
5.0,3.2,1.2,0.2,Iris-setosa,1,0,0,52
5.5,2.4,3.8,1.1,Iris-versicolor,0,1,0,53
6.7,3.0,5.0,1.7,Iris-versicolor,0,1,0,54
4.9,3.1,1.5,0.1,Iris-setosa,1,0,0,55
5.8,2.8,5.1,2.4,Iris-virginica,0,0,1,56
5.0,3.4,1.5,0.2,Iris-setosa,1,0,0,57
5.0,3.5,1.6,0.6,Iris-setosa,1,0,0,58
5.9,3.2,4.8,1.8,Iris-versicolor,0,1,0,59
5.1,2.5,3.0,1.1,Iris-versicolor,0,1,0,60
6.9,3.2,5.7,2.3,Iris-virginica,0,0,1,61
6.0,2.7,5.1,1.6,Iris-versicolor,0,1,0,62
6.1,2.6,5.6,1.4,Iris-virginica,0,0,1,63
7.7,3.0,6.1,2.3,Iris-virginica,0,0,1,64
5.5,2.5,4.0,1.3,Iris-versicolor,0,1,0,65
4.4,2.9,1.4,0.2,Iris-setosa,1,0,0,66
4.3,3.0,1.1,0.1,Iris-setosa,1,0,0,67
6.0,2.2,5.0,1.5,Iris-virginica,0,0,1,68
7.2,3.2,6.0,1.8,Iris-virginica,0,0,1,69
4.6,3.1,1.5,0.2,Iris-setosa,1,0,0,70
5.1,3.5,1.4,0.3,Iris-setosa,1,0,0,71
4.4,3.0,1.3,0.2,Iris-setosa,1,0,0,72
6.3,2.5,4.9,1.5,Iris-versicolor,0,1,0,73
6.3,3.4,5.6,2.4,Iris-virginica,0,0,1,74
4.6,3.4,1.4,0.3,Iris-setosa,1,0,0,75
6.8,3.0,5.5,2.1,Iris-virginica,0,0,1,76
6.3,3.3,6.0,2.5,Iris-virginica,0,0,1,77
4.7,3.2,1.3,0.2,Iris-setosa,1,0,0,78
6.1,2.9,4.7,1.4,Iris-versicolor,0,1,0,79
6.5,2.8,4.6,1.5,Iris-versicolor,0,1,0,80
6.2,2.8,4.8,1.8,Iris-virginica,0,0,1,81
7.0,3.2,4.7,1.4,Iris-versicolor,0,1,0,82
6.4,3.2,5.3,2.3,Iris-virginica,0,0,1,83
5.1,3.8,1.6,0.2,Iris-setosa,1,0,0,84
6.9,3.1,5.4,2.1,Iris-virginica,0,0,1,85
5.9,3.0,4.2,1.5,Iris-versicolor,0,1,0,86
6.5,3.0,5.2,2.0,Iris-virginica,0,0,1,87
5.7,2.6,3.5,1.0,Iris-versicolor,0,1,0,88
5.2,2.7,3.9,1.4,Iris-versicolor,0,1,0,89
6.1,3.0,4.6,1.4,Iris-versicolor,0,1,0,90
4.5,2.3,1.3,0.3,Iris-setosa,1,0,0,91
6.6,2.9,4.6,1.3,Iris-versicolor,0,1,0,92
5.5,2.6,4.4,1.2,Iris-versicolor,0,1,0,93
5.3,3.7,1.5,0.2,Iris-setosa,1,0,0,94
5.6,3.0,4.1,1.3,Iris-versicolor,0,1,0,95
7.3,2.9,6.3,1.8,Iris-virginica,0,0,1,96
6.7,3.3,5.7,2.1,Iris-virginica,0,0,1,97
5.1,3.7,1.5,0.4,Iris-setosa,1,0,0,98
4.9,2.4,3.3,1.0,Iris-versicolor,0,1,0,99
6.7,3.3,5.7,2.5,Iris-virginica,0,0,1,100
7.2,3.0,5.8,1.6,Iris-virginica,0,0,1,101
4.9,3.1,1.5,0.1,Iris-setosa,1,0,0,102
6.7,3.1,5.6,2.4,Iris-virginica,0,0,1,103
4.9,3.0,1.4,0.2,Iris-setosa,1,0,0,104
6.9,3.1,4.9,1.5,Iris-versicolor,0,1,0,105
7.4,2.8,6.1,1.9,Iris-virginica,0,0,1,106
6.3,2.9,5.6,1.8,Iris-virginica,0,0,1,107
5.7,2.8,4.1,1.3,Iris-versicolor,0,1,0,108
6.5,3.0,5.5,1.8,Iris-virginica,0,0,1,109
6.3,2.3,4.4,1.3,Iris-versicolor,0,1,0,110
6.4,2.9,4.3,1.3,Iris-versicolor,0,1,0,111
5.6,2.8,4.9,2.0,Iris-virginica,0,0,1,112
5.9,3.0,5.1,1.8,Iris-virginica,0,0,1,113
5.4,3.4,1.7,0.2,Iris-setosa,1,0,0,114
6.1,2.8,4.0,1.3,Iris-versicolor,0,1,0,115
4.9,2.5,4.5,1.7,Iris-virginica,0,0,1,116
5.8,4.0,1.2,0.2,Iris-setosa,1,0,0,117
5.8,2.6,4.0,1.2,Iris-versicolor,0,1,0,118
7.1,3.0,5.9,2.1,Iris-virginica,0,0,1,119
