SepalLengthCm,SepalWidthCm,PetalLengthCm,PetalWidthCm,Species,Species_exact_copy,SepalLengthCm_with_noise,SepalLengthCm_with_nan_noise,Species_abbv,Species_abbv_small
6.1,2.8,4.7,1.2,Iris-versicolor,Iris-versicolor,6.1,,IRIS-V,IRI
5.7,3.8,1.7,0.3,Iris-setosa,Iris-setosa,5.699999999999999,,IRIS-S,IRI
7.7,2.6,6.9,2.3,Iris-virginica,Iris-virginica,7.7,,IRIS-V,IRI
6.0,2.9,4.5,1.5,Iris-versicolor,Iris-versicolor,6.0,6.0,IRIS-V,IRI
6.8,2.8,4.8,1.4,Iris-versicolor,Iris-versicolor,6.8,,IRIS-V,IRI
5.4,3.4,1.5,0.4,Iris-setosa,Iris-setosa,5.4,,IRIS-S,IRI
5.6,2.9,3.6,1.3,Iris-versicolor,Iris-versicolor,5.6,,IRIS-V,IRI
6.9,3.1,5.1,2.3,Iris-virginica,Iris-virginica,6.9,,IRIS-V,IRI
6.2,2.2,4.5,1.5,Iris-versicolor,Iris-versicolor,6.5,,IRIS-V,IRI
5.8,2.7,3.9,1.2,Iris-versicolor,Iris-versicolor,5.8,5.8,IRIS-V,IRI
6.5,3.2,5.1,2.0,Iris-virginica,Iris-virginica,6.5,,IRIS-V,IRI
4.8,3.0,1.4,0.1,Iris-setosa,Iris-setosa,4.8,,IRIS-S,IRI
5.5,3.5,1.3,0.2,Iris-setosa,Iris-setosa,5.5,5.5,IRIS-S,IRI
4.9,3.1,1.5,0.1,Iris-setosa,Iris-setosa,4.9,,IRIS-S,IRI
5.1,3.8,1.5,0.3,Iris-setosa,Iris-setosa,5.1,,IRIS-S,IRI
6.3,3.3,4.7,1.6,Iris-versicolor,Iris-versicolor,6.3,,IRIS-V,IRI
6.5,3.0,5.8,2.2,Iris-virginica,Iris-virginica,6.5,,IRIS-V,IRI
5.6,2.5,3.9,1.1,Iris-versicolor,Iris-versicolor,5.6,5.6,IRIS-V,IRI
5.7,2.8,4.5,1.3,Iris-versicolor,Iris-versicolor,5.7,,IRIS-V,IRI
6.4,2.8,5.6,2.2,Iris-virginica,Iris-virginica,6.4,,IRIS-V,IRI
4.7,3.2,1.6,0.2,Iris-setosa,Iris-setosa,6.199999999999999,,IRIS-S,IRI
6.1,3.0,4.9,1.8,Iris-virginica,Iris-virginica,6.1,,IRIS-V,IRI
5.0,3.4,1.6,0.4,Iris-setosa,Iris-setosa,5.0,5.0,IRIS-S,IRI
6.4,2.8,5.6,2.1,Iris-virginica,Iris-virginica,6.4,6.4,IRIS-V,IRI
7.9,3.8,6.4,2.0,Iris-virginica,Iris-virginica,7.9,,IRIS-V,IRI
6.7,3.0,5.2,2.3,Iris-virginica,Iris-virginica,6.7,,IRIS-V,IRI
6.7,2.5,5.8,1.8,Iris-virginica,Iris-virginica,6.6,,IRIS-V,IRI
6.8,3.2,5.9,2.3,Iris-virginica,Iris-virginica,6.8,,IRIS-V,IRI
4.8,3.0,1.4,0.3,Iris-setosa,Iris-setosa,4.8,,IRIS-S,IRI
4.8,3.1,1.6,0.2,Iris-setosa,Iris-setosa,4.8,,IRIS-S,IRI
