SepalLengthCm,SepalWidthCm,PetalLengthCm,PetalWidthCm,Species,orig_index
6.1,2.8,4.7,1.2,Iris-versicolor,0
5.7,3.8,1.7,0.3,Iris-setosa,1
7.7,2.6,6.9,2.3,Iris-virginica,2
6.0,2.9,4.5,1.5,Iris-versicolor,3
6.8,2.8,4.8,1.4,Iris-versicolor,4
5.4,3.4,1.5,0.4,Iris-setosa,5
5.6,2.9,3.6,1.3,Iris-versicolor,6
6.9,3.1,5.1,2.3,Iris-virginica,7
6.2,2.2,4.5,1.5,Iris-versicolor,8
5.8,2.7,3.9,1.2,Iris-versicolor,9
6.5,3.2,5.1,2.0,Iris-virginica,10
4.8,3.0,1.4,0.1,Iris-setosa,11
5.5,3.5,1.3,0.2,Iris-setosa,12
4.9,3.1,1.5,0.1,Iris-setosa,13
5.1,3.8,1.5,0.3,Iris-setosa,14
6.3,3.3,4.7,1.6,Iris-versicolor,15
6.5,3.0,5.8,2.2,Iris-virginica,16
5.6,2.5,3.9,1.1,Iris-versicolor,17
5.7,2.8,4.5,1.3,Iris-versicolor,18
6.4,2.8,5.6,2.2,Iris-virginica,19
4.7,3.2,1.6,0.2,Iris-setosa,20
6.1,3.0,4.9,1.8,Iris-virginica,21
5.0,3.4,1.6,0.4,Iris-setosa,22
6.4,2.8,5.6,2.1,Iris-virginica,23
7.9,3.8,6.4,2.0,Iris-virginica,24
6.7,3.0,5.2,2.3,Iris-virginica,25
6.7,2.5,5.8,1.8,Iris-virginica,26
6.8,3.2,5.9,2.3,Iris-virginica,27
4.8,3.0,1.4,0.3,Iris-setosa,28
4.8,3.1,1.6,0.2,Iris-setosa,29
