SepalLengthCm,SepalWidthCm,PetalLengthCm,PetalWidthCm,Species,orig_index
4.6,3.6,1.0,0.2,Iris-setosa,0
5.7,4.4,1.5,0.4,Iris-setosa,1
4.8,3.4,1.6,0.2,Iris-setosa,3
4.4,3.2,1.3,0.2,Iris-setosa,4
5.2,3.5,1.5,0.2,Iris-setosa,7
5.0,3.6,1.4,0.2,Iris-setosa,8
5.2,4.1,1.5,0.1,Iris-setosa,9
5.4,3.9,1.3,0.4,Iris-setosa,13
5.4,3.7,1.5,0.2,Iris-setosa,14
5.1,3.5,1.4,0.2,Iris-setosa,23
5.2,3.4,1.4,0.2,Iris-setosa,26
5.0,3.5,1.3,0.3,Iris-setosa,27
5.1,3.8,1.9,0.4,Iris-setosa,28
4.8,3.4,1.9,0.2,Iris-setosa,31
5.0,3.0,1.6,0.2,Iris-setosa,32
5.1,3.3,1.7,0.5,Iris-setosa,33
5.1,3.4,1.5,0.2,Iris-setosa,35
4.6,3.2,1.4,0.2,Iris-setosa,38
5.5,4.2,1.4,0.2,Iris-setosa,41
5.4,3.9,1.7,0.4,Iris-setosa,48
5.0,3.3,1.4,0.2,Iris-setosa,51
5.0,3.2,1.2,0.2,Iris-setosa,52
4.9,3.1,1.5,0.1,Iris-setosa,55
5.0,3.4,1.5,0.2,Iris-setosa,57
5.0,3.5,1.6,0.6,Iris-setosa,58
4.4,2.9,1.4,0.2,Iris-setosa,66
4.3,3.0,1.1,0.1,Iris-setosa,67
4.6,3.1,1.5,0.2,Iris-setosa,70
5.1,3.5,1.4,0.3,Iris-setosa,71
4.4,3.0,1.3,0.2,Iris-setosa,72
4.6,3.4,1.4,0.3,Iris-setosa,75
4.7,3.2,1.3,0.2,Iris-setosa,78
5.1,3.8,1.6,0.2,Iris-setosa,84
4.5,2.3,1.3,0.3,Iris-setosa,91
5.3,3.7,1.5,0.2,Iris-setosa,94
5.1,3.7,1.5,0.4,Iris-setosa,98
4.9,3.1,1.5,0.1,Iris-setosa,102
4.9,3.0,1.4,0.2,Iris-setosa,104
5.4,3.4,1.7,0.2,Iris-setosa,114
5.8,4.0,1.2,0.2,Iris-setosa,117
