SepalLengthCm,SepalWidthCm,PetalLengthCm,PetalWidthCm,Species,orig_index
4.6,3.6,1.0,0.2,Iris-setosa,0
4.8,3.4,1.6,0.2,Iris-setosa,3
4.4,3.2,1.3,0.2,Iris-setosa,4
5.0,3.6,1.4,0.2,Iris-setosa,8
5.0,3.5,1.3,0.3,Iris-setosa,27
4.8,3.4,1.9,0.2,Iris-setosa,31
5.0,3.0,1.6,0.2,Iris-setosa,32
4.6,3.2,1.4,0.2,Iris-setosa,38
5.0,3.3,1.4,0.2,Iris-setosa,51
5.0,3.2,1.2,0.2,Iris-setosa,52
4.9,3.1,1.5,0.1,Iris-setosa,55
5.0,3.4,1.5,0.2,Iris-setosa,57
5.0,3.5,1.6,0.6,Iris-setosa,58
4.4,2.9,1.4,0.2,Iris-setosa,66
4.3,3.0,1.1,0.1,Iris-setosa,67
4.6,3.1,1.5,0.2,Iris-setosa,70
4.4,3.0,1.3,0.2,Iris-setosa,72
4.6,3.4,1.4,0.3,Iris-setosa,75
4.7,3.2,1.3,0.2,Iris-setosa,78
4.5,2.3,1.3,0.3,Iris-setosa,91
4.9,3.1,1.5,0.1,Iris-setosa,102
4.9,3.0,1.4,0.2,Iris-setosa,104
