SepalLengthCm,SepalWidthCm,PetalLengthCm,PetalWidthCm,Species,orig_index
4.6,3.6,1.0,0.2,Iris-setosa,0
5.7,4.4,1.5,0.4,Iris-setosa,1
6.7,3.1,4.4,1.4,Iris-versicolor,2
4.8,3.4,1.6,0.2,Iris-setosa,3
4.4,3.2,1.3,0.2,Iris-setosa,4
6.3,2.5,5.0,1.9,Iris-virginica,5
6.4,3.2,4.5,1.5,Iris-versicolor,6
5.2,3.5,1.5,0.2,Iris-setosa,7
5.0,3.6,1.4,0.2,Iris-setosa,8
5.2,4.1,1.5,0.1,Iris-setosa,9
5.8,2.7,5.1,1.9,Iris-virginica,10
6.0,3.4,4.5,1.6,Iris-versicolor,11
6.7,3.1,4.7,1.5,Iris-versicolor,12
5.4,3.9,1.3,0.4,Iris-setosa,13
5.4,3.7,1.5,0.2,Iris-setosa,14
5.5,2.4,3.7,1.0,Iris-versicolor,15
6.3,2.8,5.1,1.5,Iris-virginica,16
6.4,3.1,5.5,1.8,Iris-virginica,17
6.6,3.0,4.4,1.4,Iris-versicolor,18
7.2,3.6,6.1,2.5,Iris-virginica,19
5.7,2.9,4.2,1.3,Iris-versicolor,20
7.6,3.0,6.6,2.1,Iris-virginica,21
5.6,3.0,4.5,1.5,Iris-versicolor,22
5.1,3.5,1.4,0.2,Iris-setosa,23
7.7,2.8,6.7,2.0,Iris-virginica,24
5.8,2.7,4.1,1.0,Iris-versicolor,25
5.2,3.4,1.4,0.2,Iris-setosa,26
5.0,3.5,1.3,0.3,Iris-setosa,27
5.1,3.8,1.9,0.4,Iris-setosa,28
5.0,2.0,3.5,1.0,Iris-versicolor,29
6.3,2.7,4.9,1.8,Iris-virginica,30
4.8,3.4,1.9,0.2,Iris-setosa,31
5.0,3.0,1.6,0.2,Iris-setosa,32
5.1,3.3,1.7,0.5,Iris-setosa,33
5.6,2.7,4.2,1.3,Iris-versicolor,34
5.1,3.4,1.5,0.2,Iris-setosa,35
5.7,3.0,4.2,1.2,Iris-versicolor,36
7.7,3.8,6.7,2.2,Iris-virginica,37
4.6,3.2,1.4,0.2,Iris-setosa,38
6.2,2.9,4.3,1.3,Iris-versicolor,39
5.7,2.5,5.0,2.0,Iris-virginica,40
5.5,4.2,1.4,0.2,Iris-setosa,41
6.0,3.0,4.8,1.8,Iris-virginica,42
5.8,2.7,5.1,1.9,Iris-virginica,43
6.0,2.2,4.0,1.0,Iris-versicolor,44
5.4,3.0,4.5,1.5,Iris-versicolor,45
6.2,3.4,5.4,2.3,Iris-virginica,46
5.5,2.3,4.0,1.3,Iris-versicolor,47
5.4,3.9,1.7,0.4,Iris-setosa,48
5.0,2.3,3.3,1.0,Iris-versicolor,49
6.4,2.7,5.3,1.9,Iris-virginica,50
5.0,3.3,1.4,0.2,Iris-setosa,51
5.0,3.2,1.2,0.2,Iris-setosa,52
5.5,2.4,3.8,1.1,Iris-versicolor,53
6.7,3.0,5.0,1.7,Iris-versicolor,54
4.9,3.1,1.5,0.1,Iris-setosa,55
5.8,2.8,5.1,2.4,Iris-virginica,56
5.0,3.4,1.5,0.2,Iris-setosa,57
5.0,3.5,1.6,0.6,Iris-setosa,58
5.9,3.2,4.8,1.8,Iris-versicolor,59
5.1,2.5,3.0,1.1,Iris-versicolor,60
6.9,3.2,5.7,2.3,Iris-virginica,61
6.0,2.7,5.1,1.6,Iris-versicolor,62
6.1,2.6,5.6,1.4,Iris-virginica,63
7.7,3.0,6.1,2.3,Iris-virginica,64
5.5,2.5,4.0,1.3,Iris-versicolor,65
4.4,2.9,1.4,0.2,Iris-setosa,66
4.3,3.0,1.1,0.1,Iris-setosa,67
6.0,2.2,5.0,1.5,Iris-virginica,68
7.2,3.2,6.0,1.8,Iris-virginica,69
4.6,3.1,1.5,0.2,Iris-setosa,70
5.1,3.5,1.4,0.3,Iris-setosa,71
4.4,3.0,1.3,0.2,Iris-setosa,72
6.3,2.5,4.9,1.5,Iris-versicolor,73
6.3,3.4,5.6,2.4,Iris-virginica,74
4.6,3.4,1.4,0.3,Iris-setosa,75
6.8,3.0,5.5,2.1,Iris-virginica,76
6.3,3.3,6.0,2.5,Iris-virginica,77
4.7,3.2,1.3,0.2,Iris-setosa,78
6.1,2.9,4.7,1.4,Iris-versicolor,79
6.5,2.8,4.6,1.5,Iris-versicolor,80
6.2,2.8,4.8,1.8,Iris-virginica,81
7.0,3.2,4.7,1.4,Iris-versicolor,82
6.4,3.2,5.3,2.3,Iris-virginica,83
5.1,3.8,1.6,0.2,Iris-setosa,84
6.9,3.1,5.4,2.1,Iris-virginica,85
5.9,3.0,4.2,1.5,Iris-versicolor,86
6.5,3.0,5.2,2.0,Iris-virginica,87
5.7,2.6,3.5,1.0,Iris-versicolor,88
5.2,2.7,3.9,1.4,Iris-versicolor,89
6.1,3.0,4.6,1.4,Iris-versicolor,90
4.5,2.3,1.3,0.3,Iris-setosa,91
6.6,2.9,4.6,1.3,Iris-versicolor,92
5.5,2.6,4.4,1.2,Iris-versicolor,93
5.3,3.7,1.5,0.2,Iris-setosa,94
5.6,3.0,4.1,1.3,Iris-versicolor,95
7.3,2.9,6.3,1.8,Iris-virginica,96
6.7,3.3,5.7,2.1,Iris-virginica,97
5.1,3.7,1.5,0.4,Iris-setosa,98
4.9,2.4,3.3,1.0,Iris-versicolor,99
6.7,3.3,5.7,2.5,Iris-virginica,100
7.2,3.0,5.8,1.6,Iris-virginica,101
4.9,3.1,1.5,0.1,Iris-setosa,102
6.7,3.1,5.6,2.4,Iris-virginica,103
4.9,3.0,1.4,0.2,Iris-setosa,104
6.9,3.1,4.9,1.5,Iris-versicolor,105
7.4,2.8,6.1,1.9,Iris-virginica,106
6.3,2.9,5.6,1.8,Iris-virginica,107
5.7,2.8,4.1,1.3,Iris-versicolor,108
6.5,3.0,5.5,1.8,Iris-virginica,109
6.3,2.3,4.4,1.3,Iris-versicolor,110
6.4,2.9,4.3,1.3,Iris-versicolor,111
5.6,2.8,4.9,2.0,Iris-virginica,112
5.9,3.0,5.1,1.8,Iris-virginica,113
5.4,3.4,1.7,0.2,Iris-setosa,114
6.1,2.8,4.0,1.3,Iris-versicolor,115
4.9,2.5,4.5,1.7,Iris-virginica,116
5.8,4.0,1.2,0.2,Iris-setosa,117
5.8,2.6,4.0,1.2,Iris-versicolor,118
7.1,3.0,5.9,2.1,Iris-virginica,119
