SepalLengthCm,SepalWidthCm,PetalLengthCm,PetalWidthCm,Species,Species_Iris-setosa,Species_Iris-versicolor,Species_Iris-virginica,orig_index
6.1,2.8,4.7,1.2,Iris-versicolor,0,1,0,0
5.7,3.8,1.7,0.3,Iris-setosa,1,0,0,1
7.7,2.6,6.9,2.3,Iris-virginica,0,0,1,2
6.0,2.9,4.5,1.5,Iris-versicolor,0,1,0,3
6.8,2.8,4.8,1.4,Iris-versicolor,0,1,0,4
5.4,3.4,1.5,0.4,Iris-setosa,1,0,0,5
5.6,2.9,3.6,1.3,Iris-versicolor,0,1,0,6
6.9,3.1,5.1,2.3,Iris-virginica,0,0,1,7
6.2,2.2,4.5,1.5,Iris-versicolor,0,1,0,8
5.8,2.7,3.9,1.2,Iris-versicolor,0,1,0,9
6.5,3.2,5.1,2.0,Iris-virginica,0,0,1,10
4.8,3.0,1.4,0.1,Iris-setosa,1,0,0,11
5.5,3.5,1.3,0.2,Iris-setosa,1,0,0,12
4.9,3.1,1.5,0.1,Iris-setosa,1,0,0,13
5.1,3.8,1.5,0.3,Iris-setosa,1,0,0,14
6.3,3.3,4.7,1.6,Iris-versicolor,0,1,0,15
6.5,3.0,5.8,2.2,Iris-virginica,0,0,1,16
5.6,2.5,3.9,1.1,Iris-versicolor,0,1,0,17
5.7,2.8,4.5,1.3,Iris-versicolor,0,1,0,18
6.4,2.8,5.6,2.2,Iris-virginica,0,0,1,19
4.7,3.2,1.6,0.2,Iris-setosa,1,0,0,20
6.1,3.0,4.9,1.8,Iris-virginica,0,0,1,21
5.0,3.4,1.6,0.4,Iris-setosa,1,0,0,22
6.4,2.8,5.6,2.1,Iris-virginica,0,0,1,23
7.9,3.8,6.4,2.0,Iris-virginica,0,0,1,24
6.7,3.0,5.2,2.3,Iris-virginica,0,0,1,25
6.7,2.5,5.8,1.8,Iris-virginica,0,0,1,26
6.8,3.2,5.9,2.3,Iris-virginica,0,0,1,27
4.8,3.0,1.4,0.3,Iris-setosa,1,0,0,28
4.8,3.1,1.6,0.2,Iris-setosa,1,0,0,29
