T_validation,T_prime_validation,T_generalization,T_prime_generalization,Setup
IRIS/IRIS_Ver_0.csv,IRIS/IRIS_Ver_4.csv,IRIS/IRIS_Ver_1.csv,IRIS/IRIS_Ver_5.csv,mixed_mixed_addition_columns
IRIS/IRIS_Ver_0.csv,IRIS/IRIS_Ver_6.csv,IRIS/IRIS_Ver_1.csv,IRIS/IRIS_Ver_7.csv,mixed_numeric_addition_columns_with_aggregations
IRIS/IRIS_Ver_0.csv,IRIS/IRIS_Ver_8.csv,IRIS/IRIS_Ver_1.csv,IRIS/IRIS_Ver_9.csv,mixed_categorial_addition_columns
IRIS/IRIS_Ver_0.csv,IRIS/IRIS_Ver_10.csv,IRIS/IRIS_Ver_1.csv,IRIS/IRIS_Ver_11.csv,only_textual_origins_mixed_addition_columns
IRIS/IRIS_Ver_0.csv,IRIS/IRIS_Ver_12.csv,IRIS/IRIS_Ver_1.csv,IRIS/IRIS_Ver_13.csv,only_textual_origins_onehot_addition_columns
IRIS/IRIS_Ver_0.csv,IRIS/IRIS_Ver_14.csv,IRIS/IRIS_Ver_1.csv,IRIS/IRIS_Ver_15.csv,only_textual_origins_labelencoding_addition_columns
IRIS/IRIS_Ver_0.csv,IRIS/IRIS_Ver_16.csv,IRIS/IRIS_Ver_1.csv,IRIS/IRIS_Ver_17.csv,only_textual_origins_frequencyencoding_addition_columns
IRIS/IRIS_Ver_18.csv,IRIS/IRIS_Ver_19.csv,IRIS/IRIS_Ver_20.csv,IRIS/IRIS_Ver_21.csv,mixed_mixed_removal_columns
IRIS/IRIS_Ver_22.csv,IRIS/IRIS_Ver_23.csv,IRIS/IRIS_Ver_24.csv,IRIS/IRIS_Ver_25.csv,limited_mixed_mixed_removal_columns
IRIS/IRIS_Ver_26.csv,IRIS/IRIS_Ver_27.csv,IRIS/IRIS_Ver_28.csv,IRIS/IRIS_Ver_29.csv,mixed_mixed_mixed_columns
IRIS/IRIS_Ver_2.csv,IRIS/IRIS_Ver_30.csv,IRIS/IRIS_Ver_3.csv,IRIS/IRIS_Ver_31.csv,mixed_mixed_removal_rows
IRIS/IRIS_Ver_2.csv,IRIS/IRIS_Ver_32.csv,IRIS/IRIS_Ver_3.csv,IRIS/IRIS_Ver_33.csv,mixed_mixed_removal_rows
IRIS/IRIS_Ver_2.csv,IRIS/IRIS_Ver_34.csv,IRIS/IRIS_Ver_3.csv,IRIS/IRIS_Ver_35.csv,mixed_mixed_removal_rows2
IRIS/IRIS_Ver_2.csv,IRIS/IRIS_Ver_36.csv,IRIS/IRIS_Ver_3.csv,IRIS/IRIS_Ver_37.csv,mixed_mixed_removal_rows3
IRIS/IRIS_Ver_2.csv,IRIS/IRIS_Ver_38.csv,IRIS/IRIS_Ver_3.csv,IRIS/IRIS_Ver_39.csv,mixed_mixed_removal_rows4
IRIS/IRIS_Ver_2.csv,IRIS/IRIS_Ver_40.csv,IRIS/IRIS_Ver_3.csv,IRIS/IRIS_Ver_41.csv,mixed_mixed_removal_rows5
IRIS/IRIS_Ver_42.csv,IRIS/IRIS_Ver_43.csv,IRIS/IRIS_Ver_44.csv,IRIS/IRIS_Ver_45.csv,mixed_mixed_removal_rows_mixed_columns
IRIS/IRIS_Ver_0.csv,IRIS/IRIS_Ver_46.csv,IRIS/IRIS_Ver_1.csv,IRIS/IRIS_Ver_47.csv,mixed_mixed_addition_rows
IRIS/IRIS_Ver_48.csv,IRIS/IRIS_Ver_49.csv,IRIS/IRIS_Ver_50.csv,IRIS/IRIS_Ver_51.csv,mixed_mixed_mixed_rows_mixed_columns
IRIS/IRIS_Ver_0.csv,IRIS/IRIS_Ver_52.csv,IRIS/IRIS_Ver_1.csv,IRIS/IRIS_Ver_53.csv,table_reshaping_group_by
IRIS/IRIS_Ver_0.csv,IRIS/IRIS_Ver_54.csv,IRIS/IRIS_Ver_1.csv,IRIS/IRIS_Ver_55.csv,table_reshaping_group_by2
IRIS/IRIS_Ver_0.csv,IRIS/IRIS_Ver_56.csv,IRIS/IRIS_Ver_1.csv,IRIS/IRIS_Ver_57.csv,table_reshaping_group_by3
