T_validation,T_prime_validation,T_generalization,T_prime_generalization,Setup
NBA/NBA_Ver_0.csv,NBA/NBA_Ver_4.csv,NBA/NBA_Ver_1.csv,NBA/NBA_Ver_5.csv,mixed_mixed_addition_columns
NBA/NBA_Ver_0.csv,NBA/NBA_Ver_6.csv,NBA/NBA_Ver_1.csv,NBA/NBA_Ver_7.csv,mixed_numeric_addition_columns
NBA/NBA_Ver_0.csv,NBA/NBA_Ver_8.csv,NBA/NBA_Ver_1.csv,NBA/NBA_Ver_9.csv,mixed_numeric_addition_columns_with_aggregations
NBA/NBA_Ver_0.csv,NBA/NBA_Ver_10.csv,NBA/NBA_Ver_1.csv,NBA/NBA_Ver_11.csv,mixed_categorial_addition_columns
NBA/NBA_Ver_0.csv,NBA/NBA_Ver_12.csv,NBA/NBA_Ver_1.csv,NBA/NBA_Ver_13.csv,only_textual_origins_mixed_addition_columns
NBA/NBA_Ver_0.csv,NBA/NBA_Ver_14.csv,NBA/NBA_Ver_1.csv,NBA/NBA_Ver_15.csv,only_textual_origins_onehot_addition_columns
NBA/NBA_Ver_0.csv,NBA/NBA_Ver_16.csv,NBA/NBA_Ver_1.csv,NBA/NBA_Ver_17.csv,only_textual_origins_labelencoding_addition_columns
NBA/NBA_Ver_0.csv,NBA/NBA_Ver_18.csv,NBA/NBA_Ver_1.csv,NBA/NBA_Ver_19.csv,only_textual_origins_frequencyencoding_addition_columns
NBA/NBA_Ver_0.csv,NBA/NBA_Ver_20.csv,NBA/NBA_Ver_1.csv,NBA/NBA_Ver_21.csv,only_textual_origins_numeric_targets_addition_columns
NBA/NBA_Ver_0.csv,NBA/NBA_Ver_22.csv,NBA/NBA_Ver_1.csv,NBA/NBA_Ver_23.csv,only_textual_origins_textual_targets_addition_columns
NBA/NBA_Ver_24.csv,NBA/NBA_Ver_25.csv,NBA/NBA_Ver_26.csv,NBA/NBA_Ver_27.csv,mixed_mixed_removal_columns
NBA/NBA_Ver_28.csv,NBA/NBA_Ver_29.csv,NBA/NBA_Ver_30.csv,NBA/NBA_Ver_31.csv,limited_mixed_mixed_removal_columns
NBA/NBA_Ver_32.csv,NBA/NBA_Ver_33.csv,NBA/NBA_Ver_34.csv,NBA/NBA_Ver_35.csv,mixed_mixed_mixed_columns
NBA/NBA_Ver_2.csv,NBA/NBA_Ver_36.csv,NBA/NBA_Ver_3.csv,NBA/NBA_Ver_37.csv,mixed_mixed_removal_rows
NBA/NBA_Ver_2.csv,NBA/NBA_Ver_38.csv,NBA/NBA_Ver_3.csv,NBA/NBA_Ver_39.csv,mixed_mixed_removal_rows
NBA/NBA_Ver_2.csv,NBA/NBA_Ver_40.csv,NBA/NBA_Ver_3.csv,NBA/NBA_Ver_41.csv,mixed_mixed_removal_rows2
NBA/NBA_Ver_2.csv,NBA/NBA_Ver_42.csv,NBA/NBA_Ver_3.csv,NBA/NBA_Ver_43.csv,mixed_mixed_removal_rows3
NBA/NBA_Ver_2.csv,NBA/NBA_Ver_44.csv,NBA/NBA_Ver_3.csv,NBA/NBA_Ver_45.csv,mixed_mixed_removal_rows4
NBA/NBA_Ver_2.csv,NBA/NBA_Ver_46.csv,NBA/NBA_Ver_3.csv,NBA/NBA_Ver_47.csv,mixed_mixed_removal_rows5
NBA/NBA_Ver_48.csv,NBA/NBA_Ver_49.csv,NBA/NBA_Ver_50.csv,NBA/NBA_Ver_51.csv,mixed_mixed_removal_rows_mixed_columns
NBA/NBA_Ver_0.csv,NBA/NBA_Ver_52.csv,NBA/NBA_Ver_1.csv,NBA/NBA_Ver_53.csv,mixed_mixed_addition_rows
NBA/NBA_Ver_0.csv,NBA/NBA_Ver_54.csv,NBA/NBA_Ver_1.csv,NBA/NBA_Ver_55.csv,mixed_mixed_addition_rows_with_SMOTENC
NBA/NBA_Ver_0.csv,NBA/NBA_Ver_56.csv,NBA/NBA_Ver_1.csv,NBA/NBA_Ver_57.csv,mixed_mixed_addition_rows_only_SMOTENC
NBA/NBA_Ver_58.csv,NBA/NBA_Ver_59.csv,NBA/NBA_Ver_60.csv,NBA/NBA_Ver_61.csv,mixed_mixed_mixed_rows_mixed_columns
NBA/NBA_Ver_0.csv,NBA/NBA_Ver_62.csv,NBA/NBA_Ver_1.csv,NBA/NBA_Ver_63.csv,table_reshaping_group_by
NBA/NBA_Ver_0.csv,NBA/NBA_Ver_64.csv,NBA/NBA_Ver_1.csv,NBA/NBA_Ver_65.csv,table_reshaping_group_by2
NBA/NBA_Ver_0.csv,NBA/NBA_Ver_66.csv,NBA/NBA_Ver_1.csv,NBA/NBA_Ver_67.csv,table_reshaping_group_by3
