Series_Title,Released_Year,Genre,Runtime,IMDB_Rating,Overview,Number_of_genres,Title_len,IMDB_Rating_power_2_plus_price,log_Rating,1_div_Rating,sqrt_Rating,exp_Rating,IMDB_Rating_norm_sum,IMDB_Rating_sub_mean,IMDB_Rating_norm_minmax,is_top_movie,Rating_on_1_to_2_scale,orig_index
Trois couleurs: Bleu,1993,"Drama, Music, Mystery",94 min,7.9,A woman struggles to find a way to live her life after the death of her husband and child.,3,20,70.31,2.066862759472976,0.12658227848101264,2.8106938645110393,0.12658227848101264,0.0049773185483870976,-0.03599999999999337,0.2500000000000004,0,0,0
Captain America: The Winter Soldier,2014,"Action, Adventure, Sci-Fi",136 min,7.7,"As Steve Rogers struggles to embrace his role in the modern world, he teams up with a fellow Avenger and S.H.I.E.L.D agent, Black Widow, to battle a new threat from history: an assassin known as the Winter Soldier.",3,35,66.99000000000001,2.0412203288596382,0.12987012987012986,2.7748873851023217,0.12987012987012986,0.004851310483870969,-0.23599999999999355,0.0833333333333337,0,0,1
Wreck-It Ralph,2012,"Animation, Adventure, Comedy",101 min,7.7,"A video game villain wants to be a hero and sets out to fulfill his dream, but his quest brings havoc to the whole arcade where he lives.",3,14,66.99000000000001,2.0412203288596382,0.12987012987012986,2.7748873851023217,0.12987012987012986,0.004851310483870969,-0.23599999999999355,0.0833333333333337,0,0,2
The Sandlot,1993,"Comedy, Drama, Family",101 min,7.8,"In the summer of 1962, a new kid in town is taken under the wing of a young baseball prodigy and his rowdy team, resulting in many adventures.",3,11,68.64,2.0541237336955462,0.12820512820512822,2.792848008753788,0.12820512820512822,0.004914314516129033,-0.1359999999999939,0.16666666666666666,0,0,3
Gandhi,1982,"Biography, Drama, History",191 min,8.0,The life of the lawyer who became the famed leader of the Indian revolts against the British rule through his philosophy of nonviolent protest.,3,6,72.0,2.0794415416798357,0.125,2.8284271247461903,0.125,0.005040322580645162,0.06400000000000627,0.3333333333333333,0,1,4
Evil Dead II,1987,"Action, Comedy, Fantasy",84 min,7.8,The lone survivor of an onslaught of flesh-possessing spirits holes up in a cabin with a group of strangers while the demons continue their attack.,3,12,68.64,2.0541237336955462,0.12820512820512822,2.792848008753788,0.12820512820512822,0.004914314516129033,-0.1359999999999939,0.16666666666666666,0,0,5
Little Miss Sunshine,2006,"Comedy, Drama",101 min,7.8,A family determined to get their young daughter into the finals of a beauty pageant take a cross-country trip in their VW bus.,2,20,68.64,2.0541237336955462,0.12820512820512822,2.792848008753788,0.12820512820512822,0.004914314516129033,-0.1359999999999939,0.16666666666666666,0,0,6
Children of Men,2006,"Adventure, Drama, Sci-Fi",109 min,7.9,"In 2027, in a chaotic world in which women have become somehow infertile, a former activist agrees to help transport a miraculously pregnant woman to a sanctuary at sea.",3,15,70.31,2.066862759472976,0.12658227848101264,2.8106938645110393,0.12658227848101264,0.0049773185483870976,-0.03599999999999337,0.2500000000000004,0,0,7
Repulsion,1965,"Drama, Horror, Thriller",105 min,7.7,A sex-repulsed woman who disapproves of her sister's boyfriend sinks into depression and has horrific visions of rape and violence.,3,9,66.99000000000001,2.0412203288596382,0.12987012987012986,2.7748873851023217,0.12987012987012986,0.004851310483870969,-0.23599999999999355,0.0833333333333337,0,0,8
Drishyam,2015,"Crime, Drama, Mystery",163 min,8.2,"Desperate measures are taken by a man who tries to save his family from the dark side of the law, after they commit an unexpected crime.",3,8,75.44,2.1041341542702074,0.12195121951219513,2.8635642126552705,0.12195121951219513,0.00516633064516129,0.26400000000000556,0.4999999999999993,0,1,9
Primal Fear,1996,"Crime, Drama, Mystery",129 min,7.7,"An altar boy is accused of murdering a priest, and the truth is buried several layers deep.",3,11,66.99000000000001,2.0412203288596382,0.12987012987012986,2.7748873851023217,0.12987012987012986,0.004851310483870969,-0.23599999999999355,0.0833333333333337,0,0,10
Anand,1971,"Drama, Musical",122 min,8.4,"The story of a terminally ill man who wishes to live life to the fullest before the inevitable occurs, as told by his best friend.",2,5,78.96000000000001,2.128231705849268,0.11904761904761904,2.898275349237888,0.11904761904761904,0.00529233870967742,0.46400000000000663,0.6666666666666666,0,1,11
Ondskan,2003,Drama,113 min,7.8,"A teenage boy expelled from school for fighting arrives at a boarding school where the systematic bullying of younger students is encouraged as a means to maintain discipline, and decides to fight back.",1,7,68.64,2.0541237336955462,0.12820512820512822,2.792848008753788,0.12820512820512822,0.004914314516129033,-0.1359999999999939,0.16666666666666666,0,0,12
Home Alone,1990,"Comedy, Family",103 min,7.6,An eight-year-old troublemaker must protect his house from a pair of burglars when he is accidentally left home alone by his family during Christmas vacation.,2,10,65.36,2.028148247292285,0.13157894736842105,2.756809750418044,0.13157894736842105,0.004788306451612903,-0.3359999999999941,0.0,0,0,13
21 Grams,2003,"Crime, Drama, Thriller",124 min,7.6,"A freak accident brings together a critically ill mathematician, a grieving mother, and a born-again ex-con.",3,8,65.36,2.028148247292285,0.13157894736842105,2.756809750418044,0.13157894736842105,0.004788306451612903,-0.3359999999999941,0.0,0,0,14
El cuerpo,2012,"Mystery, Thriller",112 min,7.6,A detective searches for the body of a femme fatale which has gone missing from a morgue.,2,9,65.36,2.028148247292285,0.13157894736842105,2.756809750418044,0.13157894736842105,0.004788306451612903,-0.3359999999999941,0.0,0,0,15
Network,1976,Drama,121 min,8.1,A television network cynically exploits a deranged former anchor's ravings and revelations about the news media for its own profit.,1,7,73.71,2.0918640616783932,0.1234567901234568,2.8460498941515415,0.1234567901234568,0.0051033266129032265,0.16400000000000592,0.4166666666666663,0,1,16
Gifted,2017,Drama,101 min,7.6,"Frank, a single man raising his child prodigy niece Mary, is drawn into a custody battle with his mother.",1,6,65.36,2.028148247292285,0.13157894736842105,2.756809750418044,0.13157894736842105,0.004788306451612903,-0.3359999999999941,0.0,0,0,17
Toki o kakeru shôjo,2006,"Animation, Adventure, Comedy",98 min,7.7,"A high-school girl named Makoto acquires the power to travel back in time, and decides to use it for her own personal benefits. Little does she know that she is affecting the lives of others just as much as she is her own.",3,19,66.99000000000001,2.0412203288596382,0.12987012987012986,2.7748873851023217,0.12987012987012986,0.004851310483870969,-0.23599999999999355,0.0833333333333337,0,0,18
Sunrise: A Song of Two Humans,1927,"Drama, Romance",94 min,8.1,An allegorical tale about a man fighting the good and evil within him. Both sides are made flesh - one a sophisticated woman he is attracted to and the other his wife.,2,29,73.71,2.0918640616783932,0.1234567901234568,2.8460498941515415,0.1234567901234568,0.0051033266129032265,0.16400000000000592,0.4166666666666663,0,1,19
Spartacus,1960,"Adventure, Biography, Drama",197 min,7.9,The slave Spartacus leads a violent revolt against the decadent Roman Republic.,3,9,70.31,2.066862759472976,0.12658227848101264,2.8106938645110393,0.12658227848101264,0.0049773185483870976,-0.03599999999999337,0.2500000000000004,0,0,20
Stalker,1979,"Drama, Sci-Fi",162 min,8.2,A guide leads two men through an area known as the Zone to find a room that grants wishes.,2,7,75.44,2.1041341542702074,0.12195121951219513,2.8635642126552705,0.12195121951219513,0.00516633064516129,0.26400000000000556,0.4999999999999993,0,1,21
Bom Yeoareum Gaeul Gyeoul Geurigo Bom,2003,"Drama, Romance",103 min,8.0,A boy is raised by a Buddhist monk in an isolated floating temple where the years pass like the seasons.,2,37,72.0,2.0794415416798357,0.125,2.8284271247461903,0.125,0.005040322580645162,0.06400000000000627,0.3333333333333333,0,1,22
The Untouchables,1987,"Crime, Drama, Thriller",119 min,7.9,"During the era of Prohibition in the United States, Federal Agent Eliot Ness sets out to stop ruthless Chicago gangster Al Capone and, because of rampant corruption, assembles a small, hand-picked team to help him.",3,16,70.31,2.066862759472976,0.12658227848101264,2.8106938645110393,0.12658227848101264,0.0049773185483870976,-0.03599999999999337,0.2500000000000004,0,0,23
Gone Girl,2014,"Drama, Mystery, Thriller",149 min,8.1,"With his wife's disappearance having become the focus of an intense media circus, a man sees the spotlight turned on him when it's suspected that he may not be innocent.",3,9,73.71,2.0918640616783932,0.1234567901234568,2.8460498941515415,0.1234567901234568,0.0051033266129032265,0.16400000000000592,0.4166666666666663,0,1,24
Hotel Rwanda,2004,"Biography, Drama, History",121 min,8.1,"Paul Rusesabagina, a hotel manager, houses over a thousand Tutsi refugees during their struggle against the Hutu militia in Rwanda, Africa.",3,12,73.71,2.0918640616783932,0.1234567901234568,2.8460498941515415,0.1234567901234568,0.0051033266129032265,0.16400000000000592,0.4166666666666663,0,1,25
Toy Story,1995,"Animation, Adventure, Comedy",81 min,8.3,A cowboy doll is profoundly threatened and jealous when a new spaceman figure supplants him as top toy in a boy's room.,3,9,77.19000000000001,2.1162555148025524,0.12048192771084336,2.8809720581775866,0.12048192771084336,0.005229334677419356,0.364000000000007,0.5833333333333337,0,1,26
Watership Down,1978,"Animation, Adventure, Drama",91 min,7.6,"Hoping to escape destruction by human developers and save their community, a colony of rabbits, led by Hazel and Fiver, seek out a safe place to set up a new warren.",3,14,65.36,2.028148247292285,0.13157894736842105,2.756809750418044,0.13157894736842105,0.004788306451612903,-0.3359999999999941,0.0,0,0,27
Kari-gurashi no Arietti,2010,"Animation, Adventure, Family",94 min,7.6,"The Clock family are four-inch-tall people who live anonymously in another family's residence, borrowing simple items to make their home. Life changes for the Clocks when their teenage daughter, Arrietty, is discovered.",3,23,65.36,2.028148247292285,0.13157894736842105,2.756809750418044,0.13157894736842105,0.004788306451612903,-0.3359999999999941,0.0,0,0,28
Harry Potter and the Sorcerer's Stone,2001,"Adventure, Family, Fantasy",152 min,7.6,"An orphaned boy enrolls in a school of wizardry, where he learns the truth about himself, his family and the terrible evil that haunts the magical world.",3,37,65.36,2.028148247292285,0.13157894736842105,2.756809750418044,0.13157894736842105,0.004788306451612903,-0.3359999999999941,0.0,0,0,29
The King's Speech,2010,"Biography, Drama, History",118 min,8.0,"The story of King George VI, his impromptu ascension to the throne of the British Empire in 1936, and the speech therapist who helped the unsure monarch overcome his stammer.",3,17,72.0,2.0794415416798357,0.125,2.8284271247461903,0.125,0.005040322580645162,0.06400000000000627,0.3333333333333333,0,1,30
Bhaag Milkha Bhaag,2013,"Biography, Drama, Sport",186 min,8.2,The truth behind the ascension of Milkha Singh who was scarred because of the India-Pakistan partition.,3,18,75.44,2.1041341542702074,0.12195121951219513,2.8635642126552705,0.12195121951219513,0.00516633064516129,0.26400000000000556,0.4999999999999993,0,1,31
Drive,2011,"Crime, Drama",100 min,7.8,A mysterious Hollywood stuntman and mechanic moonlights as a getaway driver and finds himself in trouble when he helps out his neighbor.,2,5,68.64,2.0541237336955462,0.12820512820512822,2.792848008753788,0.12820512820512822,0.004914314516129033,-0.1359999999999939,0.16666666666666666,0,0,32
Fantastic Mr. Fox,2009,"Animation, Adventure, Comedy",87 min,7.9,An urbane fox cannot resist returning to his farm raiding ways and then must help his community survive the farmers' retaliation.,3,17,70.31,2.066862759472976,0.12658227848101264,2.8106938645110393,0.12658227848101264,0.0049773185483870976,-0.03599999999999337,0.2500000000000004,0,0,33
Vozvrashchenie,2003,Drama,110 min,8.0,"In the Russian wilderness, two brothers face a range of new, conflicting emotions when their father - a man they know only through a single photograph - resurfaces.",1,14,72.0,2.0794415416798357,0.125,2.8284271247461903,0.125,0.005040322580645162,0.06400000000000627,0.3333333333333333,0,1,34
Contratiempo,2016,"Crime, Drama, Mystery",106 min,8.1,A successful entrepreneur accused of murder and a witness preparation expert have less than three hours to come up with an impregnable defense.,3,12,73.71,2.0918640616783932,0.1234567901234568,2.8460498941515415,0.1234567901234568,0.0051033266129032265,0.16400000000000592,0.4166666666666663,0,1,35
The King of Comedy,1982,"Comedy, Crime, Drama",109 min,7.8,"Rupert Pupkin is a passionate yet unsuccessful comic who craves nothing more than to be in the spotlight and to achieve this, he stalks and kidnaps his idol to take the spotlight for himself.",3,18,68.64,2.0541237336955462,0.12820512820512822,2.792848008753788,0.12820512820512822,0.004914314516129033,-0.1359999999999939,0.16666666666666666,0,0,36
The Hateful Eight,2015,"Crime, Drama, Mystery",168 min,7.8,"In the dead of a Wyoming winter, a bounty hunter and his prisoner find shelter in a cabin currently inhabited by a collection of nefarious characters.",3,17,68.64,2.0541237336955462,0.12820512820512822,2.792848008753788,0.12820512820512822,0.004914314516129033,-0.1359999999999939,0.16666666666666666,0,0,37
End of Watch,2012,"Action, Crime, Drama",109 min,7.6,"Shot documentary-style, this film follows the daily grind of two young police officers in LA who are partners and friends, and what happens when they meet criminal forces greater than themselves.",3,12,65.36,2.028148247292285,0.13157894736842105,2.756809750418044,0.13157894736842105,0.004788306451612903,-0.3359999999999941,0.0,0,0,38
Avengers: Endgame,2019,"Action, Adventure, Drama",181 min,8.4,"After the devastating events of Avengers: Infinity War (2018), the universe is in ruins. With the help of remaining allies, the Avengers assemble once more in order to reverse Thanos' actions and restore balance to the universe.",3,17,78.96000000000001,2.128231705849268,0.11904761904761904,2.898275349237888,0.11904761904761904,0.00529233870967742,0.46400000000000663,0.6666666666666666,0,1,39
Lion,2016,"Biography, Drama",118 min,8.0,"A five-year-old Indian boy is adopted by an Australian couple after getting lost hundreds of kilometers from home. 25 years later, he sets out to find his lost family.",2,4,72.0,2.0794415416798357,0.125,2.8284271247461903,0.125,0.005040322580645162,0.06400000000000627,0.3333333333333333,0,1,40
Snatch,2000,"Comedy, Crime",104 min,8.3,"Unscrupulous boxing promoters, violent bookmakers, a Russian gangster, incompetent amateur robbers and supposedly Jewish jewelers fight to track down a priceless stolen diamond.",2,6,77.19000000000001,2.1162555148025524,0.12048192771084336,2.8809720581775866,0.12048192771084336,0.005229334677419356,0.364000000000007,0.5833333333333337,0,1,41
Rebecca,1940,"Drama, Mystery, Romance",130 min,8.1,A self-conscious woman juggles adjusting to her new role as an aristocrat's wife and avoiding being intimidated by his first wife's spectral presence.,3,7,73.71,2.0918640616783932,0.1234567901234568,2.8460498941515415,0.1234567901234568,0.0051033266129032265,0.16400000000000592,0.4166666666666663,0,1,42
The Godfather: Part III,1990,"Crime, Drama",162 min,7.6,"Follows Michael Corleone, now in his 60s, as he seeks to free his family from crime and find a suitable successor to his empire.",2,23,65.36,2.028148247292285,0.13157894736842105,2.756809750418044,0.13157894736842105,0.004788306451612903,-0.3359999999999941,0.0,0,0,43
Les quatre cents coups,1959,"Crime, Drama",99 min,8.1,"A young boy, left without attention, delves into a life of petty crime.",2,22,73.71,2.0918640616783932,0.1234567901234568,2.8460498941515415,0.1234567901234568,0.0051033266129032265,0.16400000000000592,0.4166666666666663,0,1,44
Life of Brian,1979,Comedy,94 min,8.1,"Born on the original Christmas in the stable next door to Jesus Christ, Brian of Nazareth spends his life being mistaken for a messiah.",1,13,73.71,2.0918640616783932,0.1234567901234568,2.8460498941515415,0.1234567901234568,0.0051033266129032265,0.16400000000000592,0.4166666666666663,0,1,45
Huo Yuan Jia,2006,"Action, Biography, Drama",104 min,7.6,"A biography of Chinese Martial Arts Master Huo Yuanjia, who is the founder and spiritual guru of the Jin Wu Sports Federation.",3,12,65.36,2.028148247292285,0.13157894736842105,2.756809750418044,0.13157894736842105,0.004788306451612903,-0.3359999999999941,0.0,0,0,46
Kokuhaku,2010,"Drama, Thriller",106 min,7.8,A psychological thriller of a grieving mother turned cold-blooded avenger with a twisty master plan to pay back those who were responsible for her daughter's death.,2,8,68.64,2.0541237336955462,0.12820512820512822,2.792848008753788,0.12820512820512822,0.004914314516129033,-0.1359999999999939,0.16666666666666666,0,0,47
Cat on a Hot Tin Roof,1958,Drama,108 min,8.0,Brick is an alcoholic ex-football player who drinks his days away and resists the affections of his wife. A reunion with his terminal father jogs a host of memories and revelations for both father and son.,1,21,72.0,2.0794415416798357,0.125,2.8284271247461903,0.125,0.005040322580645162,0.06400000000000627,0.3333333333333333,0,1,48
Zelig,1983,Comedy,79 min,7.7,"""Documentary"" about a man who can look and act like whoever he's around, and meets various famous people.",1,5,66.99000000000001,2.0412203288596382,0.12987012987012986,2.7748873851023217,0.12987012987012986,0.004851310483870969,-0.23599999999999355,0.0833333333333337,0,0,49
Raazi,2018,"Action, Drama, Thriller",138 min,7.8,A Kashmiri woman agrees to marry a Pakistani army officer in order to spy on Pakistan during the Indo-Pakistan War of 1971.,3,5,68.64,2.0541237336955462,0.12820512820512822,2.792848008753788,0.12820512820512822,0.004914314516129033,-0.1359999999999939,0.16666666666666666,0,0,50
Once Upon a Time... in Hollywood,2019,"Comedy, Drama",161 min,7.6,A faded television actor and his stunt double strive to achieve fame and success in the final years of Hollywood's Golden Age in 1969 Los Angeles.,2,32,65.36,2.028148247292285,0.13157894736842105,2.756809750418044,0.13157894736842105,0.004788306451612903,-0.3359999999999941,0.0,0,0,51
Chung Hing sam lam,1994,"Comedy, Crime, Drama",102 min,8.1,"Two melancholy Hong Kong policemen fall in love: one with a mysterious female underworld figure, the other with a beautiful and ethereal server at a late-night restaurant he frequents.",3,18,73.71,2.0918640616783932,0.1234567901234568,2.8460498941515415,0.1234567901234568,0.0051033266129032265,0.16400000000000592,0.4166666666666663,0,1,52
Kubo and the Two Strings,2016,"Animation, Action, Adventure",101 min,7.8,A young boy named Kubo must locate a magical suit of armour worn by his late father in order to defeat a vengeful spirit from the past.,3,24,68.64,2.0541237336955462,0.12820512820512822,2.792848008753788,0.12820512820512822,0.004914314516129033,-0.1359999999999939,0.16666666666666666,0,0,53
Sen to Chihiro no kamikakushi,2001,"Animation, Adventure, Family",125 min,8.6,"During her family's move to the suburbs, a sullen 10-year-old girl wanders into a world ruled by gods, witches, and spirits, and where humans are changed into beasts.",3,29,82.55999999999999,2.151762203259462,0.11627906976744186,2.932575659723036,0.11627906976744186,0.005418346774193549,0.6640000000000059,0.8333333333333326,0,1,54
Seppuku,1962,"Action, Drama, Mystery",133 min,8.6,"When a ronin requesting seppuku at a feudal lord's palace is told of the brutal suicide of another ronin who previously visited, he reveals how their pasts are intertwined - and in doing so challenges the clan's integrity.",3,7,82.55999999999999,2.151762203259462,0.11627906976744186,2.932575659723036,0.11627906976744186,0.005418346774193549,0.6640000000000059,0.8333333333333326,0,1,55
Once,2007,"Drama, Music, Romance",86 min,7.8,"A modern-day musical about a busker and an immigrant and their eventful week in Dublin, as they write, rehearse and record songs that tell their love story.",3,4,68.64,2.0541237336955462,0.12820512820512822,2.792848008753788,0.12820512820512822,0.004914314516129033,-0.1359999999999939,0.16666666666666666,0,0,56
The Lord of the Rings: The Fellowship of the Ring,2001,"Action, Adventure, Drama",178 min,8.8,A meek Hobbit from the Shire and eight companions set out on a journey to destroy the powerful One Ring and save Middle-earth from the Dark Lord Sauron.,3,49,86.24000000000001,2.174751721484161,0.11363636363636363,2.9664793948382653,0.11363636363636363,0.005544354838709679,0.864000000000007,1.0,0,1,57
Zindagi Na Milegi Dobara,2011,"Comedy, Drama",155 min,8.1,Three friends decide to turn their fantasy vacation into reality after one of their friends gets engaged.,2,24,73.71,2.0918640616783932,0.1234567901234568,2.8460498941515415,0.1234567901234568,0.0051033266129032265,0.16400000000000592,0.4166666666666663,0,1,58
Malcolm X,1992,"Biography, Drama, History",202 min,7.7,"Biographical epic of the controversial and influential Black Nationalist leader, from his early life and career as a small-time gangster, to his ministry as a member of the Nation of Islam.",3,9,66.99000000000001,2.0412203288596382,0.12987012987012986,2.7748873851023217,0.12987012987012986,0.004851310483870969,-0.23599999999999355,0.0833333333333337,0,0,59
Ivanovo detstvo,1962,"Drama, War",95 min,8.1,"In WW2, twelve year old Soviet orphan Ivan Bondarev works for the Soviet army as a scout behind the German lines and strikes a friendship with three sympathetic Soviet officers.",2,15,73.71,2.0918640616783932,0.1234567901234568,2.8460498941515415,0.1234567901234568,0.0051033266129032265,0.16400000000000592,0.4166666666666663,0,1,60
Ayla: The Daughter of War,2017,"Biography, Drama, History",125 min,8.4,"In 1950, amid-st the ravages of the Korean War, Sergeant Süleyman stumbles upon a half-frozen little girl, with no parents and no help in sight. Frantic, scared and on the verge of death, ...                See full summary »",3,25,78.96000000000001,2.128231705849268,0.11904761904761904,2.898275349237888,0.11904761904761904,0.00529233870967742,0.46400000000000663,0.6666666666666666,0,1,61
Patton,1970,"Biography, Drama, War",172 min,7.9,The World War II phase of the career of controversial American general George S. Patton.,3,6,70.31,2.066862759472976,0.12658227848101264,2.8106938645110393,0.12658227848101264,0.0049773185483870976,-0.03599999999999337,0.2500000000000004,0,0,62
The Grand Budapest Hotel,2014,"Adventure, Comedy, Crime",99 min,8.1,"A writer encounters the owner of an aging high-class hotel, who tells him of his early years serving as a lobby boy in the hotel's glorious years under an exceptional concierge.",3,24,73.71,2.0918640616783932,0.1234567901234568,2.8460498941515415,0.1234567901234568,0.0051033266129032265,0.16400000000000592,0.4166666666666663,0,1,63
Captain Phillips,2013,"Adventure, Biography, Crime",134 min,7.8,"The true story of Captain Richard Phillips and the 2009 hijacking by Somali pirates of the U.S.-flagged MV Maersk Alabama, the first American cargo ship to be hijacked in two hundred years.",3,16,68.64,2.0541237336955462,0.12820512820512822,2.792848008753788,0.12820512820512822,0.004914314516129033,-0.1359999999999939,0.16666666666666666,0,0,64
The Man Who Would Be King,1975,"Adventure, History, War",129 min,7.8,"Two British former soldiers decide to set themselves up as Kings in Kafiristan, a land where no white man has set foot since Alexander the Great.",3,25,68.64,2.0541237336955462,0.12820512820512822,2.792848008753788,0.12820512820512822,0.004914314516129033,-0.1359999999999939,0.16666666666666666,0,0,65
Naked,1993,"Comedy, Drama",132 min,7.8,"Parallel tales of two sexually obsessed men, one hurting and annoying women physically and mentally, one wandering around the city talking to strangers and experiencing dimensions of life.",2,5,68.64,2.0541237336955462,0.12820512820512822,2.792848008753788,0.12820512820512822,0.004914314516129033,-0.1359999999999939,0.16666666666666666,0,0,66
Les yeux sans visage,1960,"Drama, Horror",90 min,7.7,"A surgeon causes an accident which leaves his daughter disfigured, and goes to extremes to give her a new face.",2,20,66.99000000000001,2.0412203288596382,0.12987012987012986,2.7748873851023217,0.12987012987012986,0.004851310483870969,-0.23599999999999355,0.0833333333333337,0,0,67
Mononoke-hime,1997,"Animation, Action, Adventure",134 min,8.4,"On a journey to find the cure for a Tatarigami's curse, Ashitaka finds himself in the middle of a war between the forest gods and Tatara, a mining colony. In this quest he also meets San, the Mononoke Hime.",3,13,78.96000000000001,2.128231705849268,0.11904761904761904,2.898275349237888,0.11904761904761904,0.00529233870967742,0.46400000000000663,0.6666666666666666,0,1,68
The Wild Bunch,1969,"Action, Adventure, Western",145 min,7.9,"An aging group of outlaws look for one last big score as the ""traditional"" American West is disappearing around them.",3,14,70.31,2.066862759472976,0.12658227848101264,2.8106938645110393,0.12658227848101264,0.0049773185483870976,-0.03599999999999337,0.2500000000000004,0,0,69
Amadeus,1984,"Biography, Drama, History",160 min,8.3,"The life, success and troubles of Wolfgang Amadeus Mozart, as told by Antonio Salieri, the contemporaneous composer who was insanely jealous of Mozart's talent and claimed to have murdered him.",3,7,77.19000000000001,2.1162555148025524,0.12048192771084336,2.8809720581775866,0.12048192771084336,0.005229334677419356,0.364000000000007,0.5833333333333337,0,1,70
Star Trek,2009,"Action, Adventure, Sci-Fi",127 min,7.9,The brash James T. Kirk tries to live up to his father's legacy with Mr. Spock keeping him in check as a vengeful Romulan from the future creates black holes to destroy the Federation one planet at a time.,3,9,70.31,2.066862759472976,0.12658227848101264,2.8106938645110393,0.12658227848101264,0.0049773185483870976,-0.03599999999999337,0.2500000000000004,0,0,71
The Lunchbox,2013,"Drama, Romance",104 min,7.8,A mistaken delivery in Mumbai's famously efficient lunchbox delivery system connects a young housewife to an older man in the dusk of his life as they build a fantasy world together through notes in the lunchbox.,2,12,68.64,2.0541237336955462,0.12820512820512822,2.792848008753788,0.12820512820512822,0.004914314516129033,-0.1359999999999939,0.16666666666666666,0,0,72
Le Petit Prince,2015,"Animation, Adventure, Drama",108 min,7.7,"A little girl lives in a very grown-up world with her mother, who tries to prepare her for it. Her neighbor, the Aviator, introduces the girl to an extraordinary world where anything is possible, the world of the Little Prince.",3,15,66.99000000000001,2.0412203288596382,0.12987012987012986,2.7748873851023217,0.12987012987012986,0.004851310483870969,-0.23599999999999355,0.0833333333333337,0,0,73
El ángel exterminador,1962,"Drama, Fantasy",95 min,8.1,The guests at an upper-class dinner party find themselves unable to leave.,2,21,73.71,2.0918640616783932,0.1234567901234568,2.8460498941515415,0.1234567901234568,0.0051033266129032265,0.16400000000000592,0.4166666666666663,0,1,74
Persona,1966,"Drama, Thriller",85 min,8.1,A nurse is put in charge of a mute actress and finds that their personae are melding together.,2,7,73.71,2.0918640616783932,0.1234567901234568,2.8460498941515415,0.1234567901234568,0.0051033266129032265,0.16400000000000592,0.4166666666666663,0,1,75
Titanic,1997,"Drama, Romance",194 min,7.8,"A seventeen-year-old aristocrat falls in love with a kind but poor artist aboard the luxurious, ill-fated R.M.S. Titanic.",2,7,68.64,2.0541237336955462,0.12820512820512822,2.792848008753788,0.12820512820512822,0.004914314516129033,-0.1359999999999939,0.16666666666666666,0,0,76
Gladiator,2000,"Action, Adventure, Drama",155 min,8.5,A former Roman General sets out to exact vengeance against the corrupt emperor who murdered his family and sent him into slavery.,3,9,80.75,2.1400661634962708,0.11764705882352941,2.9154759474226504,0.11764705882352941,0.005355342741935484,0.5640000000000063,0.7499999999999997,0,1,77
La grande bellezza,2013,Drama,141 min,7.8,"Jep Gambardella has seduced his way through the lavish nightlife of Rome for decades, but after his 65th birthday and a shock from the past, Jep looks past the nightclubs and parties to find a timeless landscape of absurd, exquisite beauty.",1,18,68.64,2.0541237336955462,0.12820512820512822,2.792848008753788,0.12820512820512822,0.004914314516129033,-0.1359999999999939,0.16666666666666666,0,0,78
Ace in the Hole,1951,"Drama, Film-Noir",111 min,8.1,"A frustrated former big-city journalist now stuck working for an Albuquerque newspaper exploits a story about a man trapped in a cave to rekindle his career, but the situation quickly escalates into an out-of-control circus.",2,15,73.71,2.0918640616783932,0.1234567901234568,2.8460498941515415,0.1234567901234568,0.0051033266129032265,0.16400000000000592,0.4166666666666663,0,1,79
Ferris Bueller's Day Off,1986,Comedy,103 min,7.8,"A high school wise guy is determined to have a day off from school, despite what the Principal thinks of that.",1,24,68.64,2.0541237336955462,0.12820512820512822,2.792848008753788,0.12820512820512822,0.004914314516129033,-0.1359999999999939,0.16666666666666666,0,0,80
WALL·E,2008,"Animation, Adventure, Family",98 min,8.4,"In the distant future, a small waste-collecting robot inadvertently embarks on a space journey that will ultimately decide the fate of mankind.",3,6,78.96000000000001,2.128231705849268,0.11904761904761904,2.898275349237888,0.11904761904761904,0.00529233870967742,0.46400000000000663,0.6666666666666666,0,1,81
Blade Runner,1982,"Action, Sci-Fi, Thriller",117 min,8.1,"A blade runner must pursue and terminate four replicants who stole a ship in space, and have returned to Earth to find their creator.",3,12,73.71,2.0918640616783932,0.1234567901234568,2.8460498941515415,0.1234567901234568,0.0051033266129032265,0.16400000000000592,0.4166666666666663,0,1,82
The Lives of Others,2006,"Drama, Mystery, Thriller",137 min,8.4,"In 1984 East Berlin, an agent of the secret police, conducting surveillance on a writer and his lover, finds himself becoming increasingly absorbed by their lives.",3,19,78.96000000000001,2.128231705849268,0.11904761904761904,2.898275349237888,0.11904761904761904,0.00529233870967742,0.46400000000000663,0.6666666666666666,0,1,83
The Circus,1928,"Comedy, Romance",72 min,8.1,The Tramp finds work and the girl of his dreams at a circus.,2,10,73.71,2.0918640616783932,0.1234567901234568,2.8460498941515415,0.1234567901234568,0.0051033266129032265,0.16400000000000592,0.4166666666666663,0,1,84
The Manchurian Candidate,1962,"Drama, Thriller",126 min,7.9,A former prisoner of war is brainwashed as an unwitting assassin for an international Communist conspiracy.,2,24,70.31,2.066862759472976,0.12658227848101264,2.8106938645110393,0.12658227848101264,0.0049773185483870976,-0.03599999999999337,0.2500000000000004,0,0,85
Lifeboat,1944,"Drama, War",97 min,7.6,Several survivors of a torpedoed merchant ship in World War II find themselves in the same lifeboat with one of the crew members of the U-boat that sank their ship.,2,8,65.36,2.028148247292285,0.13157894736842105,2.756809750418044,0.13157894736842105,0.004788306451612903,-0.3359999999999941,0.0,0,0,86
The Lady Vanishes,1938,"Mystery, Thriller",96 min,7.8,"While travelling in continental Europe, a rich young playgirl realizes that an elderly lady seems to have disappeared from the train.",2,17,68.64,2.0541237336955462,0.12820512820512822,2.792848008753788,0.12820512820512822,0.004914314516129033,-0.1359999999999939,0.16666666666666666,0,0,87
Argo,2012,"Biography, Drama, Thriller",120 min,7.7,"Acting under the cover of a Hollywood producer scouting a location for a science fiction film, a CIA agent launches a dangerous operation to rescue six Americans in Tehran during the U.S. hostage crisis in Iran in 1979.",3,4,66.99000000000001,2.0412203288596382,0.12987012987012986,2.7748873851023217,0.12987012987012986,0.004851310483870969,-0.23599999999999355,0.0833333333333337,0,0,88
La La Land,2016,"Comedy, Drama, Music",128 min,8.0,"While navigating their careers in Los Angeles, a pianist and an actress fall in love while attempting to reconcile their aspirations for the future.",3,10,72.0,2.0794415416798357,0.125,2.8284271247461903,0.125,0.005040322580645162,0.06400000000000627,0.3333333333333333,0,1,89
Donnie Darko,2001,"Drama, Mystery, Sci-Fi",113 min,8.0,"After narrowly escaping a bizarre accident, a troubled teenager is plagued by visions of a man in a large rabbit suit who manipulates him to commit a series of crimes.",3,12,72.0,2.0794415416798357,0.125,2.8284271247461903,0.125,0.005040322580645162,0.06400000000000627,0.3333333333333333,0,1,90
Out of the Past,1947,"Crime, Drama, Film-Noir",97 min,8.0,"A private eye escapes his past to run a gas station in a small town, but his past catches up with him. Now he must return to the big city world of danger, corruption, double crosses and duplicitous dames.",3,15,72.0,2.0794415416798357,0.125,2.8284271247461903,0.125,0.005040322580645162,0.06400000000000627,0.3333333333333333,0,1,91
Jûbê ninpûchô,1993,"Animation, Action, Adventure",94 min,7.9,A vagabond swordsman is aided by a beautiful ninja girl and a crafty spy in confronting a demonic clan of killers - with a ghost from his past as their leader - who are bent on overthrowing the Tokugawa Shogunate.,3,13,70.31,2.066862759472976,0.12658227848101264,2.8106938645110393,0.12658227848101264,0.0049773185483870976,-0.03599999999999337,0.2500000000000004,0,0,92
Spotlight,2015,"Biography, Crime, Drama",129 min,8.1,"The true story of how the Boston Globe uncovered the massive scandal of child molestation and cover-up within the local Catholic Archdiocese, shaking the entire Catholic Church to its core.",3,9,73.71,2.0918640616783932,0.1234567901234568,2.8460498941515415,0.1234567901234568,0.0051033266129032265,0.16400000000000592,0.4166666666666663,0,1,93
In America,2002,Drama,105 min,7.7,A family of Irish immigrants adjust to life on the mean streets of Hell's Kitchen while also grieving the death of a child.,1,10,66.99000000000001,2.0412203288596382,0.12987012987012986,2.7748873851023217,0.12987012987012986,0.004851310483870969,-0.23599999999999355,0.0833333333333337,0,0,94
Rio Bravo,1959,"Action, Drama, Western",141 min,8.0,"A small-town sheriff in the American West enlists the help of a cripple, a drunk, and a young gunfighter in his efforts to hold in jail the brother of the local bad guy.",3,9,72.0,2.0794415416798357,0.125,2.8284271247461903,0.125,0.005040322580645162,0.06400000000000627,0.3333333333333333,0,1,95
Ex Machina,2014,"Drama, Sci-Fi, Thriller",108 min,7.7,A young programmer is selected to participate in a ground-breaking experiment in synthetic intelligence by evaluating the human qualities of a highly advanced humanoid A.I.,3,10,66.99000000000001,2.0412203288596382,0.12987012987012986,2.7748873851023217,0.12987012987012986,0.004851310483870969,-0.23599999999999355,0.0833333333333337,0,0,96
Jagten,2012,Drama,115 min,8.3,"A teacher lives a lonely life, all the while struggling over his son's custody. His life slowly gets better as he finds love and receives good news from his son, but his new luck is about to be brutally shattered by an innocent little lie.",1,6,77.19000000000001,2.1162555148025524,0.12048192771084336,2.8809720581775866,0.12048192771084336,0.005229334677419356,0.364000000000007,0.5833333333333337,0,1,97
The Dark Knight Rises,2012,"Action, Adventure",164 min,8.4,"Eight years after the Joker's reign of anarchy, Batman, with the help of the enigmatic Catwoman, is forced from his exile to save Gotham City from the brutal guerrilla terrorist Bane.",2,21,78.96000000000001,2.128231705849268,0.11904761904761904,2.898275349237888,0.11904761904761904,0.00529233870967742,0.46400000000000663,0.6666666666666666,0,1,98
Barton Fink,1991,"Comedy, Drama, Thriller",116 min,7.7,A renowned New York playwright is enticed to California to write for the movies and discovers the hellish truth of Hollywood.,3,11,66.99000000000001,2.0412203288596382,0.12987012987012986,2.7748873851023217,0.12987012987012986,0.004851310483870969,-0.23599999999999355,0.0833333333333337,0,0,99
Bride of Frankenstein,1935,"Drama, Horror, Sci-Fi",75 min,7.8,"Mary Shelley reveals the main characters of her novel survived: Dr. Frankenstein, goaded by an even madder scientist, builds his monster a mate.",3,21,68.64,2.0541237336955462,0.12820512820512822,2.792848008753788,0.12820512820512822,0.004914314516129033,-0.1359999999999939,0.16666666666666666,0,0,100
Yip Man,2008,"Action, Biography, Drama",106 min,8.0,"During the Japanese invasion of China, a wealthy martial artist is forced to leave his home when his city is occupied. With little means of providing for themselves, Ip Man and the remaining members of the city must find a way to survive.",3,7,72.0,2.0794415416798357,0.125,2.8284271247461903,0.125,0.005040322580645162,0.06400000000000627,0.3333333333333333,0,1,101
Un long dimanche de fiançailles,2004,"Drama, Mystery, Romance",133 min,7.6,"Tells the story of a young woman's relentless search for her fiancé, who has disappeared from the trenches of the Somme during World War One.",3,31,65.36,2.028148247292285,0.13157894736842105,2.756809750418044,0.13157894736842105,0.004788306451612903,-0.3359999999999941,0.0,0,0,102
Underground,1995,"Comedy, Drama, War",170 min,8.1,"A group of Serbian socialists prepares for the war in a surreal underground filled by parties, tragedies, love and hate.",3,11,73.71,2.0918640616783932,0.1234567901234568,2.8460498941515415,0.1234567901234568,0.0051033266129032265,0.16400000000000592,0.4166666666666663,0,1,103
Walk the Line,2005,"Biography, Drama, Music",136 min,7.8,"A chronicle of country music legend Johnny Cash's life, from his early days on an Arkansas cotton farm to his rise to fame with Sun Records in Memphis, where he recorded alongside Elvis Presley, Jerry Lee Lewis, and Carl Perkins.",3,13,68.64,2.0541237336955462,0.12820512820512822,2.792848008753788,0.12820512820512822,0.004914314516129033,-0.1359999999999939,0.16666666666666666,0,0,104
Remember the Titans,2000,"Biography, Drama, Sport",113 min,7.8,The true story of a newly appointed African-American coach and his high school team on their first season as a racially integrated unit.,3,19,68.64,2.0541237336955462,0.12820512820512822,2.792848008753788,0.12820512820512822,0.004914314516129033,-0.1359999999999939,0.16666666666666666,0,0,105
East of Eden,1955,Drama,118 min,7.9,"Two brothers struggle to maintain their strict, Bible-toting father's favor.",1,12,70.31,2.066862759472976,0.12658227848101264,2.8106938645110393,0.12658227848101264,0.0049773185483870976,-0.03599999999999337,0.2500000000000004,0,0,106
Dark City,1998,"Mystery, Sci-Fi, Thriller",100 min,7.6,"A man struggles with memories of his past, which include a wife he cannot remember and a nightmarish world no one else ever seems to wake up from.",3,9,65.36,2.028148247292285,0.13157894736842105,2.756809750418044,0.13157894736842105,0.004788306451612903,-0.3359999999999941,0.0,0,0,107
Indiana Jones and the Last Crusade,1989,"Action, Adventure",127 min,8.2,"In 1938, after his father Professor Henry Jones, Sr. goes missing while pursuing the Holy Grail, Professor Henry ""Indiana"" Jones, Jr. finds himself up against Adolf Hitler's Nazis again to stop them from obtaining its powers.",2,34,75.44,2.1041341542702074,0.12195121951219513,2.8635642126552705,0.12195121951219513,0.00516633064516129,0.26400000000000556,0.4999999999999993,0,1,108
Seven Pounds,2008,Drama,123 min,7.6,A man with a fateful secret embarks on an extraordinary journey of redemption by forever changing the lives of seven strangers.,1,12,65.36,2.028148247292285,0.13157894736842105,2.756809750418044,0.13157894736842105,0.004788306451612903,-0.3359999999999941,0.0,0,0,109
Hannah and Her Sisters,1986,"Comedy, Drama",107 min,7.9,"Between two Thanksgivings two years apart, Hannah's husband falls in love with her sister Lee, while her hypochondriac ex-husband rekindles his relationship with her sister Holly.",2,22,70.31,2.066862759472976,0.12658227848101264,2.8106938645110393,0.12658227848101264,0.0049773185483870976,-0.03599999999999337,0.2500000000000004,0,0,110
Glengarry Glen Ross,1992,"Crime, Drama, Mystery",100 min,7.7,An examination of the machinations behind the scenes at a real estate office.,3,19,66.99000000000001,2.0412203288596382,0.12987012987012986,2.7748873851023217,0.12987012987012986,0.004851310483870969,-0.23599999999999355,0.0833333333333337,0,0,111
Escape from Alcatraz,1979,"Action, Biography, Crime",112 min,7.6,"Alcatraz is the most secure prison of its time. It is believed that no one can ever escape from it, until three daring men make a possible successful attempt at escaping from one of the most infamous prisons in the world.",3,20,65.36,2.028148247292285,0.13157894736842105,2.756809750418044,0.13157894736842105,0.004788306451612903,-0.3359999999999941,0.0,0,0,112
Clerks,1994,Comedy,92 min,7.7,"A day in the lives of two convenience clerks named Dante and Randal as they annoy customers, discuss movies, and play hockey on the store roof.",1,6,66.99000000000001,2.0412203288596382,0.12987012987012986,2.7748873851023217,0.12987012987012986,0.004851310483870969,-0.23599999999999355,0.0833333333333337,0,0,113
Andhadhun,2018,"Crime, Drama, Music",139 min,8.3,"A series of mysterious events change the life of a blind pianist, who must now report a crime that he should technically know nothing of.",3,9,77.19000000000001,2.1162555148025524,0.12048192771084336,2.8809720581775866,0.12048192771084336,0.005229334677419356,0.364000000000007,0.5833333333333337,0,1,114
8½,1963,Drama,138 min,8.0,A harried movie director retreats into his memories and fantasies.,1,2,72.0,2.0794415416798357,0.125,2.8284271247461903,0.125,0.005040322580645162,0.06400000000000627,0.3333333333333333,0,1,115
Smultronstället,1957,"Drama, Romance",91 min,8.2,"After living a life marked by coldness, an aging professor is forced to confront the emptiness of his existence.",2,15,75.44,2.1041341542702074,0.12195121951219513,2.8635642126552705,0.12195121951219513,0.00516633064516129,0.26400000000000556,0.4999999999999993,0,1,116
"Planes, Trains & Automobiles",1987,"Comedy, Drama",93 min,7.6,A man must struggle to travel home for Thanksgiving with a lovable oaf of a shower curtain ring salesman as his only companion.,2,28,65.36,2.028148247292285,0.13157894736842105,2.756809750418044,0.13157894736842105,0.004788306451612903,-0.3359999999999941,0.0,0,0,117
All That Jazz,1979,"Drama, Music, Musical",123 min,7.9,"Director/choreographer Bob Fosse tells his own life story as he details the sordid career of Joe Gideon, a womanizing, drug-using dancer.",3,13,70.31,2.066862759472976,0.12658227848101264,2.8106938645110393,0.12658227848101264,0.0049773185483870976,-0.03599999999999337,0.2500000000000004,0,0,118
Sanjuro,1962,"Action, Comedy, Crime",96 min,8.1,"A crafty samurai helps a young man and his fellow clansmen save his uncle, who has been framed and imprisoned by a corrupt superintendent.",3,7,73.71,2.0918640616783932,0.1234567901234568,2.8460498941515415,0.1234567901234568,0.0051033266129032265,0.16400000000000592,0.4166666666666663,0,1,119
Moana,2016,"Animation, Adventure, Comedy",107 min,7.6,"In Ancient Polynesia, when a terrible curse incurred by the Demigod Maui reaches Moana's island, she answers the Ocean's call to seek out the Demigod to set things right.",3,5,65.36,2.028148247292285,0.13157894736842105,2.756809750418044,0.13157894736842105,0.004788306451612903,-0.3359999999999941,0.0,0,0,120
Rosemary's Baby,1968,"Drama, Horror",137 min,8.0,A young couple trying for a baby move into a fancy apartment surrounded by peculiar neighbors.,2,15,72.0,2.0794415416798357,0.125,2.8284271247461903,0.125,0.005040322580645162,0.06400000000000627,0.3333333333333333,0,1,121
Stagecoach,1939,"Adventure, Drama, Western",96 min,7.8,A group of people traveling on a stagecoach find their journey complicated by the threat of Geronimo and learn something about each other in the process.,3,10,68.64,2.0541237336955462,0.12820512820512822,2.792848008753788,0.12820512820512822,0.004914314516129033,-0.1359999999999939,0.16666666666666666,0,0,122
Trois couleurs: Rouge,1994,"Drama, Mystery, Romance",99 min,8.1,A model discovers a retired judge is keen on invading people's privacy.,3,21,73.71,2.0918640616783932,0.1234567901234568,2.8460498941515415,0.1234567901234568,0.0051033266129032265,0.16400000000000592,0.4166666666666663,0,1,123
Before Sunset,2004,"Drama, Romance",80 min,8.1,"Nine years after Jesse and Celine first met, they encounter each other again on the French leg of Jesse's book tour.",2,13,73.71,2.0918640616783932,0.1234567901234568,2.8460498941515415,0.1234567901234568,0.0051033266129032265,0.16400000000000592,0.4166666666666663,0,1,124
Notorious,1946,"Drama, Film-Noir, Romance",102 min,7.9,A woman is asked to spy on a group of Nazi friends in South America. How far will she have to go to ingratiate herself with them?,3,9,70.31,2.066862759472976,0.12658227848101264,2.8106938645110393,0.12658227848101264,0.0049773185483870976,-0.03599999999999337,0.2500000000000004,0,0,125
Captain America: Civil War,2016,"Action, Adventure, Sci-Fi",147 min,7.8,Political involvement in the Avengers' affairs causes a rift between Captain America and Iron Man.,3,26,68.64,2.0541237336955462,0.12820512820512822,2.792848008753788,0.12820512820512822,0.004914314516129033,-0.1359999999999939,0.16666666666666666,0,0,126
Stalag 17,1953,"Comedy, Drama, War",120 min,8.0,"When two escaping American World War II prisoners are killed, the German P.O.W. camp barracks black marketeer, J.J. Sefton, is suspected of being an informer.",3,9,72.0,2.0794415416798357,0.125,2.8284271247461903,0.125,0.005040322580645162,0.06400000000000627,0.3333333333333333,0,1,127
Invasion of the Body Snatchers,1956,"Drama, Horror, Sci-Fi",80 min,7.7,A small-town doctor learns that the population of his community is being replaced by emotionless alien duplicates.,3,30,66.99000000000001,2.0412203288596382,0.12987012987012986,2.7748873851023217,0.12987012987012986,0.004851310483870969,-0.23599999999999355,0.0833333333333337,0,0,128
Office Space,1999,Comedy,89 min,7.7,Three company workers who hate their jobs decide to rebel against their greedy boss.,1,12,66.99000000000001,2.0412203288596382,0.12987012987012986,2.7748873851023217,0.12987012987012986,0.004851310483870969,-0.23599999999999355,0.0833333333333337,0,0,129
How to Train Your Dragon 2,2014,"Animation, Action, Adventure",102 min,7.8,"When Hiccup and Toothless discover an ice cave that is home to hundreds of new wild dragons and the mysterious Dragon Rider, the two friends find themselves at the center of a battle to protect the peace.",3,26,68.64,2.0541237336955462,0.12820512820512822,2.792848008753788,0.12820512820512822,0.004914314516129033,-0.1359999999999939,0.16666666666666666,0,0,130
Serpico,1973,"Biography, Crime, Drama",130 min,7.7,An honest New York cop named Frank Serpico blows the whistle on rampant corruption in the force only to have his comrades turn against him.,3,7,66.99000000000001,2.0412203288596382,0.12987012987012986,2.7748873851023217,0.12987012987012986,0.004851310483870969,-0.23599999999999355,0.0833333333333337,0,0,131
Dà hóng denglong gaogao guà,1991,"Drama, History, Romance",125 min,8.1,"A young woman becomes the fourth wife of a wealthy lord, and must learn to live with the strict rules and tensions within the household.",3,27,73.71,2.0918640616783932,0.1234567901234568,2.8460498941515415,0.1234567901234568,0.0051033266129032265,0.16400000000000592,0.4166666666666663,0,1,132
Breakfast at Tiffany's,1961,"Comedy, Drama, Romance",115 min,7.6,"A young New York socialite becomes interested in a young man who has moved into her apartment building, but her past threatens to get in the way.",3,22,65.36,2.028148247292285,0.13157894736842105,2.756809750418044,0.13157894736842105,0.004788306451612903,-0.3359999999999941,0.0,0,0,133
Brazil,1985,"Drama, Sci-Fi",132 min,7.9,A bureaucrat in a dystopic society becomes an enemy of the state as he pursues the woman of his dreams.,2,6,70.31,2.066862759472976,0.12658227848101264,2.8106938645110393,0.12658227848101264,0.0049773185483870976,-0.03599999999999337,0.2500000000000004,0,0,134
Vikram Vedha,2017,"Action, Crime, Drama",147 min,8.4,"Vikram, a no-nonsense police officer, accompanied by Simon, his partner, is on the hunt to capture Vedha, a smuggler and a murderer. Vedha tries to change Vikram's life, which leads to a conflict.",3,12,78.96000000000001,2.128231705849268,0.11904761904761904,2.898275349237888,0.11904761904761904,0.00529233870967742,0.46400000000000663,0.6666666666666666,0,1,135
Singin' in the Rain,1952,"Comedy, Musical, Romance",103 min,8.3,A silent film production company and cast make a difficult transition to sound.,3,19,77.19000000000001,2.1162555148025524,0.12048192771084336,2.8809720581775866,0.12048192771084336,0.005229334677419356,0.364000000000007,0.5833333333333337,0,1,136
12 Years a Slave,2013,"Biography, Drama, History",134 min,8.1,"In the antebellum United States, Solomon Northup, a free black man from upstate New York, is abducted and sold into slavery.",3,16,73.71,2.0918640616783932,0.1234567901234568,2.8460498941515415,0.1234567901234568,0.0051033266129032265,0.16400000000000592,0.4166666666666663,0,1,137
The Green Mile,1999,"Crime, Drama, Fantasy",189 min,8.6,"The lives of guards on Death Row are affected by one of their charges: a black man accused of child murder and rape, yet who has a mysterious gift.",3,14,82.55999999999999,2.151762203259462,0.11627906976744186,2.932575659723036,0.11627906976744186,0.005418346774193549,0.6640000000000059,0.8333333333333326,0,1,138
Raiders of the Lost Ark,1981,"Action, Adventure",115 min,8.4,"In 1936, archaeologist and adventurer Indiana Jones is hired by the U.S. government to find the Ark of the Covenant before Adolf Hitler's Nazis can obtain its awesome powers.",2,23,78.96000000000001,2.128231705849268,0.11904761904761904,2.898275349237888,0.11904761904761904,0.00529233870967742,0.46400000000000663,0.6666666666666666,0,1,139
Terminator 2: Judgment Day,1991,"Action, Sci-Fi",137 min,8.5,"A cyborg, identical to the one who failed to kill Sarah Connor, must now protect her teenage son, John Connor, from a more advanced and powerful cyborg.",2,26,80.75,2.1400661634962708,0.11764705882352941,2.9154759474226504,0.11764705882352941,0.005355342741935484,0.5640000000000063,0.7499999999999997,0,1,140
Lagaan: Once Upon a Time in India,2001,"Adventure, Drama, Musical",224 min,8.1,The people of a small village in Victorian India stake their future on a game of cricket against their ruthless British rulers.,3,33,73.71,2.0918640616783932,0.1234567901234568,2.8460498941515415,0.1234567901234568,0.0051033266129032265,0.16400000000000592,0.4166666666666663,0,1,141
God's Own Country,2017,"Drama, Romance",104 min,7.7,"Spring. Yorkshire. Young farmer Johnny Saxby numbs his daily frustrations with binge drinking and casual sex, until the arrival of a Romanian migrant worker for lambing season ignites an intense relationship that sets Johnny on a new path.",2,17,66.99000000000001,2.0412203288596382,0.12987012987012986,2.7748873851023217,0.12987012987012986,0.004851310483870969,-0.23599999999999355,0.0833333333333337,0,0,142
Barry Lyndon,1975,"Adventure, Drama, History",185 min,8.1,An Irish rogue wins the heart of a rich widow and assumes her dead husband's aristocratic position in 18th-century England.,3,12,73.71,2.0918640616783932,0.1234567901234568,2.8460498941515415,0.1234567901234568,0.0051033266129032265,0.16400000000000592,0.4166666666666663,0,1,143
Sicario,2015,"Action, Crime, Drama",121 min,7.6,An idealistic FBI agent is enlisted by a government task force to aid in the escalating war against drugs at the border area between the U.S. and Mexico.,3,7,65.36,2.028148247292285,0.13157894736842105,2.756809750418044,0.13157894736842105,0.004788306451612903,-0.3359999999999941,0.0,0,0,144
Sherlock Holmes,2009,"Action, Adventure, Mystery",128 min,7.6,Detective Sherlock Holmes and his stalwart partner Watson engage in a battle of wits and brawn with a nemesis whose plot is a threat to all of England.,3,15,65.36,2.028148247292285,0.13157894736842105,2.756809750418044,0.13157894736842105,0.004788306451612903,-0.3359999999999941,0.0,0,0,145
Shine,1996,"Biography, Drama, Music",105 min,7.7,"Pianist David Helfgott, driven by his father and teachers, has a breakdown. Years later he returns to the piano, to popular if not critical acclaim.",3,5,66.99000000000001,2.0412203288596382,0.12987012987012986,2.7748873851023217,0.12987012987012986,0.004851310483870969,-0.23599999999999355,0.0833333333333337,0,0,146
Amores perros,2000,"Drama, Thriller",154 min,8.1,"A horrific car accident connects three stories, each involving characters dealing with loss, regret, and life's harsh realities, all in the name of love.",2,13,73.71,2.0918640616783932,0.1234567901234568,2.8460498941515415,0.1234567901234568,0.0051033266129032265,0.16400000000000592,0.4166666666666663,0,1,147
Kurenai no buta,1992,"Animation, Adventure, Comedy",94 min,7.7,"In 1930s Italy, a veteran World War I pilot is cursed to look like an anthropomorphic pig.",3,15,66.99000000000001,2.0412203288596382,0.12987012987012986,2.7748873851023217,0.12987012987012986,0.004851310483870969,-0.23599999999999355,0.0833333333333337,0,0,148
Das Cabinet des Dr. Caligari,1920,"Fantasy, Horror, Mystery",76 min,8.1,"Hypnotist Dr. Caligari uses a somnambulist, Cesare, to commit murders.",3,28,73.71,2.0918640616783932,0.1234567901234568,2.8460498941515415,0.1234567901234568,0.0051033266129032265,0.16400000000000592,0.4166666666666663,0,1,149
Waking Life,2001,"Animation, Drama, Fantasy",99 min,7.8,A man shuffles through a dream meeting various people and discussing the meanings and purposes of the universe.,3,11,68.64,2.0541237336955462,0.12820512820512822,2.792848008753788,0.12820512820512822,0.004914314516129033,-0.1359999999999939,0.16666666666666666,0,0,150
Hauru no ugoku shiro,2004,"Animation, Adventure, Family",119 min,8.2,"When an unconfident young woman is cursed with an old body by a spiteful witch, her only chance of breaking the spell lies with a self-indulgent yet insecure young wizard and his companions in his legged, walking castle.",3,20,75.44,2.1041341542702074,0.12195121951219513,2.8635642126552705,0.12195121951219513,0.00516633064516129,0.26400000000000556,0.4999999999999993,0,1,151
The Naked Gun: From the Files of Police Squad!,1988,"Comedy, Crime",85 min,7.6,Incompetent police Detective Frank Drebin must foil an attempt to assassinate Queen Elizabeth II.,2,46,65.36,2.028148247292285,0.13157894736842105,2.756809750418044,0.13157894736842105,0.004788306451612903,-0.3359999999999941,0.0,0,0,152
The Sound of Music,1965,"Biography, Drama, Family",172 min,8.0,A woman leaves an Austrian convent to become a governess to the children of a Naval officer widower.,3,18,72.0,2.0794415416798357,0.125,2.8284271247461903,0.125,0.005040322580645162,0.06400000000000627,0.3333333333333333,0,1,153
25th Hour,2002,Drama,135 min,7.6,"Cornered by the DEA, convicted New York drug dealer Montgomery Brogan reevaluates his life in the 24 remaining hours before facing a seven-year jail term.",1,9,65.36,2.028148247292285,0.13157894736842105,2.756809750418044,0.13157894736842105,0.004788306451612903,-0.3359999999999941,0.0,0,0,154
Bronenosets Potemkin,1925,"Drama, History, Thriller",75 min,8.0,"In the midst of the Russian Revolution of 1905, the crew of the battleship Potemkin mutiny against the brutal, tyrannical regime of the vessel's officers. The resulting street demonstration in Odessa brings on a police massacre.",3,20,72.0,2.0794415416798357,0.125,2.8284271247461903,0.125,0.005040322580645162,0.06400000000000627,0.3333333333333333,0,1,155
The Third Man,1949,"Film-Noir, Mystery, Thriller",104 min,8.1,"Pulp novelist Holly Martins travels to shadowy, postwar Vienna, only to find himself investigating the mysterious death of an old friend, Harry Lime.",3,13,73.71,2.0918640616783932,0.1234567901234568,2.8460498941515415,0.1234567901234568,0.0051033266129032265,0.16400000000000592,0.4166666666666663,0,1,156
Cabaret,1972,"Drama, Music, Musical",124 min,7.8,A female girlie club entertainer in Weimar Republic era Berlin romances two men while the Nazi Party rises to power around them.,3,7,68.64,2.0541237336955462,0.12820512820512822,2.792848008753788,0.12820512820512822,0.004914314516129033,-0.1359999999999939,0.16666666666666666,0,0,157
Avengers: Infinity War,2018,"Action, Adventure, Sci-Fi",149 min,8.4,The Avengers and their allies must be willing to sacrifice all in an attempt to defeat the powerful Thanos before his blitz of devastation and ruin puts an end to the universe.,3,22,78.96000000000001,2.128231705849268,0.11904761904761904,2.898275349237888,0.11904761904761904,0.00529233870967742,0.46400000000000663,0.6666666666666666,0,1,158
The Peanut Butter Falcon,2019,"Adventure, Comedy, Drama",97 min,7.6,Zak runs away from his care home to make his dream of becoming a wrestler come true.,3,24,65.36,2.028148247292285,0.13157894736842105,2.756809750418044,0.13157894736842105,0.004788306451612903,-0.3359999999999941,0.0,0,0,159
Kaze tachinu,2013,"Animation, Biography, Drama",126 min,7.8,"A look at the life of Jiro Horikoshi, the man who designed Japanese fighter planes during World War II.",3,12,68.64,2.0541237336955462,0.12820512820512822,2.792848008753788,0.12820512820512822,0.004914314516129033,-0.1359999999999939,0.16666666666666666,0,0,160
Zodiac,2007,"Crime, Drama, Mystery",157 min,7.7,"In the late 1960s/early 1970s, a San Francisco cartoonist becomes an amateur detective obsessed with tracking down the Zodiac Killer, an unidentified individual who terrorizes Northern California with a killing spree.",3,6,66.99000000000001,2.0412203288596382,0.12987012987012986,2.7748873851023217,0.12987012987012986,0.004851310483870969,-0.23599999999999355,0.0833333333333337,0,0,161
The Insider,1999,"Biography, Drama, Thriller",157 min,7.8,A research chemist comes under personal and professional attack when he decides to appear in a 60 Minutes exposé on Big Tobacco.,3,11,68.64,2.0541237336955462,0.12820512820512822,2.792848008753788,0.12820512820512822,0.004914314516129033,-0.1359999999999939,0.16666666666666666,0,0,162
October Sky,1999,"Biography, Drama, Family",108 min,7.8,"The true story of Homer Hickam, a coal miner's son who was inspired by the first Sputnik launch to take up rocketry against his father's wishes.",3,11,68.64,2.0541237336955462,0.12820512820512822,2.792848008753788,0.12820512820512822,0.004914314516129033,-0.1359999999999939,0.16666666666666666,0,0,163
The Magnificent Seven,1960,"Action, Adventure, Western",128 min,7.7,Seven gunfighters are hired by Mexican peasants to liberate their village from oppressive bandits.,3,21,66.99000000000001,2.0412203288596382,0.12987012987012986,2.7748873851023217,0.12987012987012986,0.004851310483870969,-0.23599999999999355,0.0833333333333337,0,0,164
La double vie de Véronique,1991,"Drama, Fantasy, Music",98 min,7.8,"Two parallel stories about two identical women; one living in Poland, the other in France. They don't know each other, but their lives are nevertheless profoundly connected.",3,26,68.64,2.0541237336955462,0.12820512820512822,2.792848008753788,0.12820512820512822,0.004914314516129033,-0.1359999999999939,0.16666666666666666,0,0,165
Inherit the Wind,1960,"Biography, Drama, History",128 min,8.1,"Based on a real-life case in 1925, two great lawyers argue the case for and against a science teacher accused of the crime of teaching evolution.",3,16,73.71,2.0918640616783932,0.1234567901234568,2.8460498941515415,0.1234567901234568,0.0051033266129032265,0.16400000000000592,0.4166666666666663,0,1,166
Kramer vs. Kramer,1979,Drama,105 min,7.8,"Ted Kramer's wife leaves him, allowing for a lost bond to be rediscovered between Ted and his son, Billy. But a heated custody battle ensues over the divorced couple's son, deepening the wounds left by the separation.",1,17,68.64,2.0541237336955462,0.12820512820512822,2.792848008753788,0.12820512820512822,0.004914314516129033,-0.1359999999999939,0.16666666666666666,0,0,167
Gone with the Wind,1939,"Drama, History, Romance",238 min,8.1,A manipulative woman and a roguish man conduct a turbulent romance during the American Civil War and Reconstruction periods.,3,18,73.71,2.0918640616783932,0.1234567901234568,2.8460498941515415,0.1234567901234568,0.0051033266129032265,0.16400000000000592,0.4166666666666663,0,1,168
The Red Shoes,1948,"Drama, Music, Romance",135 min,8.1,A young ballet dancer is torn between the man she loves and her pursuit to become a prima ballerina.,3,13,73.71,2.0918640616783932,0.1234567901234568,2.8460498941515415,0.1234567901234568,0.0051033266129032265,0.16400000000000592,0.4166666666666663,0,1,169
Blood Diamond,2006,"Adventure, Drama, Thriller",143 min,8.0,"A fisherman, a smuggler, and a syndicate of businessmen match wits over the possession of a priceless diamond.",3,13,72.0,2.0794415416798357,0.125,2.8284271247461903,0.125,0.005040322580645162,0.06400000000000627,0.3333333333333333,0,1,170
X-Men: Days of Future Past,2014,"Action, Adventure, Sci-Fi",132 min,7.9,The X-Men send Wolverine to the past in a desperate effort to change history and prevent an event that results in doom for both humans and mutants.,3,26,70.31,2.066862759472976,0.12658227848101264,2.8106938645110393,0.12658227848101264,0.0049773185483870976,-0.03599999999999337,0.2500000000000004,0,0,171
Das Boot,1981,"Adventure, Drama, Thriller",149 min,8.3,"The claustrophobic world of a WWII German U-boat; boredom, filth and sheer terror.",3,8,77.19000000000001,2.1162555148025524,0.12048192771084336,2.8809720581775866,0.12048192771084336,0.005229334677419356,0.364000000000007,0.5833333333333337,0,1,172
The Long Goodbye,1973,"Comedy, Crime, Drama",112 min,7.6,"Private investigator Philip Marlowe helps a friend out of a jam, but in doing so gets implicated in his wife's murder.",3,16,65.36,2.028148247292285,0.13157894736842105,2.756809750418044,0.13157894736842105,0.004788306451612903,-0.3359999999999941,0.0,0,0,173
Moon,2009,"Drama, Mystery, Sci-Fi",97 min,7.9,"Astronaut Sam Bell has a quintessentially personal encounter toward the end of his three-year stint on the Moon, where he, working alongside his computer, GERTY, sends back to Earth parcels of a resource that has helped diminish our planet's power problems.",3,4,70.31,2.066862759472976,0.12658227848101264,2.8106938645110393,0.12658227848101264,0.0049773185483870976,-0.03599999999999337,0.2500000000000004,0,0,174
Bin-jip,2004,"Crime, Drama, Romance",88 min,8.0,A transient young man breaks into empty homes to partake of the vacationing residents' lives for a few days.,3,7,72.0,2.0794415416798357,0.125,2.8284271247461903,0.125,0.005040322580645162,0.06400000000000627,0.3333333333333333,0,1,175
Trainspotting,1996,Drama,93 min,8.1,"Renton, deeply immersed in the Edinburgh drug scene, tries to clean up and get out, despite the allure of the drugs and influence of friends.",1,13,73.71,2.0918640616783932,0.1234567901234568,2.8460498941515415,0.1234567901234568,0.0051033266129032265,0.16400000000000592,0.4166666666666663,0,1,176
Before Sunrise,1995,"Drama, Romance",101 min,8.1,"A young man and woman meet on a train in Europe, and wind up spending one evening together in Vienna. Unfortunately, both know that this will probably be their only night together.",2,14,73.71,2.0918640616783932,0.1234567901234568,2.8460498941515415,0.1234567901234568,0.0051033266129032265,0.16400000000000592,0.4166666666666663,0,1,177
Training Day,2001,"Crime, Drama, Thriller",122 min,7.7,A rookie cop spends his first day as a Los Angeles narcotics officer with a rogue detective who isn't what he appears to be.,3,12,66.99000000000001,2.0412203288596382,0.12987012987012986,2.7748873851023217,0.12987012987012986,0.004851310483870969,-0.23599999999999355,0.0833333333333337,0,0,178
Predator,1987,"Action, Adventure, Sci-Fi",107 min,7.8,A team of commandos on a mission in a Central American jungle find themselves hunted by an extraterrestrial warrior.,3,8,68.64,2.0541237336955462,0.12820512820512822,2.792848008753788,0.12820512820512822,0.004914314516129033,-0.1359999999999939,0.16666666666666666,0,0,179
In Bruges,2008,"Comedy, Crime, Drama",107 min,7.9,"Guilt-stricken after a job gone wrong, hitman Ray and his partner await orders from their ruthless boss in Bruges, Belgium, the last place in the world Ray wants to be.",3,9,70.31,2.066862759472976,0.12658227848101264,2.8106938645110393,0.12658227848101264,0.0049773185483870976,-0.03599999999999337,0.2500000000000004,0,0,180
Misery,1990,"Drama, Thriller",107 min,7.8,"After a famous author is rescued from a car crash by a fan of his novels, he comes to realize that the care he is receiving is only the beginning of a nightmare of captivity and abuse.",2,6,68.64,2.0541237336955462,0.12820512820512822,2.792848008753788,0.12820512820512822,0.004914314516129033,-0.1359999999999939,0.16666666666666666,0,0,181
Big Fish,2003,"Adventure, Drama, Fantasy",125 min,8.0,A frustrated son tries to determine the fact from fiction in his dying father's life.,3,8,72.0,2.0794415416798357,0.125,2.8284271247461903,0.125,0.005040322580645162,0.06400000000000627,0.3333333333333333,0,1,182
Crimes and Misdemeanors,1989,"Comedy, Drama",104 min,7.9,An ophthalmologist's mistress threatens to reveal their affair to his wife while a married documentary filmmaker is infatuated with another woman.,2,23,70.31,2.066862759472976,0.12658227848101264,2.8106938645110393,0.12658227848101264,0.0049773185483870976,-0.03599999999999337,0.2500000000000004,0,0,183
Le locataire,1976,"Drama, Thriller",126 min,7.7,A bureaucrat rents a Paris apartment where he finds himself drawn into a rabbit hole of dangerous paranoia.,2,12,66.99000000000001,2.0412203288596382,0.12987012987012986,2.7748873851023217,0.12987012987012986,0.004851310483870969,-0.23599999999999355,0.0833333333333337,0,0,184
Queen,2013,"Adventure, Comedy, Drama",146 min,8.2,A Delhi girl from a traditional family sets out on a solo honeymoon after her marriage gets cancelled.,3,5,75.44,2.1041341542702074,0.12195121951219513,2.8635642126552705,0.12195121951219513,0.00516633064516129,0.26400000000000556,0.4999999999999993,0,1,185
Black Swan,2010,"Drama, Thriller",108 min,8.0,"A committed dancer struggles to maintain her sanity after winning the lead role in a production of Tchaikovsky's ""Swan Lake"".",2,10,72.0,2.0794415416798357,0.125,2.8284271247461903,0.125,0.005040322580645162,0.06400000000000627,0.3333333333333333,0,1,186
Le scaphandre et le papillon,2007,"Biography, Drama",112 min,8.0,The true story of Elle editor Jean-Dominique Bauby who suffers a stroke and has to live with an almost totally paralyzed body; only his left eye isn't paralyzed.,2,28,72.0,2.0794415416798357,0.125,2.8284271247461903,0.125,0.005040322580645162,0.06400000000000627,0.3333333333333333,0,1,187
The Butterfly Effect,2004,"Drama, Sci-Fi, Thriller",113 min,7.6,"Evan Treborn suffers blackouts during significant events of his life. As he grows up, he finds a way to remember these lost memories and a supernatural way to alter his life by reading his journal.",3,20,65.36,2.028148247292285,0.13157894736842105,2.756809750418044,0.13157894736842105,0.004788306451612903,-0.3359999999999941,0.0,0,0,188
X: First Class,2011,"Action, Adventure, Sci-Fi",131 min,7.7,"In the 1960s, superpowered humans Charles Xavier and Erik Lensherr work together to find others like them, but Erik's vengeful pursuit of an ambitious mutant who ruined his life causes a schism to divide them.",3,14,66.99000000000001,2.0412203288596382,0.12987012987012986,2.7748873851023217,0.12987012987012986,0.004851310483870969,-0.23599999999999355,0.0833333333333337,0,0,189
The Others,2001,"Horror, Mystery, Thriller",101 min,7.6,A woman who lives in her darkened old family house with her two photosensitive children becomes convinced that the home is haunted.,3,10,65.36,2.028148247292285,0.13157894736842105,2.756809750418044,0.13157894736842105,0.004788306451612903,-0.3359999999999941,0.0,0,0,190
Spoorloos,1988,"Mystery, Thriller",107 min,7.7,"Rex and Saskia, a young couple in love, are on vacation. They stop at a busy service station and Saskia is abducted. After three years and no sign of Saskia, Rex begins receiving letters from the abductor.",2,9,66.99000000000001,2.0412203288596382,0.12987012987012986,2.7748873851023217,0.12987012987012986,0.004851310483870969,-0.23599999999999355,0.0833333333333337,0,0,191
Breaking the Waves,1996,Drama,159 min,7.8,"Oilman Jan is paralyzed in an accident. His wife, who prayed for his return, feels guilty; even more, when Jan urges her to have sex with another.",1,18,68.64,2.0541237336955462,0.12820512820512822,2.792848008753788,0.12820512820512822,0.004914314516129033,-0.1359999999999939,0.16666666666666666,0,0,192
Ah-ga-ssi,2016,"Drama, Romance, Thriller",145 min,8.1,"A woman is hired as a handmaiden to a Japanese heiress, but secretly she is involved in a plot to defraud her.",3,9,73.71,2.0918640616783932,0.1234567901234568,2.8460498941515415,0.1234567901234568,0.0051033266129032265,0.16400000000000592,0.4166666666666663,0,1,193
Inside Out,2015,"Animation, Adventure, Comedy",95 min,8.1,"After young Riley is uprooted from her Midwest life and moved to San Francisco, her emotions - Joy, Fear, Anger, Disgust and Sadness - conflict on how best to navigate a new city, house, and school.",3,10,73.71,2.0918640616783932,0.1234567901234568,2.8460498941515415,0.1234567901234568,0.0051033266129032265,0.16400000000000592,0.4166666666666663,0,1,194
Au revoir les enfants,1987,"Drama, War",104 min,8.0,"A French boarding school run by priests seems to be a haven from World War II until a new student arrives. He becomes the roommate of the top student in his class. Rivals at first, the roommates form a bond and share a secret.",2,21,72.0,2.0794415416798357,0.125,2.8284271247461903,0.125,0.005040322580645162,0.06400000000000627,0.3333333333333333,0,1,195
Kaguyahime no monogatari,2013,"Animation, Adventure, Drama",137 min,8.0,"Found inside a shining stalk of bamboo by an old bamboo cutter and his wife, a tiny girl grows rapidly into an exquisite young lady. The mysterious young princess enthralls all who encounter her, but ultimately she must confront her fate, the punishment for her crime.",3,24,72.0,2.0794415416798357,0.125,2.8284271247461903,0.125,0.005040322580645162,0.06400000000000627,0.3333333333333333,0,1,196
OMG: Oh My God!,2012,"Comedy, Drama, Fantasy",125 min,8.1,A shopkeeper takes God to court when his shop is destroyed by an earthquake.,3,15,73.71,2.0918640616783932,0.1234567901234568,2.8460498941515415,0.1234567901234568,0.0051033266129032265,0.16400000000000592,0.4166666666666663,0,1,197
Druk,2020,"Comedy, Drama",117 min,7.8,"Four friends, all high school teachers, test a theory that they will improve their lives by maintaining a constant level of alcohol in their blood.",2,4,68.64,2.0541237336955462,0.12820512820512822,2.792848008753788,0.12820512820512822,0.004914314516129033,-0.1359999999999939,0.16666666666666666,0,0,198
Dr. Strangelove or: How I Learned to Stop Worrying and Love the Bomb,1964,Comedy,95 min,8.4,An insane general triggers a path to nuclear holocaust that a War Room full of politicians and generals frantically tries to stop.,1,68,78.96000000000001,2.128231705849268,0.11904761904761904,2.898275349237888,0.11904761904761904,0.00529233870967742,0.46400000000000663,0.6666666666666666,0,1,199
