Series_Title,Released_Year,Genre,Runtime,IMDB_Rating,Overview,orig_index
Captain America: The Winter Soldier,2014,"Action, Adventure, Sci-Fi",136 min,7.7,"As Steve Rogers struggles to embrace his role in the modern world, he teams up with a fellow Avenger and S.H.I.E.L.D agent, Black Widow, to battle a new threat from history: an assassin known as the Winter Soldier.",1
Gone Girl,2014,"Drama, Mystery, Thriller",149 min,8.1,"With his wife's disappearance having become the focus of an intense media circus, a man sees the spotlight turned on him when it's suspected that he may not be innocent.",24
The Grand Budapest Hotel,2014,"Adventure, Comedy, Crime",99 min,8.1,"A writer encounters the owner of an aging high-class hotel, who tells him of his early years serving as a lobby boy in the hotel's glorious years under an exceptional concierge.",63
Ex Machina,2014,"Drama, Sci-Fi, Thriller",108 min,7.7,A young programmer is selected to participate in a ground-breaking experiment in synthetic intelligence by evaluating the human qualities of a highly advanced humanoid A.I.,96
How to Train Your Dragon 2,2014,"Animation, Action, Adventure",102 min,7.8,"When Hiccup and Toothless discover an ice cave that is home to hundreds of new wild dragons and the mysterious Dragon Rider, the two friends find themselves at the center of a battle to protect the peace.",130
X-Men: Days of Future Past,2014,"Action, Adventure, Sci-Fi",132 min,7.9,The X-Men send Wolverine to the past in a desperate effort to change history and prevent an event that results in doom for both humans and mutants.,171
