Series_Title,Released_Year,Genre,Runtime,IMDB_Rating,Overview,orig_index
Sen to Chihiro no kamikakushi,2001,"Animation, Adventure, Family",125 min,8.6,"During her family's move to the suburbs, a sullen 10-year-old girl wanders into a world ruled by gods, witches, and spirits, and where humans are changed into beasts.",54
Seppuku,1962,"Action, Drama, Mystery",133 min,8.6,"When a ronin requesting seppuku at a feudal lord's palace is told of the brutal suicide of another ronin who previously visited, he reveals how their pasts are intertwined - and in doing so challenges the clan's integrity.",55
The Lord of the Rings: The Fellowship of the Ring,2001,"Action, Adventure, Drama",178 min,8.8,A meek Hobbit from the Shire and eight companions set out on a journey to destroy the powerful One Ring and save Middle-earth from the Dark Lord Sauron.,57
Gladiator,2000,"Action, Adventure, Drama",155 min,8.5,A former Roman General sets out to exact vengeance against the corrupt emperor who murdered his family and sent him into slavery.,77
The Green Mile,1999,"Crime, Drama, Fantasy",189 min,8.6,"The lives of guards on Death Row are affected by one of their charges: a black man accused of child murder and rape, yet who has a mysterious gift.",138
Terminator 2: Judgment Day,1991,"Action, Sci-Fi",137 min,8.5,"A cyborg, identical to the one who failed to kill Sarah Connor, must now protect her teenage son, John Connor, from a more advanced and powerful cyborg.",140
