T_validation,T_prime_validation,T_generalization,T_prime_generalization,Setup
IMDB/IMDB_Ver_0.csv,IMDB/IMDB_Ver_4.csv,IMDB/IMDB_Ver_1.csv,IMDB/IMDB_Ver_5.csv,mixed_mixed_addition_columns
IMDB/IMDB_Ver_0.csv,IMDB/IMDB_Ver_6.csv,IMDB/IMDB_Ver_1.csv,IMDB/IMDB_Ver_7.csv,mixed_numeric_addition_columns
IMDB/IMDB_Ver_0.csv,IMDB/IMDB_Ver_8.csv,IMDB/IMDB_Ver_1.csv,IMDB/IMDB_Ver_9.csv,mixed_numeric_addition_columns_with_aggregations
IMDB/IMDB_Ver_0.csv,IMDB/IMDB_Ver_10.csv,IMDB/IMDB_Ver_1.csv,IMDB/IMDB_Ver_11.csv,mixed_categorial_addition_columns
IMDB/IMDB_Ver_0.csv,IMDB/IMDB_Ver_12.csv,IMDB/IMDB_Ver_1.csv,IMDB/IMDB_Ver_13.csv,only_textual_origins_mixed_addition_columns
IMDB/IMDB_Ver_0.csv,IMDB/IMDB_Ver_14.csv,IMDB/IMDB_Ver_1.csv,IMDB/IMDB_Ver_15.csv,only_textual_origins_also_nlp_cleaning_mixed_addition_columns
IMDB/IMDB_Ver_0.csv,IMDB/IMDB_Ver_16.csv,IMDB/IMDB_Ver_1.csv,IMDB/IMDB_Ver_17.csv,only_textual_origins_onehot_addition_columns
IMDB/IMDB_Ver_0.csv,IMDB/IMDB_Ver_18.csv,IMDB/IMDB_Ver_1.csv,IMDB/IMDB_Ver_19.csv,only_textual_origins_labelencoding_addition_columns
IMDB/IMDB_Ver_0.csv,IMDB/IMDB_Ver_20.csv,IMDB/IMDB_Ver_1.csv,IMDB/IMDB_Ver_21.csv,only_textual_origins_frequencyencoding_addition_columns
IMDB/IMDB_Ver_0.csv,IMDB/IMDB_Ver_22.csv,IMDB/IMDB_Ver_1.csv,IMDB/IMDB_Ver_23.csv,only_textual_origins_numeric_targets_addition_columns
IMDB/IMDB_Ver_0.csv,IMDB/IMDB_Ver_24.csv,IMDB/IMDB_Ver_1.csv,IMDB/IMDB_Ver_25.csv,only_textual_origins_textual_targets_addition_columns
IMDB/IMDB_Ver_0.csv,IMDB/IMDB_Ver_26.csv,IMDB/IMDB_Ver_1.csv,IMDB/IMDB_Ver_27.csv,only_textual_origins_also_single_nlp_cleaning_mixed_addition_columns
IMDB/IMDB_Ver_28.csv,IMDB/IMDB_Ver_29.csv,IMDB/IMDB_Ver_30.csv,IMDB/IMDB_Ver_31.csv,mixed_mixed_removal_columns
IMDB/IMDB_Ver_32.csv,IMDB/IMDB_Ver_33.csv,IMDB/IMDB_Ver_34.csv,IMDB/IMDB_Ver_35.csv,limited_mixed_mixed_removal_columns
IMDB/IMDB_Ver_36.csv,IMDB/IMDB_Ver_37.csv,IMDB/IMDB_Ver_38.csv,IMDB/IMDB_Ver_39.csv,mixed_mixed_mixed_columns
IMDB/IMDB_Ver_2.csv,IMDB/IMDB_Ver_40.csv,IMDB/IMDB_Ver_3.csv,IMDB/IMDB_Ver_41.csv,mixed_mixed_removal_rows
IMDB/IMDB_Ver_2.csv,IMDB/IMDB_Ver_42.csv,IMDB/IMDB_Ver_3.csv,IMDB/IMDB_Ver_43.csv,mixed_mixed_removal_rows
IMDB/IMDB_Ver_2.csv,IMDB/IMDB_Ver_44.csv,IMDB/IMDB_Ver_3.csv,IMDB/IMDB_Ver_45.csv,mixed_mixed_removal_rows2
IMDB/IMDB_Ver_2.csv,IMDB/IMDB_Ver_46.csv,IMDB/IMDB_Ver_3.csv,IMDB/IMDB_Ver_47.csv,mixed_mixed_removal_rows3
IMDB/IMDB_Ver_2.csv,IMDB/IMDB_Ver_48.csv,IMDB/IMDB_Ver_3.csv,IMDB/IMDB_Ver_49.csv,mixed_mixed_removal_rows4
IMDB/IMDB_Ver_2.csv,IMDB/IMDB_Ver_50.csv,IMDB/IMDB_Ver_3.csv,IMDB/IMDB_Ver_51.csv,mixed_mixed_removal_rows5
IMDB/IMDB_Ver_52.csv,IMDB/IMDB_Ver_53.csv,IMDB/IMDB_Ver_54.csv,IMDB/IMDB_Ver_55.csv,mixed_mixed_removal_rows_mixed_columns
IMDB/IMDB_Ver_0.csv,IMDB/IMDB_Ver_56.csv,IMDB/IMDB_Ver_1.csv,IMDB/IMDB_Ver_57.csv,mixed_mixed_addition_rows
IMDB/IMDB_Ver_0.csv,IMDB/IMDB_Ver_58.csv,IMDB/IMDB_Ver_1.csv,IMDB/IMDB_Ver_59.csv,mixed_mixed_addition_rows_with_SMOTENC
IMDB/IMDB_Ver_0.csv,IMDB/IMDB_Ver_60.csv,IMDB/IMDB_Ver_1.csv,IMDB/IMDB_Ver_61.csv,mixed_mixed_addition_rows_only_SMOTENC
IMDB/IMDB_Ver_62.csv,IMDB/IMDB_Ver_63.csv,IMDB/IMDB_Ver_64.csv,IMDB/IMDB_Ver_65.csv,mixed_mixed_mixed_rows_mixed_columns
IMDB/IMDB_Ver_0.csv,IMDB/IMDB_Ver_66.csv,IMDB/IMDB_Ver_1.csv,IMDB/IMDB_Ver_67.csv,table_reshaping_group_by
IMDB/IMDB_Ver_0.csv,IMDB/IMDB_Ver_68.csv,IMDB/IMDB_Ver_1.csv,IMDB/IMDB_Ver_69.csv,table_reshaping_group_by2
IMDB/IMDB_Ver_0.csv,IMDB/IMDB_Ver_70.csv,IMDB/IMDB_Ver_1.csv,IMDB/IMDB_Ver_71.csv,table_reshaping_group_by3
