T_validation,T_prime_validation,T_generalization,T_prime_generalization,Setup
WINE_small/WINE_Ver_0.csv,WINE_small/WINE_Ver_4.csv,WINE_small/WINE_Ver_1.csv,WINE_small/WINE_Ver_5.csv,mixed_mixed_addition_columns
WINE_small/WINE_Ver_0.csv,WINE_small/WINE_Ver_6.csv,WINE_small/WINE_Ver_1.csv,WINE_small/WINE_Ver_7.csv,mixed_numeric_addition_columns
WINE_small/WINE_Ver_0.csv,WINE_small/WINE_Ver_8.csv,WINE_small/WINE_Ver_1.csv,WINE_small/WINE_Ver_9.csv,mixed_numeric_addition_columns_with_aggregations
WINE_small/WINE_Ver_0.csv,WINE_small/WINE_Ver_10.csv,WINE_small/WINE_Ver_1.csv,WINE_small/WINE_Ver_11.csv,mixed_categorial_addition_columns
WINE_small/WINE_Ver_0.csv,WINE_small/WINE_Ver_12.csv,WINE_small/WINE_Ver_1.csv,WINE_small/WINE_Ver_13.csv,only_textual_origins_mixed_addition_columns
WINE_small/WINE_Ver_0.csv,WINE_small/WINE_Ver_14.csv,WINE_small/WINE_Ver_1.csv,WINE_small/WINE_Ver_15.csv,only_textual_origins_also_nlp_cleaning_mixed_addition_columns
WINE_small/WINE_Ver_0.csv,WINE_small/WINE_Ver_16.csv,WINE_small/WINE_Ver_1.csv,WINE_small/WINE_Ver_17.csv,only_textual_origins_onehot_addition_columns
WINE_small/WINE_Ver_0.csv,WINE_small/WINE_Ver_18.csv,WINE_small/WINE_Ver_1.csv,WINE_small/WINE_Ver_19.csv,only_textual_origins_labelencoding_addition_columns
WINE_small/WINE_Ver_0.csv,WINE_small/WINE_Ver_20.csv,WINE_small/WINE_Ver_1.csv,WINE_small/WINE_Ver_21.csv,only_textual_origins_frequencyencoding_addition_columns
WINE_small/WINE_Ver_0.csv,WINE_small/WINE_Ver_22.csv,WINE_small/WINE_Ver_1.csv,WINE_small/WINE_Ver_23.csv,only_textual_origins_numeric_targets_addition_columns
WINE_small/WINE_Ver_0.csv,WINE_small/WINE_Ver_24.csv,WINE_small/WINE_Ver_1.csv,WINE_small/WINE_Ver_25.csv,only_textual_origins_textual_targets_addition_columns
WINE_small/WINE_Ver_0.csv,WINE_small/WINE_Ver_26.csv,WINE_small/WINE_Ver_1.csv,WINE_small/WINE_Ver_27.csv,only_textual_origins_also_single_nlp_cleaning_mixed_addition_columns
WINE_small/WINE_Ver_28.csv,WINE_small/WINE_Ver_29.csv,WINE_small/WINE_Ver_30.csv,WINE_small/WINE_Ver_31.csv,mixed_mixed_removal_columns
WINE_small/WINE_Ver_32.csv,WINE_small/WINE_Ver_33.csv,WINE_small/WINE_Ver_34.csv,WINE_small/WINE_Ver_35.csv,limited_mixed_mixed_removal_columns
WINE_small/WINE_Ver_36.csv,WINE_small/WINE_Ver_37.csv,WINE_small/WINE_Ver_38.csv,WINE_small/WINE_Ver_39.csv,mixed_mixed_mixed_columns
WINE_small/WINE_Ver_2.csv,WINE_small/WINE_Ver_40.csv,WINE_small/WINE_Ver_3.csv,WINE_small/WINE_Ver_41.csv,mixed_mixed_removal_rows
WINE_small/WINE_Ver_2.csv,WINE_small/WINE_Ver_42.csv,WINE_small/WINE_Ver_3.csv,WINE_small/WINE_Ver_43.csv,mixed_mixed_removal_rows
WINE_small/WINE_Ver_2.csv,WINE_small/WINE_Ver_44.csv,WINE_small/WINE_Ver_3.csv,WINE_small/WINE_Ver_45.csv,mixed_mixed_removal_rows2
WINE_small/WINE_Ver_2.csv,WINE_small/WINE_Ver_46.csv,WINE_small/WINE_Ver_3.csv,WINE_small/WINE_Ver_47.csv,mixed_mixed_removal_rows3
WINE_small/WINE_Ver_2.csv,WINE_small/WINE_Ver_48.csv,WINE_small/WINE_Ver_3.csv,WINE_small/WINE_Ver_49.csv,mixed_mixed_removal_rows4
WINE_small/WINE_Ver_2.csv,WINE_small/WINE_Ver_50.csv,WINE_small/WINE_Ver_3.csv,WINE_small/WINE_Ver_51.csv,mixed_mixed_removal_rows5
WINE_small/WINE_Ver_52.csv,WINE_small/WINE_Ver_53.csv,WINE_small/WINE_Ver_54.csv,WINE_small/WINE_Ver_55.csv,mixed_mixed_removal_rows_mixed_columns
WINE_small/WINE_Ver_0.csv,WINE_small/WINE_Ver_56.csv,WINE_small/WINE_Ver_1.csv,WINE_small/WINE_Ver_57.csv,mixed_mixed_addition_rows
WINE_small/WINE_Ver_0.csv,WINE_small/WINE_Ver_58.csv,WINE_small/WINE_Ver_1.csv,WINE_small/WINE_Ver_59.csv,mixed_mixed_addition_rows_with_SMOTENC
WINE_small/WINE_Ver_0.csv,WINE_small/WINE_Ver_60.csv,WINE_small/WINE_Ver_1.csv,WINE_small/WINE_Ver_61.csv,mixed_mixed_addition_rows_only_SMOTENC
WINE_small/WINE_Ver_62.csv,WINE_small/WINE_Ver_63.csv,WINE_small/WINE_Ver_64.csv,WINE_small/WINE_Ver_65.csv,mixed_mixed_mixed_rows_mixed_columns
WINE_small/WINE_Ver_0.csv,WINE_small/WINE_Ver_66.csv,WINE_small/WINE_Ver_1.csv,WINE_small/WINE_Ver_67.csv,table_reshaping_group_by
WINE_small/WINE_Ver_0.csv,WINE_small/WINE_Ver_68.csv,WINE_small/WINE_Ver_1.csv,WINE_small/WINE_Ver_69.csv,table_reshaping_group_by2
WINE_small/WINE_Ver_0.csv,WINE_small/WINE_Ver_70.csv,WINE_small/WINE_Ver_1.csv,WINE_small/WINE_Ver_71.csv,table_reshaping_group_by3
