taster_name,STD(wine.points),STD(wine.price)
Michael Schachner,2.4198801841868347,12.408127989815394
Matt Kettmann,1.6696942198734457,11.901107664262332
Roger Voss,3.029089733795388,66.01152580013235
Kerin O’Keefe,3.0767948691238205,36.335473943058275
Joe Czerwinski,3.304037933599835,13.832329280830953
Mike DeSimone,,
Paul Gregutt,2.4058010698889403,28.538517300255275
Virginie Boone,3.306691779757495,42.13524590373742
Sean P. Sullivan,1.868397465987654,11.057699908784253
Anna Lee C. Iijima,1.5092308563562367,9.306509072209145
Anne Krebiehl MW,1.5,15.297058540778355
Susan Kostrzewa,2.309401076758502,2.081665999466133
Alexander Peartree,,
Jim Gordon,,
Lauren Buzzeo,0.0,14.142135623730951
