variety,SUM(wine.points),SUM(wine.price)
Syrah,2060.0,966.0
Chardonnay,4262.0,2501.0
Meritage,175.0,87.0
Cabernet Sauvignon,4292.0,2303.0
Riesling,2713.0,1939.0
Pinot Noir,5294.0,2795.0
Grenache,444.0,167.0
Merlot,1320.0,376.0
Tempranillo Blend,350.0,83.0
Gewürztraminer,435.0,122.0
Tempranillo,794.0,250.0
Gamay,697.0,149.0
Malbec,1515.0,839.0
Rhône-style Red Blend,719.0,227.0
Monastrell,87.0,15.0
Torrontés,258.0,46.0
Sangiovese,795.0,441.0
Zinfandel,981.0,347.0
Pinot Gris,615.0,149.0
Cabernet Franc,882.0,376.0
Portuguese White,702.0,192.0
Red Blend,3031.0,1233.0
Bordeaux-style Red Blend,2300.0,792.0
White Blend,1061.0,257.0
Shiraz,644.0,408.0
Rosé,1867.0,453.0
Champagne Blend,1158.0,747.0
Aglianico,86.0,32.0
Pinotage,91.0,40.0
Verdicchio,90.0,32.0
Avesso,87.0,30.0
Sauvignon Blanc,1401.0,323.0
Pinot Noir-Gamay,85.0,10.0
Viognier-Chardonnay,86.0,15.0
Syrah-Grenache,93.0,48.0
Viognier,351.0,126.0
Muscadelle,98.0,350.0
Sparkling Blend,700.0,210.0
Vignoles,86.0,11.0
Syrah-Viognier,89.0,20.0
Nebbiolo,1403.0,839.0
Albariño,351.0,79.0
Carmenère,174.0,22.0
Garnacha Tintorera,90.0,15.0
Portuguese Red,988.0,298.0
Grüner Veltliner,798.0,157.0
Greco,87.0,30.0
Zweigelt,89.0,12.0
Nero d'Avola,261.0,75.0
Grenache Blanc,265.0,72.0
Sylvaner,180.0,40.0
Mencía,178.0,57.0
Verdelho,87.0,15.0
Furmint,186.0,356.0
Bonarda,261.0,55.0
G-S-M,90.0,30.0
Viura,179.0,38.0
Pinot Blanc,179.0,58.0
Carignan-Grenache,92.0,40.0
Sauvignon,92.0,24.0
Chenin Blanc,436.0,93.0
Ugni Blanc-Colombard,85.0,9.0
Garganega,88.0,11.0
Rhône-style White Blend,88.0,19.0
Muscat,197.0,450.0
Dolcetto,179.0,50.0
Frappato,87.0,16.0
Petite Sirah,176.0,100.0
Shiraz-Viognier,192.0,350.0
Petit Verdot,172.0,54.0
Rosato,88.0,19.0
Xarel-lo,87.0,16.0
Verdejo,264.0,79.0
Sémillon,85.0,25.0
Graciano,91.0,50.0
Melon,88.0,14.0
Tinta Miúda,87.0,14.0
Blaufränkisch,89.0,17.0
Roussanne,174.0,40.0
Cinsault,87.0,23.0
Pinot Nero,90.0,45.0
Früburgunder,90.0,40.0
Kerner,93.0,30.0
Scheurebe,91.0,30.0
Antão Vaz,85.0,12.0
Vermentino,87.0,18.0
Bordeaux-style White Blend,85.0,15.0
Cabernet Sauvignon-Carmenère,87.0,19.0
Carricante,90.0,24.0
Tempranillo-Merlot,87.0,15.0
Assyrtico,89.0,15.0
Nerello Mascalese,88.0,28.0
Chenin Blanc-Chardonnay,88.0,12.0
Pinot Bianco,178.0,61.0
Verdejo-Viura,87.0,10.0
Pinot Grigio,90.0,15.0
Tannat-Cabernet,91.0,25.0
