country,title,taster_name,price,variety,points,country_exact_copy,country_with_noise,country_with_nan_noise
France,Philippe Fontaine NV Brut Prestige  (Champagne),Roger Voss,69.0,Champagne Blend,92,France,France,
France,Bernard Magrez 2012 La Sérénité des Grands Chênes  (Médoc),Roger Voss,30.0,Bordeaux-style Red Blend,90,France,France,
France,Domaine St Pierre 2014 Red (Côtes du Rhône),Joe Czerwinski,16.0,Rhône-style Red Blend,90,France,France,
Italy,Socré 2006 Nebbiolo (Langhe),,20.0,Nebbiolo,87,Italy,Italy,
Italy,Marchesi di Barolo 2009 Riserva  (Barolo),Kerin O’Keefe,102.0,Nebbiolo,85,Italy,Italy,
France,Château Maison Noble Saint Martin 2015 Château Jean de Bel Air  (Bordeaux),Roger Voss,15.0,Bordeaux-style Red Blend,89,France,France,France
France,Domaine Jacques Prieur 2014 Grèves Premier Cru  (Beaune),Roger Voss,117.0,Chardonnay,90,France,France,
US,Les Belles Collines 2012 Les Sommets Cabernet Sauvignon (Napa Valley),Virginie Boone,85.0,Cabernet Sauvignon,93,US,US,US
Italy,Tenuta La Marchesa 2015 Gold Label  (Gavi),Kerin O’Keefe,15.0,Cortese,89,Italy,Italy,
Italy,Baracchi Riccardo 2011 Smeriglio Riserva Syrah (Cortona),Kerin O’Keefe,50.0,Syrah,90,Italy,Italy,
France,Château Saintongey 2014 Vieilles Vignes  (Bordeaux),Roger Voss,15.0,Bordeaux-style Red Blend,87,France,France,France
Spain,Marqués de Murrieta 2010 Capellanía Viura (Rioja),Michael Schachner,28.0,Viura,92,Spain,Spain,
Italy,Baglio del Cristo di Campobello 2015 Laluci White (Sicilia),Kerin O’Keefe,,White Blend,90,Italy,Italy,
US,Peconic Bay Winery 2010 Cabernet Franc (North Fork of Long Island),Anna Lee C. Iijima,36.0,Cabernet Franc,87,US,US,
US,Pacific Ridge 2009 Red Label Pinot Noir (Sta. Rita Hills),,44.0,Pinot Noir,90,US,US,US
US,Drumheller 2014 Chardonnay (Columbia Valley (WA)),Sean P. Sullivan,12.0,Chardonnay,86,US,US,
US,Still Waters 2010 Malbec (Paso Robles),Matt Kettmann,28.0,Malbec,86,US,US,US
Germany,Dr. Loosen 2011 Ürziger Würzgarten Alte Reben GG Trocken Riesling (Mosel),Anna Lee C. Iijima,42.0,Riesling,92,Germany,Germany,
Chile,Carmen 2000 Estate Grown Reserve Cabernet Sauvignon (Maipo Valley),Michael Schachner,15.0,Cabernet Sauvignon,88,Chile,Chile,
South Africa,Delaire Graff 2013 Reserve White (Coastal Region),Lauren Buzzeo,40.0,White Blend,90,South Africa,South Africa,
US,Ardor 2015 Art Den Hoed Vineyard Syrah (Yakima Valley),Sean P. Sullivan,50.0,Syrah,89,US,US,US
Greece,Zenato 2001 Vigneto Massoni White (Naoussa),Roger Voss,,White Blend,88,Greece,Greece,
Portugal,Aveleda NV Casal Garcia Rosé Sparkling (Vinho Verde),Roger Voss,12.0,Portuguese Sparkling,87,Portugal,Portugal,
Italy,Ceralti 2008 Alfeo  (Bolgheri Superiore),,,Red Blend,90,Italy,Italy,
Spain,Morlanda 2007 Criança Red (Priorat),Michael Schachner,48.0,Red Blend,90,Spain,Spain,
US,Mellisoni 2014 Malbec (Columbia Valley (WA)),Sean P. Sullivan,55.0,Malbec,86,US,US,
US,Duckhorn 2012 Rector Creek Vineyard Merlot (Napa Valley),Virginie Boone,95.0,Merlot,91,US,US,
US,Autumn Hill 2007 Petit Verdot-Merlot Red (Monticello),,18.0,Bordeaux-style Red Blend,85,US,US,
Spain,Finca Constancia 2011 Parcela 23 Tempranillo (Vino de la Tierra de Castilla),Michael Schachner,20.0,Tempranillo,90,Spain,Spain,
Chile,Viña Tarapacá 2015 Gran Reserva Chardonnay (Leyda Valley),Michael Schachner,19.0,Chardonnay,80,Chile,Chile,
US,L'Ecole No. 41 2014 Cabernet Sauvignon (Columbia Valley (WA)),Sean P. Sullivan,30.0,Cabernet Sauvignon,89,US,US,
Chile,Aresti 2007 Reserva Merlot (Curicó Valley),Michael Schachner,18.0,Merlot,86,Chile,Chile,Chile
Italy,Corte Falco 2010  Soave,,15.0,Garganega,87,Italy,Italy,
Italy,Abbazia di Novacella 2012 Praepositus Passito Kerner (Alto Adige Valle Isarco),Kerin O’Keefe,30.0,Kerner,93,Italy,Italy,
US,Coiled 2009 Sidewinder Red,Sean P. Sullivan,25.0,Red Blend,87,US,Italy,
US,Pride Mountain 2012 Cabernet Franc (Sonoma County),Virginie Boone,65.0,Cabernet Franc,91,US,US,
Italy,Castello di Gabbiano 2012 Bellezza Gran Selezione  (Chianti Classico),Kerin O’Keefe,38.0,Sangiovese,91,Italy,Italy,Italy
US,Sequum 2013 Four Soil Mélange Cabernet Sauvignon (Napa Valley),Virginie Boone,60.0,Cabernet Sauvignon,90,US,US,
Italy,Palladino 2011 Ornato  (Barolo),Kerin O’Keefe,65.0,Nebbiolo,90,Italy,Italy,
Austria,Malat 2016 Furth-Palt Riesling (Kremstal),Anne Krebiehl MW,24.0,Riesling,89,Austria,Austria,
US,St. Supéry 2013 Rutherford Estate Vineyard Cabernet Sauvignon (Rutherford),Virginie Boone,125.0,Cabernet Sauvignon,90,US,US,
Chile,Lapostolle 2002 Estate Bottled Merlot (Rapel Valley),Michael Schachner,12.0,Merlot,88,Chile,Chile,
US,Chehalem 2013 Ian's Reserve Chardonnay (Willamette Valley),Paul Gregutt,40.0,Chardonnay,87,US,US,
US,Lieb 2015 Bridge Lane Rosé (New York),Anna Lee C. Iijima,18.0,Rosé,89,US,US,US
US,Sierra Starr 2014 Rising Starr Estate Bottled Cabernet Franc (Nevada County),Jim Gordon,28.0,Cabernet Franc,90,US,US,
France,Château de Pressac 2014 Les Terrasses de Pressac  (Saint-Émilion),Roger Voss,37.0,Bordeaux-style Red Blend,89,France,France,France
Argentina,Kaiken 2008 Corte Malbec-Bonarda-Petit Verdot Red (Mendoza),Michael Schachner,14.0,Red Blend,89,Argentina,Argentina,
US,Felten Cellars 2013 Tempranillo (Paso Robles),Matt Kettmann,32.0,Tempranillo,85,US,US,
Germany,Schmitt Söhne 2015 Riesling (Rheinhessen),Anna Lee C. Iijima,9.0,Riesling,86,Germany,Chile,Germany
US,Casa Dumetz 2014 Larner Grenache (Ballard Canyon),Matt Kettmann,42.0,Grenache,90,US,US,
US,Armida 2013 Tina's Block Maple Vineyard Zinfandel (Dry Creek Valley),Virginie Boone,48.0,Zinfandel,92,US,US,
US,Tumwater 2014 Prince Hill Vineyard Reserve Pinot Noir (Dundee Hills),Paul Gregutt,55.0,Pinot Noir,91,US,US,
Italy,Ferrari 2001 Giulio Ferrari Riserva del Fondatore Chardonnay (Trento),,85.0,Chardonnay,92,Italy,Italy,Italy
US,Bianchi 2011 Signature Selection Merlot (Paso Robles),Matt Kettmann,22.0,Merlot,87,US,US,
France,Domaine de la Madone 2012 Nouveau  (Beaujolais-Villages),Roger Voss,,Gamay,86,France,France,France
Chile,De Martino 2007 Legado Reserva Chardonnay (Limarí Valley),Michael Schachner,18.0,Chardonnay,86,Chile,Chile,
US,Kirkland Signature 2011 Mountain Cuvée Cabernet Sauvignon (Napa Valley),Virginie Boone,19.0,Cabernet Sauvignon,87,US,US,
US,Claiborne & Churchill 2014 Twin Creeks Estate Pinot Noir (Edna Valley),Matt Kettmann,42.0,Pinot Noir,93,US,Argentina,
US,Flying Goat Cellars 2012 Solomon Hills Vineyard Pinot Noir (Santa Maria Valley),Matt Kettmann,42.0,Pinot Noir,93,US,US,
US,McPherson 2014 Sangiovese (Texas),Alexander Peartree,,Sangiovese,85,US,US,
Italy,Corvo 2010 Rosso Red (Sicilia),,,Red Blend,85,Italy,Italy,
Italy,Feudo Montoni 2008 P Pinot Noir (Sicilia),,12.0,Pinot Noir,85,Italy,Italy,
US,Coelho 2014 Atração Pinot Noir (Willamette Valley),Paul Gregutt,25.0,Pinot Noir,87,US,US,
Chile,Cono Sur 2012 20 Barrels Limited Edition Peralillo Estate Merlot (Colchagua Valley),Michael Schachner,35.0,Merlot,91,Chile,Chile,
France,Domaine de la Bastide Blanche 2014 TwoB Rosé (Côtes de Provence),Roger Voss,20.0,Rosé,91,France,France,
Italy,Elena Walch 2002 Castel Ringberg Sauvignon Blanc (Alto Adige),Roger Voss,23.0,Sauvignon Blanc,88,Italy,Italy,
US,Camaraderie 2009 Clifton Vineyard Syrah (Wahluke Slope),Paul Gregutt,28.0,Syrah,87,US,Chile,
US,Jack's House 2013 Cabernet Sauvignon (California),Jim Gordon,16.0,Cabernet Sauvignon,85,US,US,
US,Willamette Valley Vineyards 2009 Estate Pinot Noir (Willamette Valley),Paul Gregutt,40.0,Pinot Noir,89,US,US,
Spain,Fuentes 2008 Coraje Red (Priorat),Michael Schachner,44.0,Red Blend,90,Spain,Spain,
France,Henry Fessy 2015  Régnié,Roger Voss,18.0,Gamay,88,France,France,France
Italy,Marchesi de' Frescobaldi 2015 Ammiraglia Massovivo Vermentino (Toscana),Kerin O’Keefe,18.0,Vermentino,87,Italy,Italy,Italy
Italy,Sturm 2014 Sauvignon (Collio),Kerin O’Keefe,24.0,Sauvignon,92,Italy,Italy,
New Zealand,Stoneleigh 2008 Sauvignon Blanc (Marlborough),Joe Czerwinski,19.0,Sauvignon Blanc,88,New Zealand,New Zealand,
US,Qupé 2013 Sawyer Lindquist Vineyard Grenache (Edna Valley),Matt Kettmann,35.0,Grenache,91,US,US,
US,Fullerton 2015 Three Otters Pinot Noir Rosé (Willamette Valley),Paul Gregutt,18.0,Rosé,87,US,US,
Italy,Feudo di Santa Tresa 2011 Purato Made With Organic Grapes Nero d'Avola (Sicilia),,12.0,Nero d'Avola,86,Italy,US,
New Zealand,Akarua 2012 Bannockburn Pinot Noir (Central Otago),Joe Czerwinski,50.0,Pinot Noir,91,New Zealand,New Zealand,
US,Rex Hill 2014 Sims Vineyard Pinot Noir (Willamette Valley),Paul Gregutt,55.0,Pinot Noir,91,US,Italy,
US,Alexander Valley Vineyards 2006 Alexander School Reserve Big Barrel Syrah (Alexander Valley),,35.0,Syrah,85,US,US,US
France,Vignerons des Terres Secrètes 2015  Mâcon-Milly Lamartine,Roger Voss,15.0,Chardonnay,86,France,US,
US,Terre Rouge 2014 Enigma White (Sierra Foothills),Jim Gordon,25.0,White Blend,93,US,US,US
US,Basel Cellars 2013 Inspired Red (Columbia Valley (WA)),Sean P. Sullivan,46.0,Bordeaux-style Red Blend,86,US,US,
France,Château Ferrière 2009  Margaux,Roger Voss,45.0,Bordeaux-style Red Blend,90,France,Spain,France
US,Rochioli 2014 South River Chardonnay (Russian River Valley),Virginie Boone,68.0,Chardonnay,96,US,US,
US,Prospect 772 2014 Stepping Stones Grenache Blanc (Santa Barbara County),Jim Gordon,27.0,Grenache Blanc,89,US,US,
US,Stone The Crows 2013 Three Twins Vineyard Fallen Feather Cabernet Sauvignon (Napa Valley),Virginie Boone,75.0,Cabernet Sauvignon,92,US,US,
US,Conn Creek 2013 El Adobo Ranch Vineyard Cabernet Sauvignon (Chiles Valley),Virginie Boone,90.0,Cabernet Sauvignon,91,US,US,
Italy,Majolini 2006 Pas Dosé Aligi Sassu Chardonnay (Franciacorta),Kerin O’Keefe,39.0,Chardonnay,92,Italy,South Africa,Italy
France,Louis Bernard 2009 Red (Côtes du Rhône Villages),Joe Czerwinski,13.0,Rhône-style Red Blend,87,France,France,
Australia,Wakefield 2013 St. Andrews Single Vineyard Release Shiraz (Clare Valley),Joe Czerwinski,60.0,Shiraz,95,Australia,Australia,
France,André Brunel 2014 Domaine de la Becassonne White (Côtes du Rhône),Joe Czerwinski,19.0,Rhône-style White Blend,88,France,France,
Italy,Ridolfi 2012  Rosso di Montalcino,Kerin O’Keefe,20.0,Sangiovese,86,Italy,Italy,
US,Davis Family 2014 Soul Patch Estate Grown Pinot Noir (Russian River Valley),Virginie Boone,55.0,Pinot Noir,91,US,US,
France,Château Haut-Logat 2014  Haut-Médoc,Roger Voss,45.0,Bordeaux-style Red Blend,90,France,US,
Italy,Poggio Alloro 2014 Le Mandorle Riserva  (Vernaccia di San Gimignano),Kerin O’Keefe,29.0,Vernaccia,86,Italy,Italy,
France,Roland Champion NV Brut Rosé  (Champagne),Roger Voss,58.0,Champagne Blend,86,France,Italy,
US,Stomping Ground 2010 Merlot (California),Jim Gordon,10.0,Merlot,86,US,US,US
Italy,Bortolotti NV Dry  (Conegliano Valdobbiadene Prosecco Superiore),,20.0,Glera,87,Italy,Italy,Italy
US,Efeste 2013 Upright Klipsun Vineyard Merlot (Red Mountain),Sean P. Sullivan,39.0,Merlot,90,US,US,US
US,Michael Pozzan 2010 Cabernet Sauvignon (Alexander Valley),,20.0,Cabernet Sauvignon,87,US,US,
US,Pomum 2014 Upland Vineyard Riesling (Snipes Mountain),Sean P. Sullivan,16.0,Riesling,89,US,US,
Italy,St. Pauls 2014 Passion Riserva Pinot Bianco (Alto Adige),Kerin O’Keefe,40.0,Pinot Bianco,90,Italy,Italy,
US,Saddleback 2008 Viognier (Clarksburg),,23.0,Viognier,85,US,US,
US,Testarossa 2015 Rincon Vineyard Chardonnay (Arroyo Grande Valley),Matt Kettmann,49.0,Chardonnay,91,US,US,
US,Carica 2015 Ritchie Vineyard Sauvignon Blanc (Russian River Valley),Virginie Boone,24.0,Sauvignon Blanc,87,US,US,
France,Domaine Faiveley 2014  Gevrey-Chambertin,Roger Voss,70.0,Pinot Noir,90,France,France,
US,Iron Horse 2013 Thomas Road Pinot Noir (Green Valley),Virginie Boone,85.0,Pinot Noir,93,US,US,
US,Cobb 2012 Emmaline Ann Vineyard Pinot Noir (Sonoma Coast),Virginie Boone,75.0,Pinot Noir,90,US,US,
US,Mosquito Fleet 2011 Reserve 34 Cabernet Sauvignon (Red Mountain),Sean P. Sullivan,90.0,Cabernet Sauvignon,91,US,US,US
US,Breggo 2008 Gewürztraminer (Anderson Valley),,25.0,Gewürztraminer,85,US,US,US
France,Kuentz-Bas 2007 Cuvée Jerémy Sélection de Grains Nobles Pinot Gris (Alsace),,112.0,Pinot Gris,90,France,France,France
US,Palencia 2016 Albariño (Ancient Lakes),Sean P. Sullivan,20.0,Albariño,86,US,US,US
France,Château Lafon-Rochet 2011  Saint-Estèphe,Roger Voss,,Bordeaux-style Red Blend,92,France,France,
Romania,Cramele Recas 2009 Chardonnay (Recas),Anna Lee C. Iijima,7.0,Chardonnay,87,Romania,US,
France,Domaine Bertagna 2009 Les Dames Huguettes  (Côte de Nuits-Villages),Roger Voss,30.0,Pinot Noir,87,France,France,
US,Le Cadeau 2015 Équinoxe Pinot Noir (Willamette Valley),Paul Gregutt,50.0,Pinot Noir,91,US,US,US
US,Beringer 2007 Alluvium Blanc White (Knights Valley),,16.0,White Blend,86,US,US,
Argentina,Mendel 2015 Semillon (Mendoza),Michael Schachner,25.0,Sémillon,85,Argentina,Argentina,Argentina
US,Testarossa 2006 Thompson Vineyard Syrah (Santa Barbara County),,49.0,Syrah,85,US,US,
US,Work 2004 Reserve Merlot (Sonoma Mountain),,25.0,Merlot,85,US,US,
France,Vignobles 46N118 2007 Noir 46 Malbec (Cahors),Roger Voss,13.0,Malbec,89,France,France,
Spain,Manyana 2008 Tempranillo (Cariñena),Michael Schachner,9.0,Tempranillo,87,Spain,Spain,Spain
US,2nd Chance 2009 Pinot Noir (Santa Maria Valley),,29.0,Pinot Noir,90,US,US,
France,Château Mayne Vieil 2014  Fronsac,Roger Voss,17.0,Bordeaux-style Red Blend,90,France,France,
Italy,Battaglio 2013  Barbaresco,Kerin O’Keefe,60.0,Nebbiolo,87,Italy,Italy,
France,Lassègue 2003  Saint-Émilion,Joe Czerwinski,50.0,Bordeaux-style Red Blend,91,France,France,France
France,Domaine Daniel Dugois 2006 Vin Jaune Savagnin (Arbois),Roger Voss,45.0,Savagnin,92,France,France,
France,Philippe Colin 2014 Les Chenevottes Premier Cru  (Chassagne-Montrachet),Roger Voss,110.0,Chardonnay,95,France,France,
France,Domaine Bott-Geyl 2012 Galets Oligocène Pinot Noir (Alsace),Anne Krebiehl MW,33.0,Pinot Noir,90,France,France,
US,Morro Bay 2006 Split Oak Vineyard Cabernet Sauvignon (California),,12.0,Cabernet Sauvignon,85,US,US,
France,Domaine du Tariquet 2007 Chenin Blanc-Chardonnay (Vin de Pays des Côtes de Gascogne),Roger Voss,12.0,Chenin Blanc-Chardonnay,88,France,Chile,
France,Jeaunaux-Robin NV Brut Zéro Sélection  (Champagne),Roger Voss,42.0,Champagne Blend,91,France,France,
US,RustRidge 2010 Estate Bottled Chardonnay (Napa Valley),,30.0,Chardonnay,85,US,France,
Italy,Ceretto 2003 Bricco Rocche Prapó  (Barolo),,70.0,Nebbiolo,92,Italy,Argentina,
US,Fess Parker 2013 Syrah (Santa Barbara County),Matt Kettmann,28.0,Syrah,90,US,US,
US,Castello di Amorosa 2011 King Ridge Vineyard Pinot Noir (Sonoma Coast),Virginie Boone,69.0,Pinot Noir,87,US,US,
Italy,Grifalco 2013 Daginestra  (Aglianico del Vulture),Kerin O’Keefe,32.0,Aglianico,86,Italy,Spain,
Chile,Sundance 2011 Merlot (Maule Valley),Michael Schachner,9.0,Merlot,86,Chile,Chile,
US,Frank Family 2013 Reserve Winston Hill Vineyard Sangiovese (Rutherford),Virginie Boone,65.0,Sangiovese,87,US,US,
US,Trinity River 2015 Chardonnay,Jim Gordon,18.0,Chardonnay,89,US,US,
Austria,Forstreiter 2012 Schiefer Reserve Grüner Veltliner (Kremstal),Roger Voss,24.0,Grüner Veltliner,92,Austria,Austria,Austria
Argentina,Finca Sophenia 2011 Synthesis Malbec (Tupungato),Michael Schachner,30.0,Malbec,92,Argentina,Argentina,Argentina
US,Robert Mondavi 2015 Fumé Blanc (Napa Valley),Virginie Boone,20.0,Fumé Blanc,90,US,US,
US,Anaba 2007 Chardonnay (Sonoma Coast),,35.0,Chardonnay,88,US,US,
Spain,Ego Bodegas 2014 Goru Verde Monastrell (Jumilla),Michael Schachner,15.0,Monastrell,87,Spain,Spain,
Hungary,Oremus 2005 Eszencia  (Tokaji),Jeff Jenssen,320.0,Furmint,96,Hungary,Hungary,
Chile,G7 2012 Reserva Estate Bottled Cabernet Sauvignon (Loncomilla Valley),Michael Schachner,10.0,Cabernet Sauvignon,86,Chile,Chile,
Chile,Arboleda 2009 Cabernet Sauvignon (Aconcagua Valley),Michael Schachner,19.0,Cabernet Sauvignon,87,Chile,Chile,
US,Pax 2007 Cuvée Christine Syrah (North Coast),,45.0,Syrah,87,US,US,
Italy,Attilio Ghisolfi 2007 Pinay Red (Langhe),,,Red Blend,87,Italy,Chile,Italy
US,Cuda Ridge Wines 2013 Melange d'Amis Reserve Red (Livermore Valley),Jim Gordon,55.0,Bordeaux-style Red Blend,87,US,US,
US,Mount Veeder 2008 Cabernet Sauvignon (Napa Valley),,40.0,Cabernet Sauvignon,87,US,US,
Portugal,Monte da Penha 2005 Grande Reserva Red (Alentejo),Roger Voss,32.0,Portuguese Red,92,Portugal,Portugal,
Chile,Ventisquero 2008 Grey [Glacier] Single Block Trinidad Vineyard Cabernet Sauvignon (Maipo Valley),Michael Schachner,20.0,Cabernet Sauvignon,87,Chile,Chile,
US,Okapi 2013 Estate Cabernet Sauvignon (Napa Valley),Virginie Boone,100.0,Cabernet Sauvignon,86,US,US,
US,Niner 2013 Estate Grown Cabernet Sauvignon (Paso Robles),Matt Kettmann,40.0,Cabernet Sauvignon,92,US,US,
France,Lavau 2015 La Decelle Red,Joe Czerwinski,20.0,Rhône-style Red Blend,89,France,France,
US,Wölffer 2013 Caya Cabernet Franc (Long Island),Anna Lee C. Iijima,35.0,Cabernet Franc,89,US,US,
Chile,Aresti 2008 Estate Selection Sauvignon Blanc (Curicó Valley),Michael Schachner,13.0,Sauvignon Blanc,85,Chile,Chile,
Spain,Juvé y Camps NV Sweet Reserva Sparkling (Cava),Michael Schachner,15.0,Sparkling Blend,86,Spain,Spain,
Austria,Winzer Krems 2016 GV Grüner Veltliner (Niederösterreich),Anne Krebiehl MW,13.0,Grüner Veltliner,89,Austria,Austria,
US,Le Vigne 2014 Di Domenico Cabernet Sauvignon (Paso Robles),Matt Kettmann,38.0,Cabernet Sauvignon,91,US,US,
Italy,Ruffino 2010 Riserva Ducale Oro Gran Selezione  (Chianti Classico),Kerin O’Keefe,43.0,Red Blend,91,Italy,Italy,
Italy,Sant Eurosia 2007 Brut  (Prosecco di Valdobbiadene),,16.0,Prosecco,86,Italy,Italy,
Argentina,Graffigna 2012 Grand Reserve Malbec (San Juan),Michael Schachner,20.0,Malbec,87,Argentina,Argentina,
Austria,Landhaus Mayer 2016 Riesling (Niederösterreich),Anne Krebiehl MW,16.0,Riesling,89,Austria,Italy,
Italy,Paladin 2007 Millesimato Brut Prosecco (Veneto),,20.0,Prosecco,86,Italy,US,
South Africa,Eikendal 2014 Chardonnay (Western Cape),Lauren Buzzeo,20.0,Chardonnay,90,South Africa,France,South Africa
France,Pardon et Fils 2015 Les Quartelets  (Brouilly),Roger Voss,23.0,Gamay,87,France,France,France
Germany,Wittmann 2011 Westhofen Morstein GG Trocken Riesling (Rheinhessen),Anna Lee C. Iijima,115.0,Riesling,92,Germany,US,
Italy,Valdicava 2012  Rosso di Montalcino,Kerin O’Keefe,,Sangiovese,86,Italy,Italy,Italy
Italy,Baracchi Riccardo 2012 Smeriglio Syrah (Cortona),Kerin O’Keefe,35.0,Syrah,90,Italy,Italy,
Argentina,Finca Sophenia 2015 Altosur Sauvignon Blanc (Tupungato),Michael Schachner,12.0,Sauvignon Blanc,87,Argentina,Argentina,
US,Cooper-Garrod 2012 Gravel Ridge Vineyard Chardonnay (Santa Cruz Mountains),Matt Kettmann,29.0,Chardonnay,90,US,US,
Argentina,San Pedro de Yacochuya 2012 Red (Salta),Michael Schachner,25.0,Red Blend,90,Argentina,Argentina,Argentina
US,Brennan 2014 Super Nero Nero d'Avola (Texas),Alexander Peartree,30.0,Nero d'Avola,87,US,US,
US,Las Positas 2014 Verdigris White (California),Jim Gordon,30.0,White Blend,89,US,US,
Italy,Cascina Bruciata 2013  Barbaresco,Kerin O’Keefe,39.0,Nebbiolo,87,Italy,Italy,
US,Roederer Estate NV Brut Sparkling (Anderson Valley),Virginie Boone,23.0,Sparkling Blend,92,US,US,
US,MCV 2014 1105 Red (Paso Robles),Matt Kettmann,48.0,Red Blend,90,US,US,
South Africa,Beaumont 2005 Hope Marguerite Chenin Blanc (Walker Bay),Roger Voss,,Chenin Blanc,90,South Africa,South Africa,
France,Château La Branne 2014  Médoc,Roger Voss,20.0,Bordeaux-style Red Blend,90,France,France,
France,Louis Latour 2014  Criots-Bâtard-Montrachet,Roger Voss,380.0,Chardonnay,95,France,France,
Israel,Or Haganuz 2014 French Blend Red (Galilee),Mike DeSimone,80.0,Bordeaux-style Red Blend,90,Israel,Israel,
France,Château de Bel 2014  Bordeaux Supérieur,Roger Voss,20.0,Bordeaux-style Red Blend,87,France,France,
US,Cambria 2011 Bench Break Vineyard Pinot Noir (Santa Maria Valley),,34.0,Pinot Noir,92,US,US,
France,Mas de Cadenet 2015 Mas Negrel Cadenet Rosé (Côtes de Provence Sainte-Victoire),Roger Voss,40.0,Rosé,93,France,France,
Portugal,Falua 2015 Conde Vimioso Colheita Seleccionada Branco White (Tejo),Roger Voss,9.0,Portuguese White,87,Portugal,Portugal,
France,Georges Duboeuf 2013 Flower Label  (Beaujolais),Roger Voss,12.0,Gamay,86,France,France,France
France,G. H. Mumm NV Mumm de Cramant Blanc de Blancs Chardonnay (Champagne),Roger Voss,62.0,Chardonnay,92,France,France,
Australia,Torbreck 2013 Cuvee Juveniles Red (Barossa Valley),Joe Czerwinski,22.0,Red Blend,90,Australia,Australia,
Chile,Cono Sur 2008 Visión Gewürztraminer (Casablanca Valley),Michael Schachner,15.0,Gewürztraminer,86,Chile,Chile,
Italy,Consorzio Vini Tipici di San Marino NV Moscato (San Marino),,18.0,Moscato,85,Italy,Israel,Italy
Australia,Chambers Rosewood Vineyards NV Rare Muscadelle (Rutherglen),Joe Czerwinski,350.0,Muscadelle,98,Australia,Australia,
US,Z'IVO 2015 Rosé of Pinot Noir (Eola-Amity Hills),Paul Gregutt,25.0,Pinot Noir,86,US,US,
US,Clarksburg Wine Company 2010 Chenin Blanc (Clarksburg),Virginie Boone,16.0,Chenin Blanc,86,US,US,
US,Trailhead 2010 Cabernet Sauvignon (Napa Valley),,30.0,Cabernet Sauvignon,89,US,US,
Argentina,Algodon 2008 Estate Blend Gran Reserva Red,Michael Schachner,37.0,Red Blend,89,Argentina,Argentina,Argentina
Austria,Kohl 2015 Kittl Grüner Veltliner (Weinviertel),Anne Krebiehl MW,23.0,Grüner Veltliner,89,Austria,Austria,
