country,title,taster_name,price,variety,points,variety_len,log_price,points_power_2_plus_price,is_top_quality,points_on_1_to_3_scale,orig_index
US,Pech Merle 2013 Treborce Vineyard Zinfandel (Dry Creek Valley),Virginie Boone,33.0,Zinfandel,85,9,3.4965075614664802,7258.0,0,0,0
Chile,Cono Sur 2012 20 Barrels Cabernet Sauvignon (Maipo Valley),Michael Schachner,32.0,Cabernet Sauvignon,91,18,3.4657359027997265,8313.0,1,2,2
France,Jacquart NV Brut Mosaïque  (Champagne),Roger Voss,40.0,Champagne Blend,87,15,3.6888794541139363,7609.0,0,0,3
US,Insania 2009 Red (Red Mountain),Paul Gregutt,35.0,Red Blend,87,9,3.5553480614894135,7604.0,0,0,4
Romania,Byzantium 2005 Rosso di Valachia Red (Dealu Mare),Susan Kostrzewa,12.0,Red Blend,85,9,2.4849066497880004,7237.0,0,0,5
France,Simonnet-Febvre 2015  Chablis,Roger Voss,24.0,Chardonnay,86,10,3.1780538303479458,7420.0,0,0,6
Spain,J. & F. Lurton 2007 Herederos de François Lurton Villafrance de Duero Red (Vino de la Tierra de Castilla y León),Michael Schachner,13.0,Red Blend,85,9,2.5649493574615367,7238.0,0,0,8
Italy,Tenuta Poggio il Castellare 2009  Brunello di Montalcino,Kerin O’Keefe,70.0,Sangiovese,86,10,4.248495242049359,7466.0,0,0,9
US,Chessman 2014 Cabernet Sauvignon (Santa Ynez Valley),Matt Kettmann,20.0,Cabernet Sauvignon,90,18,2.995732273553991,8120.0,0,1,10
South Africa,Goats do Roam Wine Co. 2008 Goat-Roti Syrah-Viognier (Coastal Region),Lauren Buzzeo,20.0,Syrah-Viognier,89,14,2.995732273553991,7941.0,0,1,15
Italy,Fratelli Zeni 2000 Vigne Alte  (Bianco di Custoza),Joe Czerwinski,11.0,White Blend,88,11,2.3978952727983707,7755.0,0,1,17
France,Vignerons de Bel Air 2011 Eté Indien  (Brouilly),Roger Voss,14.0,Gamay,86,5,2.6390573296152584,7410.0,0,0,19
US,Midsummer Cellars 2013 Cañon Creek Vineyard Cabernet Sauvignon (Napa Valley),Virginie Boone,75.0,Cabernet Sauvignon,93,18,4.31748811353631,8724.0,1,2,22
France,Cave de Beblenheim 2009 Baron de Hoen Riesling (Alsace),Roger Voss,12.0,Riesling,87,8,2.4849066497880004,7581.0,0,0,23
US,Becker 2014 Reserve Bingham Vineyard Roussanne (Texas High Plains),Alexander Peartree,22.0,Roussanne,87,9,3.091042453358316,7591.0,0,0,24
Germany,Maximin Grünhäuser 2015 Trocken Riesling (Mosel),Anna Lee C. Iijima,22.0,Riesling,91,8,3.091042453358316,8303.0,1,2,25
US,Greenwood Ridge 2013 Estate Bottled Syrah (Mendocino Ridge),Jim Gordon,29.0,Syrah,90,5,3.367295829986474,8129.0,0,1,26
France,Domaine des Terrisses 2006 Grande Tradition Red (Gaillac),Roger Voss,14.0,Red Blend,88,9,2.6390573296152584,7758.0,0,1,27
Spain,Navardia 2013 Made With Organic Grapes  (Rioja),Michael Schachner,12.0,Tempranillo Blend,86,17,2.4849066497880004,7408.0,0,0,29
Argentina,Andean Sky 2007 Bonarda (Mendoza),Michael Schachner,10.0,Bonarda,85,7,2.302585092994046,7235.0,0,0,32
Portugal,Ribafreixo 2015 Pato Frio Antão Vaz (Alentejo),Roger Voss,12.0,Antão Vaz,85,9,2.4849066497880004,7237.0,0,0,33
US,St. Julian 2013 Reserve Late Harvest Riesling (Lake Michigan Shore),Alexander Peartree,13.0,Riesling,87,8,2.5649493574615367,7582.0,0,0,36
US,J. Lohr 2014 Gesture G-S-M (Paso Robles),Matt Kettmann,30.0,G-S-M,90,5,3.4011973816621555,8130.0,0,1,37
Chile,J. & F. Lurton 2006 Gran Araucano Cabernet Sauvignon (Colchagua Valley),Michael Schachner,35.0,Cabernet Sauvignon,86,18,3.5553480614894135,7431.0,0,0,38
Italy,Brezza 2015  Dolcetto d'Alba,Kerin O’Keefe,15.0,Dolcetto,89,8,2.70805020110221,7936.0,0,1,39
US,Claudia Springs 2007 Zinfandel (Mendocino County),Virginie Boone,24.0,Zinfandel,87,9,3.1780538303479458,7593.0,0,0,40
Italy,Ornellaia 2014 Le Volte Red (Toscana),Kerin O’Keefe,30.0,Red Blend,87,9,3.4011973816621555,7599.0,0,0,41
Australia,Yalumba 2016 Made With Organic Grapes Chardonnay (South Australia),Joe Czerwinski,18.0,Chardonnay,86,10,2.8903717578961645,7414.0,0,0,43
US,Napa Cellars 2014 Classic Zinfandel (Napa Valley),Virginie Boone,24.0,Zinfandel,86,9,3.1780538303479458,7420.0,0,0,44
Austria,Malat 2015 Crazy Creatures Grüner Veltliner (Kremstal),Anne Krebiehl MW,17.0,Grüner Veltliner,89,16,2.833213344056216,7938.0,0,1,45
France,Lionel Osmin & Cie 2016 La Réserve Petit Manseng (Vin de France),Roger Voss,11.0,Petit Manseng,86,13,2.3978952727983707,7407.0,0,0,46
Germany,Wittmann 2015 Trocken Scheurebe (Rheinhessen),Anna Lee C. Iijima,30.0,Scheurebe,91,9,3.4011973816621555,8311.0,1,2,47
US,Carlisle 2013 Pagani Ranch Zinfandel (Sonoma Valley),Virginie Boone,46.0,Zinfandel,93,9,3.828641396489095,8695.0,1,2,48
France,Château Mougneaux 2014  Bordeaux Supérieur,Roger Voss,16.0,Bordeaux-style Red Blend,87,24,2.772588722239781,7585.0,0,0,51
France,Domaine Jeannin-Naltet 2014 Le Clos l'Evêque Premier Cru  (Mercurey),Roger Voss,60.0,Pinot Noir,91,10,4.0943445622221,8341.0,1,2,52
France,Henri de Villamont 2010 Blagny Premier Cru  (Meursault),Roger Voss,66.0,Chardonnay,92,10,4.189654742026425,8530.0,1,2,53
US,Rainstorm 2013 Pinot Gris (Willamette Valley),Paul Gregutt,14.0,Pinot Gris,87,10,2.6390573296152584,7583.0,0,0,54
US,Lamoreaux Landing 2014 Red Oak Vineyard Riesling (Finger Lakes),Anna Lee C. Iijima,20.0,Riesling,87,8,2.995732273553991,7589.0,0,0,55
France,Château Vray Croix de Gay 2010  Pomerol,Roger Voss,65.0,Bordeaux-style Red Blend,92,24,4.174387269895637,8529.0,1,2,56
Argentina,Sottano 2009 Reserva de Familia Cabernet Sauvignon (Mendoza),Michael Schachner,30.0,Cabernet Sauvignon,89,18,3.4011973816621555,7951.0,0,1,57
Spain,Tandem 2011 Ars In Vitro Tempranillo-Merlot (Navarra),Michael Schachner,15.0,Tempranillo-Merlot,87,18,2.70805020110221,7584.0,0,0,58
Italy,Castello di Neive 2013  Barbaresco,Kerin O’Keefe,35.0,Nebbiolo,87,8,3.5553480614894135,7604.0,0,0,59
US,Dutton Estate 2013 Cohen Vineyard Dutton Ranch Sauvignon Blanc (Russian River Valley),Virginie Boone,23.0,Sauvignon Blanc,91,15,3.1354942159291497,8304.0,1,2,60
US,Heron Hill 2015 Ingle Vineyard Riesling (Finger Lakes),Anna Lee C. Iijima,20.0,Riesling,88,8,2.995732273553991,7764.0,0,1,61
South Africa,Jardin 2009 Nine Yards Chardonnay (Stellenbosch),Lauren Buzzeo,40.0,Chardonnay,89,10,3.6888794541139363,7961.0,0,1,62
US,Rochioli 2014 Sweetwater Chardonnay (Russian River Valley),Virginie Boone,68.0,Chardonnay,96,10,4.219507705176107,9284.0,1,2,63
Australia,Beresford 2014 Handpicked Grenache Rosé (McLaren Vale),Joe Czerwinski,25.0,Rosé,90,4,3.2188758248682006,8125.0,0,1,64
Italy,Valentina Cubi 2008 Morar  (Amarone della Valpolicella),Kerin O’Keefe,69.0,Red Blend,92,9,4.23410650459726,8533.0,1,2,65
US,Ojai 2014 McGinley Vineyard Sauvignon Blanc (Santa Ynez Valley),Matt Kettmann,30.0,Sauvignon Blanc,89,15,3.4011973816621555,7951.0,0,1,67
US,MICA Cellars 2009 Babcock Vineyard Cabernet Franc (Suisun Valley),Virginie Boone,30.0,Cabernet Franc,87,14,3.4011973816621555,7599.0,0,0,68
Italy,Tenuta Forconi 2013 Toscano Red (Toscana),Kerin O’Keefe,80.0,Red Blend,87,9,4.382026634673881,7649.0,0,0,70
Chile,Carmen 2014 Gran Reserva Carmenère (Colchagua Valley),Michael Schachner,15.0,Carmenère,90,9,2.70805020110221,8115.0,0,1,71
France,Domaine de Thulon 2013  Beaujolais-Villages,Roger Voss,15.0,Chardonnay,86,10,2.70805020110221,7411.0,0,0,73
France,Jean-Baptiste Adam 2012 Les Natures Pinot Gris (Alsace),Roger Voss,27.0,Pinot Gris,87,10,3.295836866004329,7596.0,0,0,74
Spain,Spyro 2014 Albariño (Rías Baixas),Michael Schachner,16.0,Albariño,86,8,2.772588722239781,7412.0,0,0,77
US,Melhill 2012 Chardonnay (Sonoma Coast),Virginie Boone,60.0,Chardonnay,92,10,4.0943445622221,8524.0,1,2,78
Australia,Plantagenet 2014 Riesling (Great Southern),Joe Czerwinski,21.0,Riesling,92,8,3.044522437723423,8485.0,1,2,79
France,Famille Perrin 2013 Les Christins Red (Vacqueyras),Joe Czerwinski,32.0,Rhône-style Red Blend,90,21,3.4657359027997265,8132.0,0,1,83
Argentina,Benvenuto de la Serna 2010 Trisagio Malbec-Petit Verdot-Tannat Red (Valle de Uco),Michael Schachner,28.0,Red Blend,91,9,3.332204510175204,8309.0,1,2,84
France,Gadais Père et Fils 2015 Domaine de la Vieille Cure Sur Lie  (Muscadet Sèvre et Maine),Roger Voss,14.0,Melon,88,5,2.6390573296152584,7758.0,0,1,86
US,Easton 2014 Zinfandel (Amador County),Jim Gordon,20.0,Zinfandel,90,9,2.995732273553991,8120.0,0,1,88
Italy,Bel Colle 2012 Simposio  (Barolo),Kerin O’Keefe,60.0,Nebbiolo,95,8,4.0943445622221,9085.0,1,2,89
Chile,Terrapura 2012 Merlot (Curicó Valley),Michael Schachner,11.0,Merlot,86,6,2.3978952727983707,7407.0,0,0,90
France,Domaine du Grand Cros 2011 L'Esprit de Provence Rosé (Côtes de Provence),Roger Voss,20.0,Rosé,87,4,2.995732273553991,7589.0,0,0,91
US,Kynsi 1999 Paragon Vineyard Pinot Noir (Edna Valley),Roger Voss,25.0,Pinot Noir,88,10,3.2188758248682006,7769.0,0,1,92
US,Milbrandt 2013 The Estates Clifton Hill Vineyard Syrah (Wahluke Slope),Sean P. Sullivan,42.0,Syrah,89,5,3.7376696182833684,7963.0,0,1,93
France,Trimbach 2012 Gewurztraminer (Alsace),Roger Voss,24.0,Gewürztraminer,87,14,3.1780538303479458,7593.0,0,0,97
US,Big Basin 2013 Syrah (Santa Cruz Mountains),Matt Kettmann,36.0,Syrah,91,5,3.58351893845611,8317.0,1,2,98
Italy,Moncaro 2015 Le Vele  (Verdicchio dei Castelli di Jesi Classico),Kerin O’Keefe,32.0,Verdicchio,90,10,3.4657359027997265,8132.0,0,1,99
US,Maryhill 2011 Proprietor's Reserve Cabernet Franc (Columbia Valley (WA)),Paul Gregutt,25.0,Cabernet Franc,86,14,3.2188758248682006,7421.0,0,0,100
US,WillaKenzie Estate 2013 Aliette Pinot Noir,Paul Gregutt,48.0,Pinot Noir,92,10,3.871201010907891,8512.0,1,2,101
Chile,Undurraga 2001 Reserva Merlot (Maipo Valley),Michael Schachner,12.0,Merlot,87,6,2.4849066497880004,7581.0,0,0,102
Argentina,Bodega Calle 2014 Alberti 154 Malbec (Mendoza),Michael Schachner,15.0,Malbec,87,6,2.70805020110221,7584.0,0,0,103
US,Midnight 2013 Starlight Sangiovese (Paso Robles),Matt Kettmann,36.0,Sangiovese,89,10,3.58351893845611,7957.0,0,1,104
France,Château de l'Aubrade 2015  Bordeaux Supérieur,Roger Voss,14.0,Bordeaux-style Red Blend,89,24,2.6390573296152584,7935.0,0,1,106
France,Château les Petits Arnauds 2014 Tradition  (Blaye Côtes de Bordeaux),Roger Voss,14.0,Bordeaux-style Red Blend,87,24,2.6390573296152584,7583.0,0,0,107
Portugal,Real Companhia Velha 2014 Evel Tinto Red (Douro),Roger Voss,13.0,Portuguese Red,87,14,2.5649493574615367,7582.0,0,0,108
New Zealand,Saint Clair 2014 Pioneer Block 20 Dillons Point Cash Block Sauvignon Blanc (Marlborough),Joe Czerwinski,28.0,Sauvignon Blanc,91,15,3.332204510175204,8309.0,1,2,109
US,Joseph Jewell 2014 Bucher Vineyard Pinot Noir (Russian River Valley),Virginie Boone,45.0,Pinot Noir,91,10,3.8066624897703196,8326.0,1,2,110
US,Raconteur 2016 White (Washington),Sean P. Sullivan,18.0,White Blend,89,11,2.8903717578961645,7939.0,0,1,111
New Zealand,Cloudy Bay 2014 Sauvignon Blanc (Marlborough),Joe Czerwinski,28.0,Sauvignon Blanc,91,15,3.332204510175204,8309.0,1,2,112
US,Paul O'Brien 2014 Bradley Vineyard Pinot Noir (Umpqua Valley),Paul Gregutt,45.0,Pinot Noir,91,10,3.8066624897703196,8326.0,1,2,113
Italy,Montemercurio 2007 Messaggero  (Vino Nobile di Montepulciano),Kerin O’Keefe,35.0,Sangiovese,92,10,3.5553480614894135,8499.0,1,2,114
Spain,Matarromera 2015 Fermentado en Barrica Verdejo (Rueda),Michael Schachner,40.0,Verdejo,90,7,3.6888794541139363,8140.0,0,1,118
Germany,Weingut Liebfrauenstift 2014 Dry Riesling (Rheinhessen),Anna Lee C. Iijima,16.0,Riesling,91,8,2.772588722239781,8297.0,1,2,120
France,Jacquart NV Mosaïque Rosé Brut  (Champagne),Roger Voss,42.0,Champagne Blend,86,15,3.7376696182833684,7438.0,0,0,122
US,Failla 2013 Keefer Ranch Pinot Noir (Russian River Valley),Virginie Boone,48.0,Pinot Noir,91,10,3.871201010907891,8329.0,1,2,123
US,Folin Cellars 2015 Estate Viognier (Rogue Valley),Paul Gregutt,27.0,Viognier,87,8,3.295836866004329,7596.0,0,0,124
South Africa,Cape View 2011 Chenin Blanc (Stellenbosch),Lauren Buzzeo,12.0,Chenin Blanc,87,12,2.4849066497880004,7581.0,0,0,126
Italy,Brandini 2011 Resa 56  (Barolo),Kerin O’Keefe,90.0,Nebbiolo,93,8,4.499809670330265,8739.0,1,2,129
New Zealand,Otto's Constant Dream 2008 Syrah (Hawke's Bay),Joe Czerwinski,18.0,Syrah,87,5,2.8903717578961645,7587.0,0,0,130
Argentina,Proemio 2009 Gran Reserve Winemaker's Selection Red (Mendoza),Michael Schachner,30.0,Red Blend,87,9,3.4011973816621555,7599.0,0,0,131
Spain,Vinos de Arganza 2013 Marqués de Montejos Selección Mencía (Vino de la Tierra de Castilla y León),Michael Schachner,42.0,Mencía,89,6,3.7376696182833684,7963.0,0,1,132
France,Château Vignelaure 2014 Rosé (Coteaux d'Aix-en-Provence),Roger Voss,20.0,Rosé,91,4,2.995732273553991,8301.0,1,2,135
France,Kiwi Cuvée 2014 Bin 068 Chardonnay (Vin de France),Lauren Buzzeo,10.0,Chardonnay,85,10,2.302585092994046,7235.0,0,0,136
Spain,Bellisco NV Sparkling (Cava),Michael Schachner,11.0,Sparkling Blend,82,15,2.3978952727983707,6735.0,0,0,137
US,Le Cadeau 2011 Blanc de Noir Sparkling (Oregon),Paul Gregutt,50.0,Sparkling Blend,91,15,3.912023005428146,8331.0,1,2,138
Chile,G7 2012 The 7th Generation Gran Reserva Estate Bottled Cabernet Sauvignon (Loncomilla Valley),Michael Schachner,20.0,Cabernet Sauvignon,91,18,2.995732273553991,8301.0,1,2,141
South Africa,Le Riche 2003 Cabernet Sauvignon Reserve Cabernet Sauvignon (Stellenbosch),Roger Voss,45.0,Cabernet Sauvignon,91,18,3.8066624897703196,8326.0,1,2,142
Portugal,Quinta do Vallado 2010 Reserva Branco White (Douro),Roger Voss,50.0,Portuguese White,90,16,3.912023005428146,8150.0,0,1,145
US,Ferrari-Carano 2014 Siena Red (Sonoma County),Virginie Boone,23.0,Red Blend,88,9,3.1354942159291497,7767.0,0,1,146
US,Chehalem 2015 Stoller Vineyards Pinot Blanc (Dundee Hills),Paul Gregutt,29.0,Pinot Blanc,87,11,3.367295829986474,7598.0,0,0,147
Australia,Hungerford Hill 2008 Heavy Metal Shiraz (South Eastern Australia),Joe Czerwinski,15.0,Shiraz,90,6,2.70805020110221,8115.0,0,1,150
France,Collet NV Brut Rosé  (Champagne),Roger Voss,55.0,Champagne Blend,86,15,4.007333185232471,7451.0,0,0,151
US,Kerloo 2015 Blue Mountain Vineyard Grenache Blanc (Walla Walla Valley (WA)),Sean P. Sullivan,20.0,Grenache Blanc,89,14,2.995732273553991,7941.0,0,1,155
US,Terra Valentine 2013 K Block Cabernet Sauvignon (Spring Mountain District),Virginie Boone,85.0,Cabernet Sauvignon,91,18,4.442651256490317,8366.0,1,2,157
Spain,Rafael Cambra 2012 Soplo Garnacha Tintorera (Valencia),Michael Schachner,15.0,Garnacha Tintorera,90,18,2.70805020110221,8115.0,0,1,158
US,St. Amant 2013 Lodi Native Marian's Vineyard Zinfandel (Mokelumne River),Jim Gordon,30.0,Zinfandel,92,9,3.4011973816621555,8494.0,1,2,159
Chile,Conde de Velázquez 2012 Condesa Real Premium Blend Red (Aconcagua Valley),Michael Schachner,29.0,Red Blend,91,9,3.367295829986474,8310.0,1,2,162
Italy,Terre di Giurfo 2011 Mascaria Barricato  (Cerasuolo di Vittoria),Kerin O’Keefe,17.0,Red Blend,87,9,2.833213344056216,7586.0,0,0,163
US,Coelho 2015 Renovação Estate Vineyards Pinot Gris (Willamette Valley),Paul Gregutt,20.0,Pinot Gris,87,10,2.995732273553991,7589.0,0,0,164
France,Bertrand Ambroise 2006  St.-Romain,Roger Voss,35.0,Chardonnay,87,10,3.5553480614894135,7604.0,0,0,165
Chile,De Martino 2010 347 Vineyards Sauvignon Blanc (Central Valley),Michael Schachner,13.0,Sauvignon Blanc,87,15,2.5649493574615367,7582.0,0,0,166
US,Dutton-Goldfield 2014 Dutton Ranch Pinot Noir (Russian River Valley),Virginie Boone,44.0,Pinot Noir,91,10,3.784189633918261,8325.0,1,2,168
US,Le Cadeau 2014 Pinot Noir (Willamette Valley),Paul Gregutt,38.0,Pinot Noir,91,10,3.6375861597263857,8319.0,1,2,171
Italy,Terre di Giurfo 2013 Belsito Frappato (Vittoria),Kerin O’Keefe,16.0,Frappato,87,8,2.772588722239781,7585.0,0,0,172
US,Amalie Robert 2012 i Pinot Noir (Willamette Valley),Paul Gregutt,38.0,Pinot Noir,87,10,3.6375861597263857,7607.0,0,0,173
US,Snoqualmie 2013 Eco Made with Organic Grapes Cabernet Sauvignon (Columbia Valley (WA)),Sean P. Sullivan,13.0,Cabernet Sauvignon,90,18,2.5649493574615367,8113.0,0,1,174
US,Hindsight 2013 Bella Vetta Vineyard Cabernet Sauvignon (Howell Mountain),Virginie Boone,75.0,Cabernet Sauvignon,86,18,4.31748811353631,7471.0,0,0,175
France,Château Mille-Roses 2012  Margaux,Roger Voss,45.0,Bordeaux-style Red Blend,90,24,3.8066624897703196,8145.0,0,1,176
US,Domaine Serene 2010 Evenstad Reserve Pinot Noir (Willamette Valley),Paul Gregutt,65.0,Pinot Noir,92,10,4.174387269895637,8529.0,1,2,177
Australia,D'Arenberg 2006 The Derelict Vineyard Grenache (McLaren Vale),Joe Czerwinski,29.0,Grenache,85,8,3.367295829986474,7254.0,0,0,178
US,Testarossa 2013 Guidotti Vineyard Pinot Noir (Santa Lucia Highlands),Matt Kettmann,64.0,Pinot Noir,91,10,4.1588830833596715,8345.0,1,2,179
US,Barnard Griffin 2014 Signature Cabernet Sauvignon (Columbia Valley (WA)),Sean P. Sullivan,17.0,Cabernet Sauvignon,90,18,2.833213344056216,8117.0,0,1,180
US,Sixteen by Twenty 2014 Chardonnay (Sonoma Coast),Virginie Boone,40.0,Chardonnay,90,10,3.6888794541139363,8140.0,0,1,182
US,Silvertip 2014 Unfiltered Estate Pinot Noir (Santa Cruz Mountains),Matt Kettmann,32.0,Pinot Noir,89,10,3.4657359027997265,7953.0,0,1,183
Germany,Winzergenossenschaft Mayschoss-Altenahr 2013 Trocken Früburgunder (Ahr),Anna Lee C. Iijima,40.0,Früburgunder,90,12,3.6888794541139363,8140.0,0,1,184
South Africa,Delheim 2001 Grand Reserve Cabernet Sauvignon (Simonsberg-Stellenbosch),Roger Voss,30.0,Cabernet Sauvignon,91,18,3.4011973816621555,8311.0,1,2,185
US,Lachini 2007 Pinot Gris (Oregon),Paul Gregutt,20.0,Pinot Gris,88,10,2.995732273553991,7764.0,0,1,186
Chile,Apaltagua 2007 Envero Gran Reserva Carmenère (Colchagua Valley),Michael Schachner,15.0,Carmenère,88,9,2.70805020110221,7759.0,0,1,188
US,Hawkins Cellars 2009 Pinot Noir (Willamette Valley),Paul Gregutt,22.0,Pinot Noir,86,10,3.091042453358316,7418.0,0,0,189
Portugal,Cortes de Cima 2015 Rosé (Alentejano),Roger Voss,22.0,Rosé,85,4,3.091042453358316,7247.0,0,0,190
US,Martin Ranch 2014 J.D. Hurley Zinfandel (Santa Clara Valley),Matt Kettmann,26.0,Zinfandel,87,9,3.258096538021482,7595.0,0,0,191
Austria,Strauss 2016 Classic Sauvignon Blanc (Südsteiermark),Anne Krebiehl MW,20.0,Sauvignon Blanc,89,15,2.995732273553991,7941.0,0,1,192
US,Souverain 2010 Chardonnay (North Coast),Virginie Boone,14.0,Chardonnay,85,10,2.6390573296152584,7239.0,0,0,193
US,Acacia 2013 Pinot Noir (Carneros),Virginie Boone,28.0,Pinot Noir,90,10,3.332204510175204,8128.0,0,1,194
US,Walla Walla Vintners 2013 Cabernet Sauvignon (Walla Walla Valley (WA)),Sean P. Sullivan,38.0,Cabernet Sauvignon,89,18,3.6375861597263857,7959.0,0,1,195
France,Domaines Schlumberger 2010 Kitterlé Grand Cru Riesling (Alsace),Anne Krebiehl MW,36.0,Riesling,92,8,3.58351893845611,8500.0,1,2,196
US,Firesteed 2014 Pinot Gris (Oregon),Paul Gregutt,15.0,Pinot Gris,90,10,2.70805020110221,8115.0,0,1,197
Italy,Canicattì 2009 Aynat Nero d'Avola (Sicilia),Kerin O’Keefe,35.0,Nero d'Avola,87,12,3.5553480614894135,7604.0,0,0,198
France,Domaine Michel Goubard 2014 Mont-Avril  (Côte Chalonnaise),Roger Voss,22.0,Pinot Noir,85,10,3.091042453358316,7247.0,0,0,199
US,Knapp 2011 Chardonnay (Finger Lakes),Anna Lee C. Iijima,12.0,Chardonnay,87,10,2.4849066497880004,7581.0,0,0,200
Chile,Lapostolle 2013 Cuvée Alexandre Apalta Vineyard Made With Organic Grapes Syrah (Colchagua Valley),Michael Schachner,24.0,Syrah,91,5,3.1780538303479458,8305.0,1,2,201
Italy,Poggio Argentiera 2012 Capatosta  (Morellino di Scansano),Kerin O’Keefe,35.0,Red Blend,91,9,3.5553480614894135,8316.0,1,2,203
Australia,Sidewood 2014 Sauvignon Blanc (Adelaide Hills),Joe Czerwinski,18.0,Sauvignon Blanc,87,15,2.8903717578961645,7587.0,0,0,204
France,Mémoires 2015 Rosé (Coteaux Varois en Provence),Roger Voss,11.0,Rosé,82,4,2.3978952727983707,6735.0,0,0,205
Chile,Casa Silva 2008 Gran Reserva Petit Verdot (Colchagua Valley),Michael Schachner,22.0,Petit Verdot,85,12,3.091042453358316,7247.0,0,0,206
US,Seven Falls 2013 Merlot (Wahluke Slope),Sean P. Sullivan,18.0,Merlot,89,6,2.8903717578961645,7939.0,0,1,207
Australia,Kangarilla Road 2012 Alluvial Fans Shiraz (McLaren Vale),Joe Czerwinski,35.0,Shiraz,92,6,3.5553480614894135,8499.0,1,2,208
Italy,Diego Conterno 2012 Ginestra  (Barolo),Kerin O’Keefe,50.0,Nebbiolo,87,8,3.912023005428146,7619.0,0,0,209
France,Willm 2011 Vendanges Tardives Gewurztraminer (Alsace),Anne Krebiehl MW,54.0,Gewürztraminer,92,14,3.9889840465642745,8518.0,1,2,210
South Africa,Jardin 2007 Syrah (Stellenbosch),Lauren Buzzeo,19.0,Syrah,89,5,2.9444389791664403,7940.0,0,1,211
US,Northstar 2013 Red (Walla Walla Valley (WA)),Sean P. Sullivan,50.0,Bordeaux-style Red Blend,91,24,3.912023005428146,8331.0,1,2,212
France,Domaine Sainte-Marie 2014 VieVité Extraordinaire Rosé (Côtes de Provence),Roger Voss,25.0,Rosé,91,4,3.2188758248682006,8306.0,1,2,213
Spain,Bodegas Berceo 2011 Selección Crianza  (Rioja),Michael Schachner,25.0,Tempranillo Blend,90,17,3.2188758248682006,8125.0,0,1,214
Spain,El Coto 2011 Rosado Rosé (Rioja),Michael Schachner,11.0,Rosé,87,4,2.3978952727983707,7580.0,0,0,215
Italy,Fattorie Romeo del Castello 2015 Vigorosa Rosato Nerello Mascalese (Etna),Kerin O’Keefe,28.0,Nerello Mascalese,88,17,3.332204510175204,7772.0,0,1,217
Spain,Pradorey 2010 Vendimia Seleccionada Finca Valdelayegua Single Vineyard Crianza  (Ribera del Duero),Michael Schachner,28.0,Tempranillo Blend,87,17,3.332204510175204,7597.0,0,0,218
US,Friedeman 2013 Dichotomy Pinot Noir (Russian River Valley),Virginie Boone,32.0,Pinot Noir,91,10,3.4657359027997265,8313.0,1,2,219
Argentina,Benegas 2011 Benegas Lynch La Encerrada Estate Vineyard Malbec (Mendoza),Michael Schachner,55.0,Malbec,93,6,4.007333185232471,8704.0,1,2,221
US,Ruby 2015 Steve's Reserve Pinot Noir (Chehalem Mountains),Paul Gregutt,65.0,Pinot Noir,91,10,4.174387269895637,8346.0,1,2,222
Chile,De Martino 1999 Reserva de la Familia Carmenère (Maipo Valley),Michael Schachner,10.0,Carmenère,88,9,2.302585092994046,7754.0,0,1,223
Australia,Mitolo 2016 Jester Sangiovese Rosé (McLaren Vale),Joe Czerwinski,20.0,Rosé,86,4,2.995732273553991,7416.0,0,0,224
Italy,Podere dal Nespoli 2015 Prugneto Sangiovese (Romagna),Kerin O’Keefe,17.0,Sangiovese,86,10,2.833213344056216,7413.0,0,0,225
Portugal,Fiuza 2015 Red (Tejo),Roger Voss,14.0,Tinta Miúda,87,11,2.6390573296152584,7583.0,0,0,231
US,Erath 2009 Bishop Creek Pinot Noir,Paul Gregutt,50.0,Pinot Noir,89,10,3.912023005428146,7971.0,0,1,232
US,Louis M. Martini 2012 Cabernet Sauvignon (Alexander Valley),Virginie Boone,34.0,Cabernet Sauvignon,87,18,3.5263605246161616,7603.0,0,0,233
Italy,Montresor 2001  Bianco di Custoza,Joe Czerwinski,11.0,Garganega,88,9,2.3978952727983707,7755.0,0,1,235
Spain,V&N; Cellars NV Reserva Brut Sparkling (Cava),Michael Schachner,19.0,Sparkling Blend,87,15,2.9444389791664403,7588.0,0,0,236
Spain,Mauro 2005 Red (Vino de la Tierra de Castilla y León),Michael Schachner,53.0,Tempranillo Blend,88,17,3.970291913552122,7797.0,0,1,237
US,Nadia 2012 Quattro Santa Barbara Highlands Vineyard Red (Santa Barbara County),Matt Kettmann,35.0,Red Blend,91,9,3.5553480614894135,8316.0,1,2,239
US,Fenestra 2010 Silvaspoons Vineyard Verdelho (Lodi),Virginie Boone,15.0,Verdelho,87,8,2.70805020110221,7584.0,0,0,241
US,ONX 2013 Reckoning Red (Templeton Gap District),Matt Kettmann,54.0,Red Blend,93,9,3.9889840465642745,8703.0,1,2,242
US,Savage Grace 2016 Orange Oak Ridge Vineyard Gewürztraminer (Columbia Gorge (WA)),Sean P. Sullivan,26.0,Gewürztraminer,89,14,3.258096538021482,7947.0,0,1,243
Spain,Oro de Castilla 2010 Solo Verdejo (Rueda),Michael Schachner,14.0,Verdejo,87,7,2.6390573296152584,7583.0,0,0,244
Chile,TerraMater 2006 Unusual Cabernet-Shiraz-Zinfandel Red (Maipo Valley),Michael Schachner,50.0,Red Blend,88,9,3.912023005428146,7794.0,0,1,245
Italy,Pecchenino 2013 Siri d'Jermu  (Dogliani Superiore),Kerin O’Keefe,35.0,Dolcetto,90,8,3.5553480614894135,8135.0,0,1,246
Austria,Steininger 2016 Grüner Veltliner (Kamptal),Anne Krebiehl MW,18.0,Grüner Veltliner,89,16,2.8903717578961645,7939.0,0,1,248
US,Prospect 772 2014 The Brat Grenache (Calaveras County),Jim Gordon,36.0,Grenache,91,8,3.58351893845611,8317.0,1,2,249
Chile,San Pedro 2002 Castillo de Molina Reserva Chardonnay (Lontué Valley),Michael Schachner,11.0,Chardonnay,87,10,2.3978952727983707,7580.0,0,0,250
US,Amity 2006 Estate Single Vineyard Pinot Noir (Willamette Valley),Paul Gregutt,45.0,Pinot Noir,85,10,3.8066624897703196,7270.0,0,0,252
Australia,Yeringberg 2013 Viognier (Yarra Valley),Joe Czerwinski,60.0,Viognier,92,8,4.0943445622221,8524.0,1,2,253
US,Raphael 2014 Virgin Berry Riesling (North Fork of Long Island),Anna Lee C. Iijima,26.0,Riesling,90,8,3.258096538021482,8126.0,0,1,255
US,Hindsight 2012 Estate Grown Petite Sirah (Calistoga),Virginie Boone,55.0,Petite Sirah,86,12,4.007333185232471,7451.0,0,0,258
Italy,Poggioventoso 2015 Poetico White (Toscana),Kerin O’Keefe,19.0,White Blend,87,11,2.9444389791664403,7588.0,0,0,259
US,W.H. Smith 2012 Reserve Cabernet Sauvignon (Howell Mountain),Virginie Boone,70.0,Cabernet Sauvignon,93,18,4.248495242049359,8719.0,1,2,260
US,Limerick Lane 2013 Hail Mary Syrah-Grenache (Russian River Valley),Virginie Boone,48.0,Syrah-Grenache,93,14,3.871201010907891,8697.0,1,2,261
Chile,Casa Julia 2001 Reserve Cabernet Sauvignon (Maipo Valley),Michael Schachner,12.0,Cabernet Sauvignon,88,18,2.4849066497880004,7756.0,0,1,262
Italy,Madonna Alta 2014 Nativo Red (Toscana),Kerin O’Keefe,16.0,Red Blend,87,9,2.772588722239781,7585.0,0,0,263
US,Pull 2012 BDX Red (Paso Robles),Matt Kettmann,18.0,Bordeaux-style Red Blend,87,24,2.8903717578961645,7587.0,0,0,264
Chile,Ninquén 2009 Antu Cabernet Sauvignon-Carmenère (Colchagua Valley),Michael Schachner,19.0,Cabernet Sauvignon-Carmenère,87,28,2.9444389791664403,7588.0,0,0,266
US,McGregor 2007 Dry Gewürztraminer (Finger Lakes),Susan Kostrzewa,20.0,Gewürztraminer,85,14,2.995732273553991,7245.0,0,0,268
US,Franciscan 2013 Magnificat Meritage (Napa Valley),Virginie Boone,55.0,Meritage,88,8,4.007333185232471,7799.0,0,1,269
Italy,Fattoria Sardi 2015 Rosato (Toscana),Kerin O’Keefe,19.0,Rosato,88,6,2.9444389791664403,7763.0,0,1,271
Chile,Koyle 2015 Costa Pinot Noir (Colchagua Costa),Michael Schachner,35.0,Pinot Noir,83,10,3.5553480614894135,6924.0,0,0,272
Argentina,Domaine Bousquet 2015 Reserve Pinot Gris (Tupungato),Michael Schachner,15.0,Pinot Gris,87,10,2.70805020110221,7584.0,0,0,274
Italy,Borgogno F.lli Serio e Battista 2012  Barolo,Kerin O’Keefe,35.0,Nebbiolo,87,8,3.5553480614894135,7604.0,0,0,275
Spain,Príncipe de Viana 2008 Reserva 1423 Red (Navarra),Michael Schachner,35.0,Red Blend,87,9,3.5553480614894135,7604.0,0,0,276
US,West of Temperance 2012 Rio Vista Vineyard Pinot Noir (Sta. Rita Hills),Matt Kettmann,45.0,Pinot Noir,90,10,3.8066624897703196,8145.0,0,1,277
South Africa,Reyneke 2013 Reserve Sauvignon Blanc (Stellenbosch),Lauren Buzzeo,50.0,Sauvignon Blanc,91,15,3.912023005428146,8331.0,1,2,278
US,Gård 2014 Grand Klasse Reserve Lawrence Vineyards Viognier (Columbia Valley (WA)),Sean P. Sullivan,22.0,Viognier,88,8,3.091042453358316,7766.0,0,1,279
France,Leon Beyer 2012 Gewurztraminer (Alsace),Roger Voss,30.0,Gewürztraminer,87,14,3.4011973816621555,7599.0,0,0,280
US,Le Cadeau 2015 Diversité Pinot Noir (Willamette Valley),Paul Gregutt,50.0,Pinot Noir,91,10,3.912023005428146,8331.0,1,2,282
France,Henry Fessy 2012 Nouveau  (Beaujolais),Roger Voss,9.0,Gamay,86,5,2.1972245773362196,7405.0,0,0,284
US,Dracaena 2013 Cabernet Franc (Paso Robles),Matt Kettmann,28.0,Cabernet Franc,91,14,3.332204510175204,8309.0,1,2,286
US,Lava Cap 2010 Battonage Chardonnay (El Dorado),Virginie Boone,18.0,Chardonnay,87,10,2.8903717578961645,7587.0,0,0,287
Portugal,Quinta do Vallado 2009 Sousão (Douro),Roger Voss,40.0,Sousão,90,6,3.6888794541139363,8140.0,0,1,288
Greece,Lyrarakis 2015 Vilana (Crete),Susan Kostrzewa,13.0,Vilana,89,6,2.5649493574615367,7934.0,0,1,289
Spain,El Coto 2010 Viura (Rioja),Michael Schachner,10.0,Viura,87,5,2.302585092994046,7579.0,0,0,290
US,Ventosa 2015 Pinot Gris (Finger Lakes),Anna Lee C. Iijima,18.0,Pinot Gris,88,10,2.8903717578961645,7762.0,0,1,291
Spain,Luberri 2011 Seis  (Rioja),Michael Schachner,18.0,Tempranillo,89,11,2.8903717578961645,7939.0,0,1,292
Austria,Eschenhof Holzer 2015 Altweingarten Grüner Veltliner (Wagram),Anne Krebiehl MW,12.0,Grüner Veltliner,88,16,2.4849066497880004,7756.0,0,1,294
France,Duménil NV Grande Réserve Premier Cru Brut  (Champagne),Roger Voss,38.0,Champagne Blend,87,15,3.6375861597263857,7607.0,0,0,296
South Africa,Fable Mountain 2011 Night Sky Red (Coastal Region),Lauren Buzzeo,50.0,Rhône-style Red Blend,92,21,3.912023005428146,8514.0,1,2,298
Italy,Graci 2015 Rosso  (Etna),Kerin O’Keefe,30.0,Nerello Mascalese,90,17,3.4011973816621555,8130.0,0,1,301
Spain,Ignacio Marín 2015 Wine Wings Garnacha Rosé (Cariñena),Michael Schachner,18.0,Rosé,87,4,2.8903717578961645,7587.0,0,0,303
Italy,Castello di Neive 2011 Metodo Classico Pinot Nero (Piemonte),Kerin O’Keefe,45.0,Pinot Nero,90,10,3.8066624897703196,8145.0,0,1,304
Italy,Tommasi 2001 Vigneto Santa Cecilia Chardonnay (Valdadige),Joe Czerwinski,9.0,Chardonnay,88,10,2.1972245773362196,7753.0,0,1,305
US,Archgate Cellars 2014 Reserve Bottling Cabernet Sauvignon (Lodi),Jim Gordon,15.0,Cabernet Sauvignon,87,18,2.70805020110221,7584.0,0,0,306
South Africa,Graham Beck 2007 The William Red (Coastal Region),Lauren Buzzeo,18.0,Red Blend,89,9,2.8903717578961645,7939.0,0,1,308
US,Stevens 2016 StevensSteel Chardonnay (Yakima Valley),Sean P. Sullivan,25.0,Chardonnay,89,10,3.2188758248682006,7946.0,0,1,309
Portugal,Solar de Pinheiro 2012 Paço de São Lourenço White (Vinho Verde),Roger Voss,12.0,Portuguese White,87,16,2.4849066497880004,7581.0,0,0,311
Germany,Richard Böcking 2013 Devon Riesling (Mosel),Anna Lee C. Iijima,24.0,Riesling,87,8,3.1780538303479458,7593.0,0,0,312
France,La Chablisienne 2006 Les Vénérables Vieilles Vignes  (Chablis),Roger Voss,27.0,Chardonnay,88,10,3.295836866004329,7771.0,0,1,316
France,Yvon Mau 2007 Premius Bordeaux Sauvignon  (Bordeaux Blanc),Roger Voss,10.0,Sauvignon Blanc,85,15,2.302585092994046,7235.0,0,0,317
Italy,Baglio di Pianetto 2007 Ficiligno White (Sicilia),Kerin O’Keefe,19.0,White Blend,87,11,2.9444389791664403,7588.0,0,0,318
Australia,Jasper Hill 2013 Georgia's Paddock Shiraz (Heathcote),Joe Czerwinski,85.0,Shiraz,95,6,4.442651256490317,9110.0,1,2,319
Italy,Poderi Colla 2013 Costa Bruna  (Barbera d'Alba),Kerin O’Keefe,25.0,Barbera,90,7,3.2188758248682006,8125.0,0,1,320
France,Antoine Moltès & Fils 2015 Tradition Pinot Gris (Alsace),Anne Krebiehl MW,18.0,Pinot Gris,82,10,2.8903717578961645,6742.0,0,0,322
US,ONX 2015 Indie Tempranillo (Templeton Gap District),Matt Kettmann,24.0,Tempranillo,89,11,3.1780538303479458,7945.0,0,1,323
US,Bergevin Lane 2008 Stone Tree Vineyard Intuition Reserve Red (Columbia Valley (WA)),Paul Gregutt,58.0,Bordeaux-style Red Blend,90,24,4.060443010546419,8158.0,0,1,324
US,Francis Coppola 2014 Director's Chardonnay (Sonoma County),Virginie Boone,17.0,Chardonnay,87,10,2.833213344056216,7586.0,0,0,325
Portugal,Adega Cooperativa de Borba 2012 Montes Claros Garrafeira Red (Alentejo),Roger Voss,28.0,Portuguese Red,90,14,3.332204510175204,8128.0,0,1,326
US,Walt 2013 Pinpoint Extreme Pinot Noir (Russian River Valley),Virginie Boone,75.0,Pinot Noir,92,10,4.31748811353631,8539.0,1,2,327
Austria,Fuchs 2015 Grüner Veltliner (Burgenland),Anne Krebiehl MW,12.0,Grüner Veltliner,88,16,2.4849066497880004,7756.0,0,1,328
US,Sanctuary 2013 Bien Nacido Vineyard Pinot Noir (Santa Maria Valley),Matt Kettmann,40.0,Pinot Noir,93,10,3.6888794541139363,8689.0,1,2,329
US,Cocobon 2014 Red (California),Jim Gordon,12.0,Red Blend,86,9,2.4849066497880004,7408.0,0,0,330
France,Domaine Franck Besson 2014 Le Griottier  (Juliénas),Roger Voss,22.0,Gamay,90,5,3.091042453358316,8122.0,0,1,333
Italy,Revello Fratelli 2012 Rocche dell'Annunziata  (Barolo),Kerin O’Keefe,89.0,Nebbiolo,89,8,4.48863636973214,8010.0,0,1,334
US,Alta Colina 2012 Old 900 Syrah (Paso Robles),Matt Kettmann,46.0,Syrah,91,5,3.828641396489095,8327.0,1,2,335
US,Mulvane Wine Co. 2013 The Cypher Red (Napa Valley),Virginie Boone,75.0,Bordeaux-style Red Blend,86,24,4.31748811353631,7471.0,0,0,336
Argentina,Terrazas de Los Andes 2015 Reserva Torrontés (Salta),Michael Schachner,17.0,Torrontés,85,9,2.833213344056216,7242.0,0,0,337
US,Flying Cloud 2014 Cabernet Sauvignon (Paso Robles),Matt Kettmann,20.0,Cabernet Sauvignon,88,18,2.995732273553991,7764.0,0,1,338
Chile,Viña Bisquertt 2007 Casa La Joya Reserve Merlot (Colchagua Valley),Michael Schachner,11.0,Merlot,88,6,2.3978952727983707,7755.0,0,1,339
Greece,My Big Fat Greek Wine 2010 Assyrtico (Santorini),Susan Kostrzewa,15.0,Assyrtico,89,9,2.70805020110221,7936.0,0,1,340
US,Rideau 2014 Estate Syrah,Matt Kettmann,44.0,Syrah,87,5,3.784189633918261,7613.0,0,0,343
US,Keuka Spring 2013 Pre-Emption Vineyard Gewürztraminer (Finger Lakes),Anna Lee C. Iijima,22.0,Gewürztraminer,86,14,3.091042453358316,7418.0,0,0,344
France,Boude Baudin NV B. Zéro Brut Dosage  (Champagne),Roger Voss,59.0,Champagne Blend,91,15,4.07753744390572,8340.0,1,2,345
France,Château Vignelaure 2015 Rosé (Coteaux d'Aix-en-Provence),Roger Voss,20.0,Rosé,93,4,2.995732273553991,8669.0,1,2,346
US,Vintage Cowboy 2016 Chardonnay (Paso Robles),Matt Kettmann,17.0,Chardonnay,89,10,2.833213344056216,7938.0,0,1,347
US,R2 2013 Camp 4 Vineyard Grenache Blanc (Santa Ynez Valley),Matt Kettmann,25.0,Grenache Blanc,87,14,3.2188758248682006,7594.0,0,0,349
Portugal,Herdade Grande 2010 Gerações Colheita Seleccionada Red (Alentejano),Roger Voss,34.0,Portuguese Red,92,14,3.5263605246161616,8498.0,1,2,350
US,"Monte De Oro 2006 Reserve, Vista del Monte Vineyard Syrah (Temecula Valley)",Virginie Boone,70.0,Syrah,87,5,4.248495242049359,7639.0,0,0,351
US,The Grapes of Roth 2014 Dry Riesling (Long Island),Anna Lee C. Iijima,26.0,Riesling,90,8,3.258096538021482,8126.0,0,1,353
Argentina,Antucura 2011 Grand Vin Red (Vista Flores),Michael Schachner,30.0,Bordeaux-style Red Blend,87,24,3.4011973816621555,7599.0,0,0,354
Italy,Ronco del Gelso 1999 Chardonnay (Friuli),Joe Czerwinski,21.0,Chardonnay,88,10,3.044522437723423,7765.0,0,1,355
Australia,Yalumba 2006 Patchwork Shiraz (Barossa),Joe Czerwinski,18.0,Shiraz,88,6,2.8903717578961645,7762.0,0,1,360
Argentina,Durigutti 2014 Bonarda (Mendoza),Michael Schachner,15.0,Bonarda,85,7,2.70805020110221,7240.0,0,0,362
US,Dunbar 2012 Estate Grown Zinfandel (Sonoma Valley),Virginie Boone,32.0,Zinfandel,88,9,3.4657359027997265,7776.0,0,1,364
US,The Withers Winery 2013 Charles Vineyard Pinot Noir (Anderson Valley),Jim Gordon,44.0,Pinot Noir,90,10,3.784189633918261,8144.0,0,1,365
US,Pezzi King 2013 Serracino Reserve Zinfandel (Dry Creek Valley),Virginie Boone,48.0,Zinfandel,82,9,3.871201010907891,6772.0,0,0,367
US,Wrath 2013 Destruction Level Red (Monterey),Matt Kettmann,35.0,Rhône-style Red Blend,91,21,3.5553480614894135,8316.0,1,2,369
Portugal,Quinta do Sagrado 2008 VT '08 Red (Douro),Roger Voss,32.0,Portuguese Red,90,14,3.4657359027997265,8132.0,0,1,371
US,Terre Rouge 2013 Vin Doux Naturel Muscat Blanc à Petits Grains (Shenandoah Valley (CA)),Jim Gordon,20.0,Muscat Blanc à Petits Grains,87,28,2.995732273553991,7589.0,0,0,374
France,H. Blin 2003 Édition Limitée Extra Brut  (Champagne),Roger Voss,70.0,Champagne Blend,92,15,4.248495242049359,8534.0,1,2,376
US,Seven Hills 2013 McClellan Estate Vineyard Malbec (Walla Walla Valley (WA)),Sean P. Sullivan,30.0,Malbec,90,6,3.4011973816621555,8130.0,0,1,378
US,Quiévremont 2012 Meritage (Virginia),Alexander Peartree,32.0,Meritage,87,8,3.4657359027997265,7601.0,0,0,380
Australia,Kooyong 2013 Farrago Chardonnay (Mornington Peninsula),Joe Czerwinski,66.0,Chardonnay,90,10,4.189654742026425,8166.0,0,1,381
Argentina,Viña Cobos 2015 Bramare Marchiori Vineyard Chardonnay (Perdriel),Michael Schachner,46.0,Chardonnay,90,10,3.828641396489095,8146.0,0,1,382
US,Iron Hub 2014 Small Lot Chardonnay (Sierra Foothills),Jim Gordon,27.0,Chardonnay,90,10,3.295836866004329,8127.0,0,1,383
Chile,Lapostolle 2007 Casa Chardonnay (Casablanca Valley),Michael Schachner,14.0,Chardonnay,85,10,2.6390573296152584,7239.0,0,0,384
US,Brian Carter Cellars 2012 Tuttorosso Red (Yakima Valley),Sean P. Sullivan,34.0,Red Blend,90,9,3.5263605246161616,8134.0,0,1,386
Argentina,Finca Las Moras 2007 Reserve Chardonnay (San Juan),Michael Schachner,12.0,Chardonnay,85,10,2.4849066497880004,7237.0,0,0,389
Italy,Tenuta San Giorgio 2012 Ciampoleto  (Rosso di Montalcino),Kerin O’Keefe,28.0,Sangiovese,86,10,3.332204510175204,7424.0,0,0,390
US,Poet's Leap 2014 Riesling (Columbia Valley (WA)),Sean P. Sullivan,20.0,Riesling,90,8,2.995732273553991,8120.0,0,1,391
Hungary,Chateau Dereszla 2014 Dry  (Tokaji),Jeff Jenssen,16.0,White Blend,90,11,2.772588722239781,8116.0,0,1,393
Spain,Marques de Griñon 2010 Single Vineyard Estate Bottled Graciano (Dominio de Valdepusa),Michael Schachner,50.0,Graciano,91,8,3.912023005428146,8331.0,1,2,394
Spain,Acústic 2010 Braó Vinyes Velles Carignan-Grenache (Montsant),Michael Schachner,40.0,Carignan-Grenache,92,17,3.6888794541139363,8504.0,1,2,395
Mexico,Monte Xanic 2012 Viña Kristel Sauvignon Blanc (Valle de Guadalupe),Michael Schachner,15.0,Sauvignon Blanc,87,15,2.70805020110221,7584.0,0,0,396
US,Alleromb 2014 La Reyna Blanca Vineyard Chardonnay (Columbia Valley (WA)),Sean P. Sullivan,38.0,Chardonnay,89,10,3.6375861597263857,7959.0,0,1,397
France,Patriarche Père et Fils 2014  Coteaux Bourguignons,Roger Voss,10.0,Pinot Noir-Gamay,85,16,2.302585092994046,7235.0,0,0,398
Argentina,Gaucho Andino 2011 Winemaker Selection Malbec (Mendoza),Michael Schachner,13.0,Malbec,87,6,2.5649493574615367,7582.0,0,0,399
US,Esterlina 2009 Reserva Pinot Noir (Cole Ranch),Virginie Boone,55.0,Pinot Noir,89,10,4.007333185232471,7976.0,0,1,402
US,Stoller 2013 Nancy's Pinot Noir (Dundee Hills),Paul Gregutt,70.0,Pinot Noir,92,10,4.248495242049359,8534.0,1,2,403
France,Vranken NV Demoiselle Tête de Cuvée Brut  (Champagne),Roger Voss,40.0,Champagne Blend,85,15,3.6888794541139363,7265.0,0,0,404
US,Pull 2013 Chardonnay (Paso Robles),Matt Kettmann,18.0,Chardonnay,87,10,2.8903717578961645,7587.0,0,0,406
Argentina,Tilia 2011 Malbec (Mendoza),Michael Schachner,11.0,Malbec,87,6,2.3978952727983707,7580.0,0,0,407
US,Quady North 2011 Bomba Grenache (Rogue Valley),Sean P. Sullivan,25.0,Grenache,87,8,3.2188758248682006,7594.0,0,0,408
US,Buried Cane 2009 Whiteline No Oak Chardonnay (Columbia Valley (WA)),Paul Gregutt,14.0,Chardonnay,87,10,2.6390573296152584,7583.0,0,0,410
Argentina,Domaine Bousquet 2015 Cabernet Sauvignon (Tupungato),Michael Schachner,14.0,Cabernet Sauvignon,85,18,2.6390573296152584,7239.0,0,0,413
US,Y Rousseau 2012 Le Roi Soleil Cabernet Sauvignon (Mount Veeder),Virginie Boone,80.0,Cabernet Sauvignon,90,18,4.382026634673881,8180.0,0,1,415
US,Davis Family 2014 Starr Ridge Vineyard Pinot Noir (Russian River Valley),Virginie Boone,55.0,Pinot Noir,91,10,4.007333185232471,8336.0,1,2,416
Portugal,Casa de Vilacetinho 2013 Bruto Avesso (Vinho Verde),Roger Voss,30.0,Avesso,87,6,3.4011973816621555,7599.0,0,0,419
Portugal,Casa Santa Vitória 2013 Grande Reserva Tinto Red (Alentejano),Roger Voss,26.0,Portuguese Red,91,14,3.258096538021482,8307.0,1,2,420
France,Mont Gravet 2013 Colombard (Côtes de Gascogne),Roger Voss,9.0,Colombard,86,9,2.1972245773362196,7405.0,0,0,421
Germany,Fritz Haag 2014 Riesling (Mosel),Anna Lee C. Iijima,22.0,Riesling,91,8,3.091042453358316,8303.0,1,2,422
Argentina,Felix Lavaque 2010 Felix Malbec (Cafayate),Michael Schachner,30.0,Malbec,87,6,3.4011973816621555,7599.0,0,0,423
France,Boude Baudin 2010 Cuvée St Clément  (Champagne),Roger Voss,70.0,Champagne Blend,91,15,4.248495242049359,8351.0,1,2,424
Chile,Morandé 2008 Pionero Carmenère (Maipo Valley),Michael Schachner,9.0,Carmenère,85,9,2.1972245773362196,7234.0,0,0,426
US,J. Scott Cellars 2015 Albariño (Oregon),Paul Gregutt,18.0,Albariño,90,8,2.8903717578961645,8118.0,0,1,427
US,D.R. Stephens 2014 Silver Eagle Vineyard Pinot Noir (Sonoma Coast),Virginie Boone,75.0,Pinot Noir,91,10,4.31748811353631,8356.0,1,2,428
US,Chateau Ste. Michelle 2012 Canoe Ridge Vineyard Cabernet Sauvignon (Horse Heaven Hills),Sean P. Sullivan,30.0,Cabernet Sauvignon,90,18,3.4011973816621555,8130.0,0,1,429
US,Sparkman 2009 Stella Mae Red (Red Mountain),Paul Gregutt,45.0,Bordeaux-style Red Blend,87,24,3.8066624897703196,7614.0,0,0,430
US,J. Christopher 2011 Bella Vida Vineyard Unfiltered Pinot Noir (Dundee Hills),Paul Gregutt,52.0,Pinot Noir,92,10,3.9512437185814275,8516.0,1,2,431
New Zealand,Carrick 2013 Unravelled Pinot Noir (Central Otago),Joe Czerwinski,30.0,Pinot Noir,91,10,3.4011973816621555,8311.0,1,2,432
US,Scratch 2013 Grenache (Arroyo Seco),Matt Kettmann,35.0,Grenache,92,8,3.5553480614894135,8499.0,1,2,433
South Africa,Oldenburg 2013 Chardonnay (Stellenbosch),Lauren Buzzeo,25.0,Chardonnay,90,10,3.2188758248682006,8125.0,0,1,434
Italy,Stemmari 2013 Dalila White (Terre Siciliane),Kerin O’Keefe,13.0,White Blend,87,11,2.5649493574615367,7582.0,0,0,435
US,Trione 2012 Henry's Blend Red (Alexander Valley),Virginie Boone,54.0,Bordeaux-style Red Blend,89,24,3.9889840465642745,7975.0,0,1,437
Italy,Travaglini 2014 Nebbiolo (Coste della Sesia),Kerin O’Keefe,23.0,Nebbiolo,87,8,3.1354942159291497,7592.0,0,0,438
US,Winderlea 2014 Weber Vineyard Pinot Noir (Dundee Hills),Paul Gregutt,48.0,Pinot Noir,95,10,3.871201010907891,9073.0,1,2,439
France,Château Pavillon de Boyrein 2006  Graves,Roger Voss,11.0,Bordeaux-style Red Blend,85,24,2.3978952727983707,7236.0,0,0,442
Germany,Dr. Loosen 2011 Wehlener Sonnenuhr Kabinett Riesling (Mosel),Anna Lee C. Iijima,27.0,Riesling,92,8,3.295836866004329,8491.0,1,2,444
US,Brennan 2015 Reddy Vineyard Roussanne (Texas High Plains),Alexander Peartree,18.0,Roussanne,87,9,2.8903717578961645,7587.0,0,0,447
Portugal,Messias 2015 Santola White (Vinho Verde),Roger Voss,8.0,Portuguese White,85,16,2.0794415416798357,7233.0,0,0,448
France,Domaine Roland Schmitt 2014 Grand A du Petit Léon Sylvaner (Alsace),Anne Krebiehl MW,16.0,Sylvaner,90,8,2.772588722239781,8116.0,0,1,450
Chile,Santa Ema 2008 Selected Terroir Chardonnay (Casablanca Valley),Michael Schachner,10.0,Chardonnay,85,10,2.302585092994046,7235.0,0,0,453
France,Clos Troteligotte 2013 K-libre Chenin Blanc (Côtes du Lot),Roger Voss,30.0,Chenin Blanc,86,12,3.4011973816621555,7426.0,0,0,454
US,Cupcake 2016 Rosé (California),Jim Gordon,13.0,Rosé,89,4,2.5649493574615367,7934.0,0,1,455
New Zealand,Kono 2008 Sauvignon Blanc (Marlborough),Joe Czerwinski,9.0,Sauvignon Blanc,85,15,2.1972245773362196,7234.0,0,0,456
US,Claiborne & Churchill 2014 Claiborne Vineyard Riesling (Edna Valley),Matt Kettmann,28.0,Riesling,91,8,3.332204510175204,8309.0,1,2,457
US,Albatross Ridge 2012 Estate Reserve Pinot Noir (Carmel Valley),Matt Kettmann,55.0,Pinot Noir,91,10,4.007333185232471,8336.0,1,2,459
US,Barrister 2012 Sagemoor Cabernet Sauvignon (Columbia Valley (WA)),Sean P. Sullivan,35.0,Cabernet Sauvignon,90,18,3.5553480614894135,8135.0,0,1,460
Australia,Jacob's Creek 2015 Classic Pinot Grigio (South Eastern Australia),Joe Czerwinski,9.0,Pinot Grigio,85,12,2.1972245773362196,7234.0,0,0,461
US,Piña 2013 Wolff Vineyard Cabernet Sauvignon (Yountville),Virginie Boone,85.0,Cabernet Sauvignon,87,18,4.442651256490317,7654.0,0,0,463
South Africa,Oldenburg 2014 Chenin Blanc (Stellenbosch),Lauren Buzzeo,20.0,Chenin Blanc,90,12,2.995732273553991,8120.0,0,1,464
US,Vine Cliff 2014 Chardonnay (Los Carneros),Virginie Boone,40.0,Chardonnay,87,10,3.6888794541139363,7609.0,0,0,465
Chile,Leyda 2015 Single Vineyard Falaris Hill Chardonnay (Leyda Valley),Michael Schachner,18.0,Chardonnay,87,10,2.8903717578961645,7587.0,0,0,466
US,Guardian 2013 Confidential Source Merlot (Columbia Valley (WA)),Sean P. Sullivan,30.0,Merlot,89,6,3.4011973816621555,7951.0,0,1,467
France,Château de Callac 2011  Graves,Roger Voss,20.0,Bordeaux-style Red Blend,89,24,2.995732273553991,7941.0,0,1,468
Germany,Castell 2015 Castell Silvaner (Franken),Anna Lee C. Iijima,16.0,Silvaner,90,8,2.772588722239781,8116.0,0,1,469
Austria,Strauss 2016 Classic Pinot Blanc (Steiermark),Anne Krebiehl MW,18.0,Pinot Blanc,89,11,2.8903717578961645,7939.0,0,1,470
France,Château de Sours 2011 La Fleur d'Amélie  (Bordeaux Blanc),Roger Voss,15.0,Bordeaux-style White Blend,85,26,2.70805020110221,7240.0,0,0,473
Portugal,Herdade Grande 2014 Gerações Colheita Seleccionada Branco White (Alentejano),Roger Voss,30.0,Portuguese White,91,16,3.4011973816621555,8311.0,1,2,474
Spain,Finca del Marquesado 2013 Crianza  (Rioja),Michael Schachner,18.0,Tempranillo Blend,87,17,2.8903717578961645,7587.0,0,0,476
US,Del Carlo Winery 2014 Home Ranch Teldeschi Vineyards Century Old Vine Zinfandel (Dry Creek Valley),Virginie Boone,32.0,Zinfandel,90,9,3.4657359027997265,8132.0,0,1,477
US,Vine Cliff 2013 Chardonnay (Los Carneros),Virginie Boone,40.0,Chardonnay,90,10,3.6888794541139363,8140.0,0,1,478
US,Leaping Horse 2013 Chardonnay (California),Jim Gordon,10.0,Chardonnay,86,10,2.302585092994046,7406.0,0,0,479
Germany,Heinz Eifel 2013 Shine Gewürztraminer (Rheinhessen),Anna Lee C. Iijima,12.0,Gewürztraminer,87,14,2.4849066497880004,7581.0,0,0,481
France,Pommery NV Pop Rosé Extra Dry  (Champagne),Roger Voss,15.0,Champagne Blend,85,15,2.70805020110221,7240.0,0,0,482
Chile,Estampa 2011 Estate Viognier-Chardonnay (Colchagua Valley),Michael Schachner,15.0,Viognier-Chardonnay,86,19,2.70805020110221,7411.0,0,0,483
France,Kuentz-Bas 2014 Pfersigberg Grand Cru Riesling (Alsace),Anne Krebiehl MW,39.0,Riesling,92,8,3.6635616461296463,8503.0,1,2,485
Argentina,Cueva de las Manos 2007 Reserve Malbec (Luján de Cuyo),Michael Schachner,15.0,Malbec,85,6,2.70805020110221,7240.0,0,0,486
US,Berryessa Gap 2015 Albariño (Yolo County),Jim Gordon,25.0,Albariño,89,8,3.2188758248682006,7946.0,0,1,489
US,Coiled 2010 Black Mamba Red,Sean P. Sullivan,28.0,Red Blend,87,9,3.332204510175204,7597.0,0,0,490
France,Domaine du Grand Cros 2014 L'Esprit de Provence Rosé (Côtes de Provence),Roger Voss,20.0,Rosé,91,4,2.995732273553991,8301.0,1,2,491
France,JCB 2014 No. 5 Rosé (Côtes de Provence),Roger Voss,25.0,Rosé,91,4,3.2188758248682006,8306.0,1,2,492
US,Beaver Creek 2008 Fairytale Red (Napa Valley),Virginie Boone,39.0,Red Blend,89,9,3.6635616461296463,7960.0,0,1,493
US,Yardstick 2013 Ruth's Reach Cabernet Sauvignon (Napa Valley),Virginie Boone,25.0,Cabernet Sauvignon,91,18,3.2188758248682006,8306.0,1,2,497
Portugal,Sobredos 2012 Aneto Tinto Red (Douro),Roger Voss,12.0,Portuguese Red,90,14,2.4849066497880004,8112.0,0,1,498
US,Foxen 2014 Tinaquaic Vineyard Chardonnay (Santa Maria Valley),Matt Kettmann,37.0,Chardonnay,92,10,3.6109179126442243,8501.0,1,2,499
Portugal,Maritávora 2009 Reserva Branco White (Douro),Roger Voss,60.0,Portuguese White,90,16,4.0943445622221,8160.0,0,1,500
US,Artesa 2014 Estate Reserve Chardonnay (Carneros),Virginie Boone,35.0,Chardonnay,93,10,3.5553480614894135,8684.0,1,2,501
Germany,Von Schleinitz 2015 Apollo Dry Riesling (Mosel),Anna Lee C. Iijima,29.0,Riesling,90,8,3.367295829986474,8129.0,0,1,502
US,Vincent Vineyards 2012 Family Reserve Cabernet Sauvignon (Santa Ynez Valley),Matt Kettmann,68.0,Cabernet Sauvignon,91,18,4.219507705176107,8349.0,1,2,504
US,Vincent Vineyards 2010 Family Reserve Cabernet Sauvignon (Santa Ynez Valley),Matt Kettmann,68.0,Cabernet Sauvignon,91,18,4.219507705176107,8349.0,1,2,505
Portugal,Casca Wines 2015 Bote Chardonnay-Fernão Pires-Vital White (Lisboa),Roger Voss,8.0,Portuguese White,85,16,2.0794415416798357,7233.0,0,0,506
US,Bella Grace 2013 Estate Zinfandel (Amador County),Jim Gordon,20.0,Zinfandel,87,9,2.995732273553991,7589.0,0,0,507
Portugal,Wines & Winemakers 2015 Casa Ermelinda Freitas Monte de Baía Rosé (Península de Setúbal),Roger Voss,12.0,Rosé,85,4,2.4849066497880004,7237.0,0,0,508
US,Va Piano 2012 Cabernet Sauvignon (Walla Walla Valley (WA)),Sean P. Sullivan,45.0,Cabernet Sauvignon,90,18,3.8066624897703196,8145.0,0,1,509
Australia,Chambers Rosewood Vineyards NV Grand Muscat (Rutherglen),Joe Czerwinski,100.0,Muscat,97,6,4.605170185988092,9509.0,1,2,510
France,Vollereaux 2007 Cuvée Marguerite Brut  (Champagne),Roger Voss,60.0,Champagne Blend,92,15,4.0943445622221,8524.0,1,2,511
US,Lucas Vineyards 2007 Vignoles (Finger Lakes),Susan Kostrzewa,11.0,Vignoles,86,8,2.3978952727983707,7407.0,0,0,512
Australia,Henry's Drive Vignerons 2006 Parson's Flat Shiraz-Cabernet Sauvignon (Padthaway),Joe Czerwinski,40.0,Shiraz-Cabernet Sauvignon,92,25,3.6888794541139363,8504.0,1,2,514
Portugal,Quinta do Portal 2012 Verdelho and Sauvignon Blanc White (Douro),Roger Voss,15.0,Portuguese White,87,16,2.70805020110221,7584.0,0,0,516
Italy,Cantine di Marzo NV Anni Venti Metodo Classico  (Greco di Tufo),Kerin O’Keefe,30.0,Greco,87,5,3.4011973816621555,7599.0,0,0,518
South Africa,Spier 2014 21 Gables Chenin Blanc (Western Cape),Lauren Buzzeo,23.0,Chenin Blanc,90,12,3.1354942159291497,8123.0,0,1,519
US,Raptor Ridge 2012 Estate Grüner Veltliner (Chehalem Mountains),Paul Gregutt,20.0,Grüner Veltliner,87,16,2.995732273553991,7589.0,0,0,520
Australia,Kilikanoon 2009 Green's Vineyard Shiraz (Barossa Valley),Joe Czerwinski,70.0,Shiraz,92,6,4.248495242049359,8534.0,1,2,522
Argentina,Alamos 2007 Torrontés (Salta),Michael Schachner,12.0,Torrontés,88,9,2.4849066497880004,7756.0,0,1,525
Israel,Yatir 2011 Syrah (Judean Hills),Mike DeSimone,50.0,Syrah,90,5,3.912023005428146,8150.0,0,1,526
Spain,Vinos de Arganza 2012 Século Mencía (Bierzo),Michael Schachner,15.0,Mencía,89,6,2.70805020110221,7936.0,0,1,527
US,Red Newt Cellars 2007 Riesling (Finger Lakes),Susan Kostrzewa,14.0,Riesling,85,8,2.6390573296152584,7239.0,0,0,529
US,Patton Valley 2010 Lorna Marie Pinot Noir (Willamette Valley),Paul Gregutt,70.0,Pinot Noir,92,10,4.248495242049359,8534.0,1,2,530
Italy,Boffa 2013 Pajè  (Barbaresco),Kerin O’Keefe,50.0,Nebbiolo,87,8,3.912023005428146,7619.0,0,0,532
US,Columbia Winery 2013 Viognier (Columbia Valley (WA)),Paul Gregutt,26.0,Viognier,86,8,3.258096538021482,7422.0,0,0,533
France,Biecher & Schaal 2014 Altenberg de Bergheim Grand Cru White (Alsace),Anne Krebiehl MW,45.0,Alsace white blend,92,18,3.8066624897703196,8509.0,1,2,536
Chile,Viña Bisquertt 2007 Casa la Joya Reserve Syrah (Colchagua Valley),Michael Schachner,11.0,Syrah,85,5,2.3978952727983707,7236.0,0,0,537
Spain,Agustí Torelló Mata 2015 XIC Xarel-lo (Penedès),Michael Schachner,16.0,Xarel-lo,87,8,2.772588722239781,7585.0,0,0,538
Italy,Dosio 2012  Nebbiolo d'Alba,Kerin O’Keefe,30.0,Nebbiolo,86,8,3.4011973816621555,7426.0,0,0,539
Argentina,El Esteco 2015 Don David Reserve Torrontés (Calchaquí Valley),Michael Schachner,17.0,Torrontés,85,9,2.833213344056216,7242.0,0,0,540
France,Frédéric Brouca 2013 Samsó Seulle Cinsault (Vin de France),Lauren Buzzeo,23.0,Cinsault,87,8,3.1354942159291497,7592.0,0,0,541
Hungary,Samuel Tinon 2015 Megyer Dry Furmint (Tokaj),Jeff Jenssen,36.0,Furmint,90,7,3.58351893845611,8136.0,0,1,542
US,Les Belles Collines 2014 Pinot Gris (California),Virginie Boone,25.0,Pinot Gris,92,10,3.2188758248682006,8489.0,1,2,543
France,Manoir du Carra 2013  Beaujolais-Villages,Roger Voss,16.0,Gamay,86,5,2.772588722239781,7412.0,0,0,546
Italy,Deltetto 2012 Bussia  (Barolo),Kerin O’Keefe,50.0,Nebbiolo,87,8,3.912023005428146,7619.0,0,0,547
US,Colter's Creek 2010 Koos-Koos-Kia Colter's Creek Vineyard Red (Idaho),Sean P. Sullivan,20.0,Red Blend,87,9,2.995732273553991,7589.0,0,0,548
Spain,Juvé y Camps NV Cinta Púrpura Brut Reserva Sparkling (Cava),Michael Schachner,13.0,Sparkling Blend,86,15,2.5649493574615367,7409.0,0,0,549
US,Beringer 2014 Quantum Red (Napa Valley),Virginie Boone,65.0,Red Blend,91,9,4.174387269895637,8346.0,1,2,553
Chile,La Playa 2012 Block Selection Reserve Block N. 10 Merlot (Colchagua Valley),Michael Schachner,12.0,Merlot,86,6,2.4849066497880004,7408.0,0,0,555
Austria,Winzer Krems 2015 Rosé Zweigelt (Niederösterreich),Anne Krebiehl MW,12.0,Zweigelt,89,8,2.4849066497880004,7933.0,0,1,556
Spain,Loess 2009 Collection Blanco Verdejo (Rueda),Michael Schachner,25.0,Verdejo,87,7,3.2188758248682006,7594.0,0,0,557
Italy,Podere Ciona 2014 Semifonte Red (Toscana),Kerin O’Keefe,15.0,Red Blend,87,9,2.70805020110221,7584.0,0,0,558
US,Nottingham Cellars 2012 Ghielmetti Vineyard Micro-lot Reserve Malbec (Livermore Valley),Jim Gordon,50.0,Malbec,91,6,3.912023005428146,8331.0,1,2,559
US,Carabella 2013 Estate Pinot Noir (Chehalem Mountains),Paul Gregutt,40.0,Pinot Noir,90,10,3.6888794541139363,8140.0,0,1,561
US,Quady North 2011 Steel-Ox Viognier (Rogue Valley),Sean P. Sullivan,25.0,Viognier,87,8,3.2188758248682006,7594.0,0,0,562
US,Stags' Leap Winery 2012 Petite Sirah (Napa Valley),Virginie Boone,45.0,Petite Sirah,90,12,3.8066624897703196,8145.0,0,1,563
Italy,Borgo Conventi 2002 I Fiori del Borgo Sauvignon Blanc (Collio),Roger Voss,15.0,Sauvignon Blanc,88,15,2.70805020110221,7759.0,0,1,564
France,Château Lamothe-Vincent 2008 Sauvignon  (Bordeaux Blanc),Roger Voss,10.0,Sauvignon Blanc,85,15,2.302585092994046,7235.0,0,0,565
Spain,Covila 2013 II Crianza  (Rioja),Michael Schachner,15.0,Tempranillo,87,11,2.70805020110221,7584.0,0,0,566
US,Silvan Ridge 2006 Reserve Pinot Noir (Willamette Valley),Paul Gregutt,28.0,Pinot Noir,85,10,3.332204510175204,7253.0,0,0,567
US,Array 2012 Dijon Clone Chardonnay (Yakima Valley),Sean P. Sullivan,32.0,Chardonnay,90,10,3.4657359027997265,8132.0,0,1,569
Germany,Reichsgraf von Kesselstatt 2014 Brauneberger Juffer-Sonnenuhr Spätlese Grosse Lage Riesling (Mosel),Anna Lee C. Iijima,34.0,Riesling,92,8,3.5263605246161616,8498.0,1,2,571
US,Miles 2006 Cabernet Franc (Finger Lakes),Susan Kostrzewa,20.0,Cabernet Franc,85,14,2.995732273553991,7245.0,0,0,572
US,Leonesse Cellars 2007 Signature Selection Syrah (Temecula Valley),Virginie Boone,70.0,Syrah,90,5,4.248495242049359,8170.0,0,1,573
US,Dry Creek Vineyard 2012 DCV2 Estate Four Clones Vineyard Zinfandel (Dry Creek Valley),Virginie Boone,38.0,Zinfandel,91,9,3.6375861597263857,8319.0,1,2,574
Germany,Weingut Hans Bausch 2011 Hattenheimer Hassel Auslese Riesling (Rheingau),Anna Lee C. Iijima,66.0,Riesling,95,8,4.189654742026425,9091.0,1,2,575
South Africa,Hartenberg 2007 Cabernet Sauvignon (Stellenbosch),Lauren Buzzeo,35.0,Cabernet Sauvignon,89,18,3.5553480614894135,7956.0,0,1,576
Italy,Punset 2011 Campo Quadro Riserva  (Barbaresco),Kerin O’Keefe,48.0,Nebbiolo,85,8,3.871201010907891,7273.0,0,0,577
France,Jean-Marc Bernhard 2013 Wineck-Schlossberg Grand Cru Riesling (Alsace),Anne Krebiehl MW,34.0,Riesling,92,8,3.5263605246161616,8498.0,1,2,579
Italy,I Giusti e Zanza 2009 Dulcamara Red (Toscana),Kerin O’Keefe,41.0,Red Blend,92,9,3.713572066704308,8505.0,1,2,580
Italy,Volpe Pasini 2002 Zuc de Volpe Pinot Grigio (Colli Orientali del Friuli),Roger Voss,18.0,Pinot Grigio,88,12,2.8903717578961645,7762.0,0,1,581
Italy,San Michele Eppan 2002 Sanct Valentin Gewürztraminer (Alto Adige),Roger Voss,30.0,Gewürztraminer,88,14,3.4011973816621555,7774.0,0,1,582
Argentina,Mendel 2014 Lunta Malbec (Luján de Cuyo),Michael Schachner,22.0,Malbec,90,6,3.091042453358316,8122.0,0,1,583
US,Yorkville Cellars 2013 Rennie Vineyard Organic Grapes Petit Verdot (Yorkville Highlands),Jim Gordon,32.0,Petit Verdot,87,12,3.4657359027997265,7601.0,0,0,584
Portugal,Santos & Seixo 2014 Santos da Casa Tinto Red (Alentejano),Roger Voss,15.0,Portuguese Red,87,14,2.70805020110221,7584.0,0,0,585
France,Henri de Villamont 2010 Les Feusselottes Premier Cru  (Chambolle-Musigny),Roger Voss,72.0,Pinot Noir,92,10,4.276666119016055,8536.0,1,2,586
Spain,Aleo 2009 Tempranillo (Vino de la Tierra de Castilla y León),Michael Schachner,16.0,Tempranillo,87,11,2.772588722239781,7585.0,0,0,588
France,Domaines Schlumberger 2012 Kessler Grand Cru Pinot Gris (Alsace),Anne Krebiehl MW,30.0,Pinot Gris,92,10,3.4011973816621555,8494.0,1,2,589
Argentina,Pascual Toso 2007 Reserve Las Barrancas Vineyards Cabernet Sauvignon (Mendoza),Michael Schachner,20.0,Cabernet Sauvignon,88,18,2.995732273553991,7764.0,0,1,590
Germany,Bex 2014 Riesling (Nahe),Anna Lee C. Iijima,10.0,Riesling,87,8,2.302585092994046,7579.0,0,0,592
Germany,Dr. H. Thanisch (Erben Thanisch) 2014 Thanisch Kabinett Riesling (Mosel),Anna Lee C. Iijima,30.0,Riesling,90,8,3.4011973816621555,8130.0,0,1,594
US,Deerfield Ranch NV Tawny Estate Syrah (Sonoma Valley),Virginie Boone,50.0,Syrah,90,5,3.912023005428146,8150.0,0,1,595
US,Purple Hands 2014 Freedom Hill Vineyard Pinot Noir (Willamette Valley),Paul Gregutt,50.0,Pinot Noir,92,10,3.912023005428146,8514.0,1,2,596
Italy,Cottanera 2015 Bianco  (Etna),Kerin O’Keefe,24.0,Carricante,90,10,3.1780538303479458,8124.0,0,1,597
Spain,Resalte 2010 Gran Resalte  (Ribera del Duero),Michael Schachner,88.0,Tempranillo,93,11,4.477336814478207,8737.0,1,2,598
US,Chateau Lafayette Reneau 2016 Pinot Noir Rosé (Finger Lakes),Anna Lee C. Iijima,17.0,Rosé,89,4,2.833213344056216,7938.0,0,1,600
France,Château Corbin 2014 Divin de Corbin  (Saint-Émilion),Roger Voss,35.0,Bordeaux-style Red Blend,90,24,3.5553480614894135,8135.0,0,1,601
Germany,P.J. Valckenberg 2015 Undone Dry Riesling (Rheinhessen),Anna Lee C. Iijima,10.0,Riesling,86,8,2.302585092994046,7406.0,0,0,602
US,Woodinville Wine Cellars 2012 Little Bear Creek Red (Columbia Valley (WA)),Sean P. Sullivan,20.0,Bordeaux-style Red Blend,91,24,2.995732273553991,8301.0,1,2,604
US,Structure 2014 Wallula Syrah (Horse Heaven Hills),Sean P. Sullivan,35.0,Syrah,91,5,3.5553480614894135,8316.0,1,2,606
US,Erath 2010 Hyland Pinot Noir (McMinnville),Paul Gregutt,50.0,Pinot Noir,86,10,3.912023005428146,7446.0,0,0,607
US,Flying Goat Cellars 2012 Bien Nacido Vineyard Pinot Noir (Santa Maria Valley),Matt Kettmann,60.0,Pinot Noir,93,10,4.0943445622221,8709.0,1,2,608
Germany,Fritz Haag 2014 Brauneberger Feinherb Riesling (Mosel),Anna Lee C. Iijima,30.0,Riesling,91,8,3.4011973816621555,8311.0,1,2,609
France,Sipp Mack 2014 Rosacker Grand Cru Riesling (Alsace),Anne Krebiehl MW,43.0,Riesling,92,8,3.7612001156935624,8507.0,1,2,610
US,Owen Roe 2009 Slide Mountain Vineyard Cabernet Franc (Yakima Valley),Paul Gregutt,72.0,Cabernet Franc,90,14,4.276666119016055,8172.0,0,1,611
US,Edna Valley Vineyard 2013 Reserve Chardonnay (Edna Valley),Matt Kettmann,35.0,Chardonnay,90,10,3.5553480614894135,8135.0,0,1,612
US,Ektimo Vineyards 2014 Pinot Noir (Russian River Valley),Virginie Boone,34.0,Pinot Noir,87,10,3.5263605246161616,7603.0,0,0,614
France,Domaine Poulleau Père et Fils 2014  Chorey-lès-Beaune,Roger Voss,40.0,Pinot Noir,85,10,3.6888794541139363,7265.0,0,0,615
France,Henry Fessy 2015  Juliénas,Roger Voss,20.0,Gamay,88,5,2.995732273553991,7764.0,0,1,616
US,Flying Goat Cellars 2012 Rancho Santa Rosa Vineyard Pinot Noir (Sta. Rita Hills),Matt Kettmann,48.0,Pinot Noir,93,10,3.871201010907891,8697.0,1,2,617
France,Domaine du Tariquet 2007 Ugni Blanc-Colombard (Vin de Pays des Côtes de Gascogne),Roger Voss,9.0,Ugni Blanc-Colombard,85,20,2.1972245773362196,7234.0,0,0,618
France,Paul Reitz 2014  Saint-Véran,Roger Voss,20.0,Chardonnay,85,10,2.995732273553991,7245.0,0,0,619
France,Château de Campuget 2016 Tradition Rosé (Costières de Nîmes),Joe Czerwinski,11.0,Rosé,89,4,2.3978952727983707,7932.0,0,1,620
Austria,Nittnaus Hans und Christine 2013 Nit'ana Red (Burgenland),Anne Krebiehl MW,35.0,Red Blend,91,9,3.5553480614894135,8316.0,1,2,621
US,Chehalem 2011 Ridgecrest Vineyards Pinot Noir (Ribbon Ridge),Paul Gregutt,50.0,Pinot Noir,92,10,3.912023005428146,8514.0,1,2,622
Argentina,Clos d'Argentine 2013 Winemaker's Selection Reserva Malbec (Mendoza),Michael Schachner,42.0,Malbec,93,6,3.7376696182833684,8691.0,1,2,623
Spain,Vall Llach 2007 Idus Red (Priorat),Michael Schachner,50.0,Red Blend,90,9,3.912023005428146,8150.0,0,1,624
US,Courtney Benham 2014 Cabernet Sauvignon (Napa Valley),Virginie Boone,25.0,Cabernet Sauvignon,90,18,3.2188758248682006,8125.0,0,1,625
US,Buttonwood 2015 Grenache Blanc (Santa Ynez Valley),Matt Kettmann,22.0,Grenache Blanc,90,14,3.091042453358316,8122.0,0,1,627
Chile,Cono Sur 2008 Visión Pinot Noir (Colchagua Valley),Michael Schachner,15.0,Pinot Noir,85,10,2.70805020110221,7240.0,0,0,628
Australia,42°S 2008 Pinot Noir (Tasmania),Joe Czerwinski,18.0,Pinot Noir,87,10,2.8903717578961645,7587.0,0,0,629
France,Domaine Barmès-Buecher 2014 Rosenberg Sylvaner (Alsace),Anne Krebiehl MW,24.0,Sylvaner,90,8,3.1780538303479458,8124.0,0,1,630
Portugal,Quinta de Foz de Arouce 2013 Red (Beira Atlantico),Roger Voss,20.0,Portuguese Red,90,14,2.995732273553991,8120.0,0,1,631
US,Sweet Cheeks 2012 Vintner's Reserve Wild Child Block Pinot Noir (Willamette Valley),Paul Gregutt,65.0,Pinot Noir,87,10,4.174387269895637,7634.0,0,0,632
Australia,McWilliam's Hanwood Estate 2008 Cabernet Sauvignon (South Eastern Australia),Joe Czerwinski,11.0,Cabernet Sauvignon,87,18,2.3978952727983707,7580.0,0,0,633
Portugal,Luis Duarte 2013 Monte de Carrapatelo Colheita Seleccionada Tinto Red (Alentejano),Roger Voss,30.0,Portuguese Red,92,14,3.4011973816621555,8494.0,1,2,634
Argentina,Lagarde 2013 Henry Legarde Malbec (Luján de Cuyo),Michael Schachner,17.0,Malbec,85,6,2.833213344056216,7242.0,0,0,637
US,Lutum 2014 Gap's Crown Vineyard Chardonnay (Sonoma Coast),Virginie Boone,50.0,Chardonnay,93,10,3.912023005428146,8699.0,1,2,638
Italy,Paolo Manzone 2012 Meriame  (Barolo),Kerin O’Keefe,80.0,Nebbiolo,85,8,4.382026634673881,7305.0,0,0,639
Italy,Castello di Querceto 2010 Cignale Red (Colli della Toscana Centrale),Kerin O’Keefe,70.0,Red Blend,90,9,4.248495242049359,8170.0,0,1,640
Italy,Serpaia di Endrizzi 2010 Dono Riserva  (Morellino di Scansano),Kerin O’Keefe,30.0,Sangiovese,88,10,3.4011973816621555,7774.0,0,1,641
US,Efeste 2014 Lola Evergreen Vineyard Chardonnay (Ancient Lakes),Sean P. Sullivan,35.0,Chardonnay,90,10,3.5553480614894135,8135.0,0,1,642
US,Rascal 2014 Pinot Noir (Oregon),Paul Gregutt,13.0,Pinot Noir,85,10,2.5649493574615367,7238.0,0,0,643
France,Château Bois Chantant 2015  Bordeaux Supérieur,Roger Voss,14.0,Bordeaux-style Red Blend,89,24,2.6390573296152584,7935.0,0,1,644
Austria,Gunter Triebaumer NV Muscato Moscato (Österreichischer Sekt),Roger Voss,18.0,Moscato,87,7,2.8903717578961645,7587.0,0,0,646
US,Lamoreaux Landing 2013 Yellow Dog Vineyard Riesling (Finger Lakes),Anna Lee C. Iijima,20.0,Riesling,86,8,2.995732273553991,7416.0,0,0,650
Italy,Stemmari 2013 Nero d'Avola (Terre Siciliane),Kerin O’Keefe,10.0,Nero d'Avola,87,12,2.302585092994046,7579.0,0,0,653
France,Loup Blanc 2007 La Mère Grand Red (Minervois),Lauren Buzzeo,25.0,Rhône-style Red Blend,90,21,3.2188758248682006,8125.0,0,1,654
US,Bloomer Creek 2006 Gewürztraminer (Finger Lakes),Susan Kostrzewa,16.0,Gewürztraminer,85,14,2.772588722239781,7241.0,0,0,655
France,Jean Milan NV Grande Réserve Blanc de Blancs Grand Cru Brut Chardonnay (Champagne),Roger Voss,66.0,Chardonnay,92,10,4.189654742026425,8530.0,1,2,657
US,Truchard 2012 Estate Cabernet Sauvignon (Carneros),Virginie Boone,38.0,Cabernet Sauvignon,90,18,3.6375861597263857,8138.0,0,1,661
Chile,Valdivieso 2001 Reserve Chardonnay (Central Valley),Michael Schachner,14.0,Chardonnay,88,10,2.6390573296152584,7758.0,0,1,662
US,Kontos 2014 Summit View Vineyard Malbec (Walla Walla Valley (WA)),Sean P. Sullivan,41.0,Malbec,89,6,3.713572066704308,7962.0,0,1,663
US,Ram 2014 Alder Ridge Vineyard Cabernet Franc (Columbia Valley (WA)),Sean P. Sullivan,25.0,Cabernet Franc,86,14,3.2188758248682006,7421.0,0,0,666
France,Henri de Villamont 2010 Les Chatelots Premier Cru  (Chambolle-Musigny),Roger Voss,73.0,Pinot Noir,92,10,4.290459441148391,8537.0,1,2,667
Portugal,Quinta do Monte Xisto 2013 Red (Douro),Roger Voss,80.0,Portuguese Red,92,14,4.382026634673881,8544.0,1,2,668
US,Covington 2006 Rough House Red Red (Walla Walla Valley (WA)),Paul Gregutt,30.0,Red Blend,85,9,3.4011973816621555,7255.0,0,0,670
US,Qupé 2013 Doux Sawyer Lindquist Vineyard Marsanne (Edna Valley),Matt Kettmann,35.0,Marsanne,91,8,3.5553480614894135,8316.0,1,2,671
US,Kontos 2011 Les Collines Vineyard Syrah (Walla Walla Valley (WA)),Paul Gregutt,36.0,Syrah,86,5,3.58351893845611,7432.0,0,0,672
France,Château Cap Saint-Martin 2014  Blaye Côtes de Bordeaux,Roger Voss,18.0,Bordeaux-style Red Blend,87,24,2.8903717578961645,7587.0,0,0,673
US,Sevtap 2015 Golden Horn Sauvignon Blanc (Santa Ynez Valley),Matt Kettmann,26.0,Sauvignon Blanc,86,15,3.258096538021482,7422.0,0,0,674
US,Donkey & Goat 2013 Perli Vineyards Syrah (Mendocino Ridge),Jim Gordon,42.0,Syrah,90,5,3.7376696182833684,8142.0,0,1,675
US,Mirassou 2012 Chardonnay (Central Coast),Matt Kettmann,12.0,Chardonnay,87,10,2.4849066497880004,7581.0,0,0,676
Germany,Carl Graff 2014 Graacher Himmelreich Spätlese Riesling (Mosel),Anna Lee C. Iijima,14.0,Riesling,91,8,2.6390573296152584,8295.0,1,2,677
US,Zerba Cellars 2008 Sangiovese (Walla Walla Valley (WA)),Paul Gregutt,30.0,Sangiovese,87,10,3.4011973816621555,7599.0,0,0,679
Italy,La Vis 2001 Bianco dei Sorni White (Trentino),Joe Czerwinski,15.0,White Blend,88,11,2.70805020110221,7759.0,0,1,680
Spain,Pablo del Villar 2010 Ipsum Verdejo-Viura (Rueda),Michael Schachner,10.0,Verdejo-Viura,87,13,2.302585092994046,7579.0,0,0,682
Italy,Podere Scopetone 2012  Brunello di Montalcino,Kerin O’Keefe,57.0,Sangiovese,90,10,4.04305126783455,8157.0,0,1,683
US,Beacon Hill 2013 Chehalem Mountain Vineyard Pinot Noir (Chehalem Mountains),Paul Gregutt,85.0,Pinot Noir,90,10,4.442651256490317,8185.0,0,1,684
France,Château Bel-Air Ortet 2009  Saint-Estèphe,Roger Voss,35.0,Bordeaux-style Red Blend,90,24,3.5553480614894135,8135.0,0,1,686
France,Château Notre Dame du Quatourze 2015 Rosé (Languedoc),Lauren Buzzeo,16.0,Rosé,83,4,2.772588722239781,6905.0,0,0,687
US,Casa Larga 2008 Fiori Delle Stelle Ice Wine Cabernet Franc (Finger Lakes),Anna Lee C. Iijima,75.0,Cabernet Franc,87,14,4.31748811353631,7644.0,0,0,688
France,Cave de Viré 2015 Grande Réserve du Président  (Mâcon-Villages),Roger Voss,15.0,Chardonnay,85,10,2.70805020110221,7240.0,0,0,689
US,Mont Sec 2015 Mont Sec Vineyards Viognier (Texas),Alexander Peartree,14.0,Viognier,85,8,2.6390573296152584,7239.0,0,0,690
France,Château d'Esclans 2013 Les Clans Rosé (Côtes de Provence),Roger Voss,65.0,Rosé,91,4,4.174387269895637,8346.0,1,2,692
US,Cherry Hill 2006 Papillon Estate Pinot Noir (Willamette Valley),Paul Gregutt,22.0,Pinot Noir,85,10,3.091042453358316,7247.0,0,0,693
Portugal,Quinta de Paços 2015 Casa de Paços Rosé (Vinho Verde),Roger Voss,9.0,Rosé,85,4,2.1972245773362196,7234.0,0,0,694
US,Chehalem 2012 Stoller Vineyards Pinot Blanc (Dundee Hills),Paul Gregutt,29.0,Pinot Blanc,92,11,3.367295829986474,8493.0,1,2,695
France,Fournier Père et Fils 2006 Les Belles Vignes  (Sancerre),Roger Voss,22.0,Sauvignon Blanc,88,15,3.091042453358316,7766.0,0,1,697
US,Finn Hill 2013 Soleil Sauvignon Blanc (Wahluke Slope),Sean P. Sullivan,18.0,Sauvignon Blanc,86,15,2.8903717578961645,7414.0,0,0,698
Italy,Tornatore 2015 Rosato (Etna),Kerin O’Keefe,19.0,Rosato,90,6,2.9444389791664403,8119.0,0,1,699
Austria,Mariell 2009 Blaufränkisch (Leithaberg),Roger Voss,17.0,Blaufränkisch,89,13,2.833213344056216,7938.0,0,1,700
Italy,Terlan 2014 Nova Domus Riserva White (Alto Adige),Kerin O’Keefe,62.0,White Blend,90,11,4.127134385045092,8162.0,0,1,701
US,Chronic Cellars 2013 Mr. Nibbles Red (Paso Robles),Matt Kettmann,35.0,Red Blend,91,9,3.5553480614894135,8316.0,1,2,702
US,Passing Time 2013 Cabernet Sauvignon (Horse Heaven Hills),Sean P. Sullivan,75.0,Cabernet Sauvignon,93,18,4.31748811353631,8724.0,1,2,703
Portugal,Herdade Grande 2015 Audaz Branco White (Alentejano),Roger Voss,10.0,Portuguese White,85,16,2.302585092994046,7235.0,0,0,704
France,Château Riotor 2014 Rosé (Côtes de Provence),Roger Voss,17.0,Rosé,91,4,2.833213344056216,8298.0,1,2,706
Spain,Pata Negra NV Brut Sparkling (Cava),Michael Schachner,15.0,Sparkling Blend,86,15,2.70805020110221,7411.0,0,0,708
Italy,Marchesi Antinori 2015 Villa Antinori White (Toscana),Kerin O’Keefe,14.0,White Blend,87,11,2.6390573296152584,7583.0,0,0,710
US,Turiya 2011 Shapeshifter Red (Central Coast),Matt Kettmann,100.0,Red Blend,93,9,4.605170185988092,8749.0,1,2,711
Italy,Cantina Terlano 2002 Terlano Classico White (Alto Adige),Joe Czerwinski,15.0,White Blend,88,11,2.70805020110221,7759.0,0,1,712
Portugal,Quinta dos Avidagos 2011 Avidagos Red (Douro),Roger Voss,15.0,Portuguese Red,87,14,2.70805020110221,7584.0,0,0,713
France,Château Ségonzac 2014 Vieilles Vignes  (Blaye Côtes de Bordeaux),Roger Voss,14.0,Bordeaux-style Red Blend,87,24,2.6390573296152584,7583.0,0,0,714
US,Loring Wine Company 2014 Durell Vineyard Pinot Noir (Sonoma Coast),Jim Gordon,50.0,Pinot Noir,93,10,3.912023005428146,8699.0,1,2,716
Chile,Aresti 2014 Special Release Reserva Carmenère (Rapel Valley),Michael Schachner,12.0,Carmenère,86,9,2.4849066497880004,7408.0,0,0,717
US,J. Lohr 2015 October Night Chardonnay (Arroyo Seco),Matt Kettmann,25.0,Chardonnay,90,10,3.2188758248682006,8125.0,0,1,718
US,Patton Valley 2010 West Block Pinot Noir (Willamette Valley),Paul Gregutt,48.0,Pinot Noir,92,10,3.871201010907891,8512.0,1,2,720
US,Camaraderie 2009 Tempranillo (Yakima Valley),Paul Gregutt,28.0,Tempranillo,87,11,3.332204510175204,7597.0,0,0,721
US,Macari 2010 Cuvée Gabriella Brut Rosé Sparkling (North Fork of Long Island),Anna Lee C. Iijima,35.0,Sparkling Blend,89,15,3.5553480614894135,7956.0,0,1,722
Canada,Pillitteri 2012 Reserve Icewine Vidal (Niagara-On-The-Lake),Sean P. Sullivan,30.0,Vidal,92,5,3.4011973816621555,8494.0,1,2,723
Italy,Cantina Terlano 2000 Vorberg Pinot Bianco (Alto Adige),Joe Czerwinski,21.0,Pinot Bianco,88,12,3.044522437723423,7765.0,0,1,724
US,Folie à Deux 2015 Pinot Gris (Sonoma Coast),Virginie Boone,18.0,Pinot Gris,88,10,2.8903717578961645,7762.0,0,1,725
Spain,Cavas Hill NV 1887 Rosado Sparkling (Cava),Michael Schachner,13.0,Sparkling Blend,82,15,2.5649493574615367,6737.0,0,0,726
US,Market Vineyards 2008 Dividend Syrah (Columbia Valley (WA)),Paul Gregutt,39.0,Syrah,90,5,3.6635616461296463,8139.0,0,1,727
US,Four Lanterns 2013 Fire Light Syrah (Paso Robles),Matt Kettmann,62.0,Syrah,93,5,4.127134385045092,8711.0,1,2,728
France,Pierre Gimonnet et Fils 2005 Oenophile Premier Cru Blanc de Blancs Extra Brut Chardonnay (Champagne),Roger Voss,72.0,Chardonnay,92,10,4.276666119016055,8536.0,1,2,730
Argentina,O. Fournier 2007 B Crux Red (Uco Valley),Michael Schachner,19.0,Red Blend,89,9,2.9444389791664403,7940.0,0,1,736
France,Domaine Berthoumieu 2013 Charles de Batz Tannat-Cabernet (Madiran),Roger Voss,25.0,Tannat-Cabernet,91,15,3.2188758248682006,8306.0,1,2,737
Portugal,Quinta da Lagoalva de Cima 2013 Lagoalva Barrel Selection Tinto Red (Tejo),Roger Voss,23.0,Portuguese Red,92,14,3.1354942159291497,8487.0,1,2,740
France,Les Vins Aujoux 2013 Belle Grâce  (Beaujolais-Villages),Roger Voss,15.0,Gamay,86,5,2.70805020110221,7411.0,0,0,741
South Africa,Ken Forrester 2011 Petit Chenin Blanc (Western Cape),Lauren Buzzeo,12.0,Chenin Blanc,87,12,2.4849066497880004,7581.0,0,0,742
France,Alain Jaume et Fils 2009 Réserve Grand Veneur Red (Côtes du Rhône),Joe Czerwinski,15.0,Rhône-style Red Blend,87,21,2.70805020110221,7584.0,0,0,744
France,Domaine du Haut-Poncié 2013 Roche Grès  (Moulin-à-Vent),Roger Voss,23.0,Gamay,86,5,3.1354942159291497,7419.0,0,0,745
US,World's End 2013 If Six Was Nine Reserve Cabernet Sauvignon (Napa Valley),Virginie Boone,53.0,Cabernet Sauvignon,93,18,3.970291913552122,8702.0,1,2,747
US,Eighty Four 2010 Petite Sirah (Napa Valley),Virginie Boone,65.0,Petite Sirah,93,12,4.174387269895637,8714.0,1,2,749
Italy,Comm. G. B. Burlotto 2011 Acclivi  (Barolo),Kerin O’Keefe,53.0,Nebbiolo,90,8,3.970291913552122,8153.0,0,1,750
Chile,Emiliana 2008 Natura Chardonnay (Casablanca Valley),Michael Schachner,11.0,Chardonnay,87,10,2.3978952727983707,7580.0,0,0,751
South Africa,Kanonkop 2012 Estate Wine Pinotage (Simonsberg-Stellenbosch),Lauren Buzzeo,40.0,Pinotage,91,8,3.6888794541139363,8321.0,1,2,753
US,Bunnell 2011 ALX Syrah (Columbia Valley (WA)),Sean P. Sullivan,42.0,Syrah,90,5,3.7376696182833684,8142.0,0,1,755
US,Big Basin 2014 Coastview Vineyard Chardonnay (Monterey County),Matt Kettmann,48.0,Chardonnay,91,10,3.871201010907891,8329.0,1,2,756
Chile,Tres Palacios 2011 Reserve Pinot Noir (Maipo Valley),Michael Schachner,13.0,Pinot Noir,85,10,2.5649493574615367,7238.0,0,0,757
US,Limerick Lane 2013 Headpruned Block Syrah (Russian River Valley),Virginie Boone,45.0,Syrah,93,5,3.8066624897703196,8694.0,1,2,759
Italy,Fattoria La Rivolta 2015 Taburno Fiano (Sannio),Kerin O’Keefe,25.0,Fiano,90,5,3.2188758248682006,8125.0,0,1,760
US,Acrobat 2013 Pinot Noir (Oregon),Paul Gregutt,20.0,Pinot Noir,87,10,2.995732273553991,7589.0,0,0,763
France,Chanoine NV Tzarina No 1 Brut  (Champagne),Roger Voss,100.0,Champagne Blend,92,15,4.605170185988092,8564.0,1,2,765
France,Château Vincens 2012 Malbec (Cahors),Roger Voss,35.0,Malbec,91,6,3.5553480614894135,8316.0,1,2,766
Italy,Bersano 2012 Nirvasco  (Barolo),Kerin O’Keefe,50.0,Nebbiolo,87,8,3.912023005428146,7619.0,0,0,768
Australia,Henry's Drive Vignerons 2006 The Trial of John Montford Cabernet Sauvignon (Padthaway),Joe Czerwinski,30.0,Cabernet Sauvignon,87,18,3.4011973816621555,7599.0,0,0,769
US,Firesteed 2012 Riesling (Oregon),Paul Gregutt,15.0,Riesling,90,8,2.70805020110221,8115.0,0,1,771
Austria,Winzer Krems 2011 Kellermeister Privat Goldberg Grüner Veltliner (Kremstal),Roger Voss,18.0,Grüner Veltliner,87,16,2.8903717578961645,7587.0,0,0,773
Chile,Pura 8 2010 Grand Reserve Pinot Noir (Rapel Valley),Michael Schachner,20.0,Pinot Noir,81,10,2.995732273553991,6581.0,0,0,774
Greece,Domaine Sigalas 2010 Asirtiko Athiri White (Santorini),Susan Kostrzewa,18.0,White Blend,87,11,2.8903717578961645,7587.0,0,0,776
US,Monte Volpe 2013 Pinot Grigio (Mendocino),Jim Gordon,15.0,Pinot Grigio,90,12,2.70805020110221,8115.0,0,1,777
US,Paradise Ridge 2012 Rockpile Vineyard Cabernet Sauvignon (Rockpile),Virginie Boone,65.0,Cabernet Sauvignon,90,18,4.174387269895637,8165.0,0,1,779
US,Herencia 2013 Merlot (Napa Valley),Virginie Boone,42.0,Merlot,90,6,3.7376696182833684,8142.0,0,1,780
US,Soquel Vineyards 2013 Intreccio Library Selection Red (Napa Valley),Virginie Boone,75.0,Bordeaux-style Red Blend,88,24,4.31748811353631,7819.0,0,1,781
Italy,Gini 2002 Classico  (Soave),Roger Voss,10.0,White Blend,88,11,2.302585092994046,7754.0,0,1,782
US,Passaggio 2014 Blau Vineyards Merlot (Knights Valley),Virginie Boone,55.0,Merlot,86,6,4.007333185232471,7451.0,0,0,783
Italy,Bellavista 2006 Gran Cuvée Pas Operé Sparkling (Franciacorta),Kerin O’Keefe,50.0,Sparkling Blend,92,15,3.912023005428146,8514.0,1,2,784
US,Mounts 2014 Verah Red (Dry Creek Valley),Virginie Boone,36.0,Rhône-style Red Blend,90,21,3.58351893845611,8136.0,0,1,786
US,Quiévremont 2012 Vin de Maison Red (Virginia),Alexander Peartree,23.0,Red Blend,87,9,3.1354942159291497,7592.0,0,0,790
Argentina,El Enemigo 2012 Bonarda (Mendoza),Michael Schachner,30.0,Bonarda,91,7,3.4011973816621555,8311.0,1,2,791
US,Eco Terreno 2013 Old Vine Cabernet Sauvignon (Alexander Valley),Virginie Boone,40.0,Cabernet Sauvignon,86,18,3.6888794541139363,7436.0,0,0,792
Italy,Marchesi de' Frescobaldi 2014 Castiglioni Red (Toscana),Kerin O’Keefe,30.0,Red Blend,87,9,3.4011973816621555,7599.0,0,0,793
US,Gershon Bachus 2009 Erato De Portola Trail Vineyard Cabernet Franc (Temecula Valley),Matt Kettmann,45.0,Cabernet Franc,90,14,3.8066624897703196,8145.0,0,1,795
US,Lamoreaux Landing 2014 Yellow Dog Vineyard Riesling (Finger Lakes),Anna Lee C. Iijima,20.0,Riesling,87,8,2.995732273553991,7589.0,0,0,797
Australia,Henry's Drive Vignerons 2006 The Trial of John Montford Cabernet Sauvignon (Padthaway),Joe Czerwinski,30.0,Cabernet Sauvignon,87,18,3.4011973816621555,7599.0,0,0,798
New Zealand,Otto's Constant Dream 2008 Syrah (Hawke's Bay),Joe Czerwinski,18.0,Syrah,87,5,2.8903717578961645,7587.0,0,0,799
US,Martin Ranch 2014 J.D. Hurley Zinfandel (Santa Clara Valley),Matt Kettmann,26.0,Zinfandel,87,9,3.258096538021482,7595.0,0,0,800
US,Erath 2009 Bishop Creek Pinot Noir,Paul Gregutt,50.0,Pinot Noir,89,10,3.912023005428146,7971.0,0,1,801
US,Four Lanterns 2013 Fire Light Syrah (Paso Robles),Matt Kettmann,62.0,Syrah,93,5,4.127134385045092,8711.0,1,2,802
Australia,Chambers Rosewood Vineyards NV Grand Muscat (Rutherglen),Joe Czerwinski,100.0,Muscat,97,6,4.605170185988092,9509.0,1,2,803
France,Boude Baudin NV B. Zéro Brut Dosage  (Champagne),Roger Voss,59.0,Champagne Blend,91,15,4.07753744390572,8340.0,1,2,804
Argentina,Clos d'Argentine 2013 Winemaker's Selection Reserva Malbec (Mendoza),Michael Schachner,42.0,Malbec,93,6,3.7376696182833684,8691.0,1,2,805
US,Amity 2006 Estate Single Vineyard Pinot Noir (Willamette Valley),Paul Gregutt,45.0,Pinot Noir,85,10,3.8066624897703196,7270.0,0,0,806
France,Les Vins Aujoux 2013 Belle Grâce  (Beaujolais-Villages),Roger Voss,15.0,Gamay,86,5,2.70805020110221,7411.0,0,0,807
Italy,San Michele Eppan 2002 Sanct Valentin Gewürztraminer (Alto Adige),Roger Voss,30.0,Gewürztraminer,88,14,3.4011973816621555,7774.0,0,1,808
US,Columbia Winery 2013 Viognier (Columbia Valley (WA)),Paul Gregutt,26.0,Viognier,86,8,3.258096538021482,7422.0,0,0,809
US,Ruby 2015 Steve's Reserve Pinot Noir (Chehalem Mountains),Paul Gregutt,65.0,Pinot Noir,91,10,4.174387269895637,8346.0,1,2,810
US,Chehalem 2012 Stoller Vineyards Pinot Blanc (Dundee Hills),Paul Gregutt,29.0,Pinot Blanc,92,11,3.367295829986474,8493.0,1,2,811
France,Jacquart NV Mosaïque Rosé Brut  (Champagne),Roger Voss,42.0,Champagne Blend,86,15,3.7376696182833684,7438.0,0,0,812
Argentina,Pascual Toso 2007 Reserve Las Barrancas Vineyards Cabernet Sauvignon (Mendoza),Michael Schachner,20.0,Cabernet Sauvignon,88,18,2.995732273553991,7764.0,0,1,813
US,Les Belles Collines 2014 Pinot Gris (California),Virginie Boone,25.0,Pinot Gris,92,10,3.2188758248682006,8489.0,1,2,814
US,Walt 2013 Pinpoint Extreme Pinot Noir (Russian River Valley),Virginie Boone,75.0,Pinot Noir,92,10,4.31748811353631,8539.0,1,2,815
US,J. Lohr 2015 October Night Chardonnay (Arroyo Seco),Matt Kettmann,25.0,Chardonnay,90,10,3.2188758248682006,8125.0,0,1,816
France,La Chablisienne 2006 Les Vénérables Vieilles Vignes  (Chablis),Roger Voss,27.0,Chardonnay,88,10,3.295836866004329,7771.0,0,1,817
