country,title,taster_name,price,variety,points,variety_len,log_price,points_power_2_plus_price,is_top_quality,points_on_1_to_3_scale,orig_index
France,Philippe Fontaine NV Brut Prestige  (Champagne),Roger Voss,69.0,Champagne Blend,92,15,4.23410650459726,8533.0,1,2,0
France,Bernard Magrez 2012 La Sérénité des Grands Chênes  (Médoc),Roger Voss,30.0,Bordeaux-style Red Blend,90,24,3.4011973816621555,8130.0,0,1,1
France,Domaine St Pierre 2014 Red (Côtes du Rhône),Joe Czerwinski,16.0,Rhône-style Red Blend,90,21,2.772588722239781,8116.0,0,1,2
France,Château Maison Noble Saint Martin 2015 Château Jean de Bel Air  (Bordeaux),Roger Voss,15.0,Bordeaux-style Red Blend,89,24,2.70805020110221,7936.0,0,1,5
US,Les Belles Collines 2012 Les Sommets Cabernet Sauvignon (Napa Valley),Virginie Boone,85.0,Cabernet Sauvignon,93,18,4.442651256490317,8734.0,1,2,7
Italy,Tenuta La Marchesa 2015 Gold Label  (Gavi),Kerin O’Keefe,15.0,Cortese,89,7,2.70805020110221,7936.0,0,1,8
Italy,Baracchi Riccardo 2011 Smeriglio Riserva Syrah (Cortona),Kerin O’Keefe,50.0,Syrah,90,5,3.912023005428146,8150.0,0,1,9
France,Château Saintongey 2014 Vieilles Vignes  (Bordeaux),Roger Voss,15.0,Bordeaux-style Red Blend,87,24,2.70805020110221,7584.0,0,0,10
Spain,Marqués de Murrieta 2010 Capellanía Viura (Rioja),Michael Schachner,28.0,Viura,92,5,3.332204510175204,8492.0,1,2,11
US,Peconic Bay Winery 2010 Cabernet Franc (North Fork of Long Island),Anna Lee C. Iijima,36.0,Cabernet Franc,87,14,3.58351893845611,7605.0,0,0,13
US,Drumheller 2014 Chardonnay (Columbia Valley (WA)),Sean P. Sullivan,12.0,Chardonnay,86,10,2.4849066497880004,7408.0,0,0,15
US,Still Waters 2010 Malbec (Paso Robles),Matt Kettmann,28.0,Malbec,86,6,3.332204510175204,7424.0,0,0,16
Germany,Dr. Loosen 2011 Ürziger Würzgarten Alte Reben GG Trocken Riesling (Mosel),Anna Lee C. Iijima,42.0,Riesling,92,8,3.7376696182833684,8506.0,1,2,17
Chile,Carmen 2000 Estate Grown Reserve Cabernet Sauvignon (Maipo Valley),Michael Schachner,15.0,Cabernet Sauvignon,88,18,2.70805020110221,7759.0,0,1,18
South Africa,Delaire Graff 2013 Reserve White (Coastal Region),Lauren Buzzeo,40.0,White Blend,90,11,3.6888794541139363,8140.0,0,1,19
US,Ardor 2015 Art Den Hoed Vineyard Syrah (Yakima Valley),Sean P. Sullivan,50.0,Syrah,89,5,3.912023005428146,7971.0,0,1,20
Portugal,Aveleda NV Casal Garcia Rosé Sparkling (Vinho Verde),Roger Voss,12.0,Portuguese Sparkling,87,20,2.4849066497880004,7581.0,0,0,22
Spain,Morlanda 2007 Criança Red (Priorat),Michael Schachner,48.0,Red Blend,90,9,3.871201010907891,8148.0,0,1,24
US,Mellisoni 2014 Malbec (Columbia Valley (WA)),Sean P. Sullivan,55.0,Malbec,86,6,4.007333185232471,7451.0,0,0,25
US,Duckhorn 2012 Rector Creek Vineyard Merlot (Napa Valley),Virginie Boone,95.0,Merlot,91,6,4.553876891600541,8376.0,1,2,26
Spain,Finca Constancia 2011 Parcela 23 Tempranillo (Vino de la Tierra de Castilla),Michael Schachner,20.0,Tempranillo,90,11,2.995732273553991,8120.0,0,1,28
Chile,Viña Tarapacá 2015 Gran Reserva Chardonnay (Leyda Valley),Michael Schachner,19.0,Chardonnay,80,10,2.9444389791664403,6419.0,0,0,29
US,L'Ecole No. 41 2014 Cabernet Sauvignon (Columbia Valley (WA)),Sean P. Sullivan,30.0,Cabernet Sauvignon,89,18,3.4011973816621555,7951.0,0,1,30
Chile,Aresti 2007 Reserva Merlot (Curicó Valley),Michael Schachner,18.0,Merlot,86,6,2.8903717578961645,7414.0,0,0,31
Italy,Abbazia di Novacella 2012 Praepositus Passito Kerner (Alto Adige Valle Isarco),Kerin O’Keefe,30.0,Kerner,93,6,3.4011973816621555,8679.0,1,2,33
US,Coiled 2009 Sidewinder Red,Sean P. Sullivan,25.0,Red Blend,87,9,3.2188758248682006,7594.0,0,0,34
US,Pride Mountain 2012 Cabernet Franc (Sonoma County),Virginie Boone,65.0,Cabernet Franc,91,14,4.174387269895637,8346.0,1,2,35
Italy,Castello di Gabbiano 2012 Bellezza Gran Selezione  (Chianti Classico),Kerin O’Keefe,38.0,Sangiovese,91,10,3.6375861597263857,8319.0,1,2,36
US,Sequum 2013 Four Soil Mélange Cabernet Sauvignon (Napa Valley),Virginie Boone,60.0,Cabernet Sauvignon,90,18,4.0943445622221,8160.0,0,1,37
Italy,Palladino 2011 Ornato  (Barolo),Kerin O’Keefe,65.0,Nebbiolo,90,8,4.174387269895637,8165.0,0,1,38
Austria,Malat 2016 Furth-Palt Riesling (Kremstal),Anne Krebiehl MW,24.0,Riesling,89,8,3.1780538303479458,7945.0,0,1,39
Chile,Lapostolle 2002 Estate Bottled Merlot (Rapel Valley),Michael Schachner,12.0,Merlot,88,6,2.4849066497880004,7756.0,0,1,41
US,Chehalem 2013 Ian's Reserve Chardonnay (Willamette Valley),Paul Gregutt,40.0,Chardonnay,87,10,3.6888794541139363,7609.0,0,0,42
US,Lieb 2015 Bridge Lane Rosé (New York),Anna Lee C. Iijima,18.0,Rosé,89,4,2.8903717578961645,7939.0,0,1,43
US,Sierra Starr 2014 Rising Starr Estate Bottled Cabernet Franc (Nevada County),Jim Gordon,28.0,Cabernet Franc,90,14,3.332204510175204,8128.0,0,1,44
France,Château de Pressac 2014 Les Terrasses de Pressac  (Saint-Émilion),Roger Voss,37.0,Bordeaux-style Red Blend,89,24,3.6109179126442243,7958.0,0,1,45
Argentina,Kaiken 2008 Corte Malbec-Bonarda-Petit Verdot Red (Mendoza),Michael Schachner,14.0,Red Blend,89,9,2.6390573296152584,7935.0,0,1,46
US,Felten Cellars 2013 Tempranillo (Paso Robles),Matt Kettmann,32.0,Tempranillo,85,11,3.4657359027997265,7257.0,0,0,47
Germany,Schmitt Söhne 2015 Riesling (Rheinhessen),Anna Lee C. Iijima,9.0,Riesling,86,8,2.1972245773362196,7405.0,0,0,48
US,Casa Dumetz 2014 Larner Grenache (Ballard Canyon),Matt Kettmann,42.0,Grenache,90,8,3.7376696182833684,8142.0,0,1,49
US,Armida 2013 Tina's Block Maple Vineyard Zinfandel (Dry Creek Valley),Virginie Boone,48.0,Zinfandel,92,9,3.871201010907891,8512.0,1,2,50
US,Tumwater 2014 Prince Hill Vineyard Reserve Pinot Noir (Dundee Hills),Paul Gregutt,55.0,Pinot Noir,91,10,4.007333185232471,8336.0,1,2,51
US,Bianchi 2011 Signature Selection Merlot (Paso Robles),Matt Kettmann,22.0,Merlot,87,6,3.091042453358316,7591.0,0,0,53
Chile,De Martino 2007 Legado Reserva Chardonnay (Limarí Valley),Michael Schachner,18.0,Chardonnay,86,10,2.8903717578961645,7414.0,0,0,55
US,Kirkland Signature 2011 Mountain Cuvée Cabernet Sauvignon (Napa Valley),Virginie Boone,19.0,Cabernet Sauvignon,87,18,2.9444389791664403,7588.0,0,0,56
US,Claiborne & Churchill 2014 Twin Creeks Estate Pinot Noir (Edna Valley),Matt Kettmann,42.0,Pinot Noir,93,10,3.7376696182833684,8691.0,1,2,57
US,Flying Goat Cellars 2012 Solomon Hills Vineyard Pinot Noir (Santa Maria Valley),Matt Kettmann,42.0,Pinot Noir,93,10,3.7376696182833684,8691.0,1,2,58
US,Coelho 2014 Atração Pinot Noir (Willamette Valley),Paul Gregutt,25.0,Pinot Noir,87,10,3.2188758248682006,7594.0,0,0,62
Chile,Cono Sur 2012 20 Barrels Limited Edition Peralillo Estate Merlot (Colchagua Valley),Michael Schachner,35.0,Merlot,91,6,3.5553480614894135,8316.0,1,2,63
France,Domaine de la Bastide Blanche 2014 TwoB Rosé (Côtes de Provence),Roger Voss,20.0,Rosé,91,4,2.995732273553991,8301.0,1,2,64
Italy,Elena Walch 2002 Castel Ringberg Sauvignon Blanc (Alto Adige),Roger Voss,23.0,Sauvignon Blanc,88,15,3.1354942159291497,7767.0,0,1,65
US,Camaraderie 2009 Clifton Vineyard Syrah (Wahluke Slope),Paul Gregutt,28.0,Syrah,87,5,3.332204510175204,7597.0,0,0,66
US,Jack's House 2013 Cabernet Sauvignon (California),Jim Gordon,16.0,Cabernet Sauvignon,85,18,2.772588722239781,7241.0,0,0,67
US,Willamette Valley Vineyards 2009 Estate Pinot Noir (Willamette Valley),Paul Gregutt,40.0,Pinot Noir,89,10,3.6888794541139363,7961.0,0,1,68
Spain,Fuentes 2008 Coraje Red (Priorat),Michael Schachner,44.0,Red Blend,90,9,3.784189633918261,8144.0,0,1,69
France,Henry Fessy 2015  Régnié,Roger Voss,18.0,Gamay,88,5,2.8903717578961645,7762.0,0,1,70
Italy,Marchesi de' Frescobaldi 2015 Ammiraglia Massovivo Vermentino (Toscana),Kerin O’Keefe,18.0,Vermentino,87,10,2.8903717578961645,7587.0,0,0,71
Italy,Sturm 2014 Sauvignon (Collio),Kerin O’Keefe,24.0,Sauvignon,92,9,3.1780538303479458,8488.0,1,2,72
New Zealand,Stoneleigh 2008 Sauvignon Blanc (Marlborough),Joe Czerwinski,19.0,Sauvignon Blanc,88,15,2.9444389791664403,7763.0,0,1,73
US,Qupé 2013 Sawyer Lindquist Vineyard Grenache (Edna Valley),Matt Kettmann,35.0,Grenache,91,8,3.5553480614894135,8316.0,1,2,74
US,Fullerton 2015 Three Otters Pinot Noir Rosé (Willamette Valley),Paul Gregutt,18.0,Rosé,87,4,2.8903717578961645,7587.0,0,0,75
New Zealand,Akarua 2012 Bannockburn Pinot Noir (Central Otago),Joe Czerwinski,50.0,Pinot Noir,91,10,3.912023005428146,8331.0,1,2,77
US,Rex Hill 2014 Sims Vineyard Pinot Noir (Willamette Valley),Paul Gregutt,55.0,Pinot Noir,91,10,4.007333185232471,8336.0,1,2,78
France,Vignerons des Terres Secrètes 2015  Mâcon-Milly Lamartine,Roger Voss,15.0,Chardonnay,86,10,2.70805020110221,7411.0,0,0,80
US,Terre Rouge 2014 Enigma White (Sierra Foothills),Jim Gordon,25.0,White Blend,93,11,3.2188758248682006,8674.0,1,2,81
US,Basel Cellars 2013 Inspired Red (Columbia Valley (WA)),Sean P. Sullivan,46.0,Bordeaux-style Red Blend,86,24,3.828641396489095,7442.0,0,0,82
France,Château Ferrière 2009  Margaux,Roger Voss,45.0,Bordeaux-style Red Blend,90,24,3.8066624897703196,8145.0,0,1,83
US,Rochioli 2014 South River Chardonnay (Russian River Valley),Virginie Boone,68.0,Chardonnay,96,10,4.219507705176107,9284.0,1,2,84
US,Prospect 772 2014 Stepping Stones Grenache Blanc (Santa Barbara County),Jim Gordon,27.0,Grenache Blanc,89,14,3.295836866004329,7948.0,0,1,85
US,Stone The Crows 2013 Three Twins Vineyard Fallen Feather Cabernet Sauvignon (Napa Valley),Virginie Boone,75.0,Cabernet Sauvignon,92,18,4.31748811353631,8539.0,1,2,86
US,Conn Creek 2013 El Adobo Ranch Vineyard Cabernet Sauvignon (Chiles Valley),Virginie Boone,90.0,Cabernet Sauvignon,91,18,4.499809670330265,8371.0,1,2,87
Italy,Majolini 2006 Pas Dosé Aligi Sassu Chardonnay (Franciacorta),Kerin O’Keefe,39.0,Chardonnay,92,10,3.6635616461296463,8503.0,1,2,88
France,Louis Bernard 2009 Red (Côtes du Rhône Villages),Joe Czerwinski,13.0,Rhône-style Red Blend,87,21,2.5649493574615367,7582.0,0,0,89
Australia,Wakefield 2013 St. Andrews Single Vineyard Release Shiraz (Clare Valley),Joe Czerwinski,60.0,Shiraz,95,6,4.0943445622221,9085.0,1,2,90
France,André Brunel 2014 Domaine de la Becassonne White (Côtes du Rhône),Joe Czerwinski,19.0,Rhône-style White Blend,88,23,2.9444389791664403,7763.0,0,1,91
Italy,Ridolfi 2012  Rosso di Montalcino,Kerin O’Keefe,20.0,Sangiovese,86,10,2.995732273553991,7416.0,0,0,92
US,Davis Family 2014 Soul Patch Estate Grown Pinot Noir (Russian River Valley),Virginie Boone,55.0,Pinot Noir,91,10,4.007333185232471,8336.0,1,2,93
France,Château Haut-Logat 2014  Haut-Médoc,Roger Voss,45.0,Bordeaux-style Red Blend,90,24,3.8066624897703196,8145.0,0,1,94
Italy,Poggio Alloro 2014 Le Mandorle Riserva  (Vernaccia di San Gimignano),Kerin O’Keefe,29.0,Vernaccia,86,9,3.367295829986474,7425.0,0,0,95
France,Roland Champion NV Brut Rosé  (Champagne),Roger Voss,58.0,Champagne Blend,86,15,4.060443010546419,7454.0,0,0,96
US,Stomping Ground 2010 Merlot (California),Jim Gordon,10.0,Merlot,86,6,2.302585092994046,7406.0,0,0,97
US,Efeste 2013 Upright Klipsun Vineyard Merlot (Red Mountain),Sean P. Sullivan,39.0,Merlot,90,6,3.6635616461296463,8139.0,0,1,99
US,Pomum 2014 Upland Vineyard Riesling (Snipes Mountain),Sean P. Sullivan,16.0,Riesling,89,8,2.772588722239781,7937.0,0,1,101
Italy,St. Pauls 2014 Passion Riserva Pinot Bianco (Alto Adige),Kerin O’Keefe,40.0,Pinot Bianco,90,12,3.6888794541139363,8140.0,0,1,102
US,Testarossa 2015 Rincon Vineyard Chardonnay (Arroyo Grande Valley),Matt Kettmann,49.0,Chardonnay,91,10,3.8918202981106265,8330.0,1,2,104
US,Carica 2015 Ritchie Vineyard Sauvignon Blanc (Russian River Valley),Virginie Boone,24.0,Sauvignon Blanc,87,15,3.1780538303479458,7593.0,0,0,105
France,Domaine Faiveley 2014  Gevrey-Chambertin,Roger Voss,70.0,Pinot Noir,90,10,4.248495242049359,8170.0,0,1,106
US,Iron Horse 2013 Thomas Road Pinot Noir (Green Valley),Virginie Boone,85.0,Pinot Noir,93,10,4.442651256490317,8734.0,1,2,107
US,Cobb 2012 Emmaline Ann Vineyard Pinot Noir (Sonoma Coast),Virginie Boone,75.0,Pinot Noir,90,10,4.31748811353631,8175.0,0,1,108
US,Mosquito Fleet 2011 Reserve 34 Cabernet Sauvignon (Red Mountain),Sean P. Sullivan,90.0,Cabernet Sauvignon,91,18,4.499809670330265,8371.0,1,2,109
US,Palencia 2016 Albariño (Ancient Lakes),Sean P. Sullivan,20.0,Albariño,86,8,2.995732273553991,7416.0,0,0,112
Romania,Cramele Recas 2009 Chardonnay (Recas),Anna Lee C. Iijima,7.0,Chardonnay,87,10,1.9459101490553132,7576.0,0,0,114
France,Domaine Bertagna 2009 Les Dames Huguettes  (Côte de Nuits-Villages),Roger Voss,30.0,Pinot Noir,87,10,3.4011973816621555,7599.0,0,0,115
US,Le Cadeau 2015 Équinoxe Pinot Noir (Willamette Valley),Paul Gregutt,50.0,Pinot Noir,91,10,3.912023005428146,8331.0,1,2,116
Argentina,Mendel 2015 Semillon (Mendoza),Michael Schachner,25.0,Sémillon,85,8,3.2188758248682006,7250.0,0,0,118
France,Vignobles 46N118 2007 Noir 46 Malbec (Cahors),Roger Voss,13.0,Malbec,89,6,2.5649493574615367,7934.0,0,1,121
Spain,Manyana 2008 Tempranillo (Cariñena),Michael Schachner,9.0,Tempranillo,87,11,2.1972245773362196,7578.0,0,0,122
France,Château Mayne Vieil 2014  Fronsac,Roger Voss,17.0,Bordeaux-style Red Blend,90,24,2.833213344056216,8117.0,0,1,124
Italy,Battaglio 2013  Barbaresco,Kerin O’Keefe,60.0,Nebbiolo,87,8,4.0943445622221,7629.0,0,0,125
France,Lassègue 2003  Saint-Émilion,Joe Czerwinski,50.0,Bordeaux-style Red Blend,91,24,3.912023005428146,8331.0,1,2,126
France,Domaine Daniel Dugois 2006 Vin Jaune Savagnin (Arbois),Roger Voss,45.0,Savagnin,92,8,3.8066624897703196,8509.0,1,2,127
France,Domaine Bott-Geyl 2012 Galets Oligocène Pinot Noir (Alsace),Anne Krebiehl MW,33.0,Pinot Noir,90,10,3.4965075614664802,8133.0,0,1,129
France,Domaine du Tariquet 2007 Chenin Blanc-Chardonnay (Vin de Pays des Côtes de Gascogne),Roger Voss,12.0,Chenin Blanc-Chardonnay,88,23,2.4849066497880004,7756.0,0,1,131
France,Jeaunaux-Robin NV Brut Zéro Sélection  (Champagne),Roger Voss,42.0,Champagne Blend,91,15,3.7376696182833684,8323.0,1,2,132
US,Fess Parker 2013 Syrah (Santa Barbara County),Matt Kettmann,28.0,Syrah,90,5,3.332204510175204,8128.0,0,1,135
US,Castello di Amorosa 2011 King Ridge Vineyard Pinot Noir (Sonoma Coast),Virginie Boone,69.0,Pinot Noir,87,10,4.23410650459726,7638.0,0,0,136
Italy,Grifalco 2013 Daginestra  (Aglianico del Vulture),Kerin O’Keefe,32.0,Aglianico,86,9,3.4657359027997265,7428.0,0,0,137
Chile,Sundance 2011 Merlot (Maule Valley),Michael Schachner,9.0,Merlot,86,6,2.1972245773362196,7405.0,0,0,138
US,Frank Family 2013 Reserve Winston Hill Vineyard Sangiovese (Rutherford),Virginie Boone,65.0,Sangiovese,87,10,4.174387269895637,7634.0,0,0,139
US,Trinity River 2015 Chardonnay,Jim Gordon,18.0,Chardonnay,89,10,2.8903717578961645,7939.0,0,1,140
Austria,Forstreiter 2012 Schiefer Reserve Grüner Veltliner (Kremstal),Roger Voss,24.0,Grüner Veltliner,92,16,3.1780538303479458,8488.0,1,2,141
Argentina,Finca Sophenia 2011 Synthesis Malbec (Tupungato),Michael Schachner,30.0,Malbec,92,6,3.4011973816621555,8494.0,1,2,142
US,Robert Mondavi 2015 Fumé Blanc (Napa Valley),Virginie Boone,20.0,Fumé Blanc,90,10,2.995732273553991,8120.0,0,1,143
Spain,Ego Bodegas 2014 Goru Verde Monastrell (Jumilla),Michael Schachner,15.0,Monastrell,87,10,2.70805020110221,7584.0,0,0,145
Chile,G7 2012 Reserva Estate Bottled Cabernet Sauvignon (Loncomilla Valley),Michael Schachner,10.0,Cabernet Sauvignon,86,18,2.302585092994046,7406.0,0,0,147
Chile,Arboleda 2009 Cabernet Sauvignon (Aconcagua Valley),Michael Schachner,19.0,Cabernet Sauvignon,87,18,2.9444389791664403,7588.0,0,0,148
US,Cuda Ridge Wines 2013 Melange d'Amis Reserve Red (Livermore Valley),Jim Gordon,55.0,Bordeaux-style Red Blend,87,24,4.007333185232471,7624.0,0,0,151
Portugal,Monte da Penha 2005 Grande Reserva Red (Alentejo),Roger Voss,32.0,Portuguese Red,92,14,3.4657359027997265,8496.0,1,2,153
Chile,Ventisquero 2008 Grey [Glacier] Single Block Trinidad Vineyard Cabernet Sauvignon (Maipo Valley),Michael Schachner,20.0,Cabernet Sauvignon,87,18,2.995732273553991,7589.0,0,0,154
US,Okapi 2013 Estate Cabernet Sauvignon (Napa Valley),Virginie Boone,100.0,Cabernet Sauvignon,86,18,4.605170185988092,7496.0,0,0,155
US,Niner 2013 Estate Grown Cabernet Sauvignon (Paso Robles),Matt Kettmann,40.0,Cabernet Sauvignon,92,18,3.6888794541139363,8504.0,1,2,156
France,Lavau 2015 La Decelle Red,Joe Czerwinski,20.0,Rhône-style Red Blend,89,21,2.995732273553991,7941.0,0,1,157
US,Wölffer 2013 Caya Cabernet Franc (Long Island),Anna Lee C. Iijima,35.0,Cabernet Franc,89,14,3.5553480614894135,7956.0,0,1,158
Chile,Aresti 2008 Estate Selection Sauvignon Blanc (Curicó Valley),Michael Schachner,13.0,Sauvignon Blanc,85,15,2.5649493574615367,7238.0,0,0,159
Spain,Juvé y Camps NV Sweet Reserva Sparkling (Cava),Michael Schachner,15.0,Sparkling Blend,86,15,2.70805020110221,7411.0,0,0,160
Austria,Winzer Krems 2016 GV Grüner Veltliner (Niederösterreich),Anne Krebiehl MW,13.0,Grüner Veltliner,89,16,2.5649493574615367,7934.0,0,1,161
US,Le Vigne 2014 Di Domenico Cabernet Sauvignon (Paso Robles),Matt Kettmann,38.0,Cabernet Sauvignon,91,18,3.6375861597263857,8319.0,1,2,162
Italy,Ruffino 2010 Riserva Ducale Oro Gran Selezione  (Chianti Classico),Kerin O’Keefe,43.0,Red Blend,91,9,3.7612001156935624,8324.0,1,2,163
Argentina,Graffigna 2012 Grand Reserve Malbec (San Juan),Michael Schachner,20.0,Malbec,87,6,2.995732273553991,7589.0,0,0,165
Austria,Landhaus Mayer 2016 Riesling (Niederösterreich),Anne Krebiehl MW,16.0,Riesling,89,8,2.772588722239781,7937.0,0,1,166
South Africa,Eikendal 2014 Chardonnay (Western Cape),Lauren Buzzeo,20.0,Chardonnay,90,10,2.995732273553991,8120.0,0,1,168
France,Pardon et Fils 2015 Les Quartelets  (Brouilly),Roger Voss,23.0,Gamay,87,5,3.1354942159291497,7592.0,0,0,169
Italy,Baracchi Riccardo 2012 Smeriglio Syrah (Cortona),Kerin O’Keefe,35.0,Syrah,90,5,3.5553480614894135,8135.0,0,1,172
Argentina,Finca Sophenia 2015 Altosur Sauvignon Blanc (Tupungato),Michael Schachner,12.0,Sauvignon Blanc,87,15,2.4849066497880004,7581.0,0,0,173
US,Cooper-Garrod 2012 Gravel Ridge Vineyard Chardonnay (Santa Cruz Mountains),Matt Kettmann,29.0,Chardonnay,90,10,3.367295829986474,8129.0,0,1,174
Argentina,San Pedro de Yacochuya 2012 Red (Salta),Michael Schachner,25.0,Red Blend,90,9,3.2188758248682006,8125.0,0,1,175
US,Brennan 2014 Super Nero Nero d'Avola (Texas),Alexander Peartree,30.0,Nero d'Avola,87,12,3.4011973816621555,7599.0,0,0,176
US,Las Positas 2014 Verdigris White (California),Jim Gordon,30.0,White Blend,89,11,3.4011973816621555,7951.0,0,1,177
Italy,Cascina Bruciata 2013  Barbaresco,Kerin O’Keefe,39.0,Nebbiolo,87,8,3.6635616461296463,7608.0,0,0,178
US,Roederer Estate NV Brut Sparkling (Anderson Valley),Virginie Boone,23.0,Sparkling Blend,92,15,3.1354942159291497,8487.0,1,2,179
US,MCV 2014 1105 Red (Paso Robles),Matt Kettmann,48.0,Red Blend,90,9,3.871201010907891,8148.0,0,1,180
France,Château La Branne 2014  Médoc,Roger Voss,20.0,Bordeaux-style Red Blend,90,24,2.995732273553991,8120.0,0,1,182
Israel,Or Haganuz 2014 French Blend Red (Galilee),Mike DeSimone,80.0,Bordeaux-style Red Blend,90,24,4.382026634673881,8180.0,0,1,184
France,Château de Bel 2014  Bordeaux Supérieur,Roger Voss,20.0,Bordeaux-style Red Blend,87,24,2.995732273553991,7589.0,0,0,185
France,Mas de Cadenet 2015 Mas Negrel Cadenet Rosé (Côtes de Provence Sainte-Victoire),Roger Voss,40.0,Rosé,93,4,3.6888794541139363,8689.0,1,2,187
Portugal,Falua 2015 Conde Vimioso Colheita Seleccionada Branco White (Tejo),Roger Voss,9.0,Portuguese White,87,16,2.1972245773362196,7578.0,0,0,188
France,Georges Duboeuf 2013 Flower Label  (Beaujolais),Roger Voss,12.0,Gamay,86,5,2.4849066497880004,7408.0,0,0,189
France,G. H. Mumm NV Mumm de Cramant Blanc de Blancs Chardonnay (Champagne),Roger Voss,62.0,Chardonnay,92,10,4.127134385045092,8526.0,1,2,190
Australia,Torbreck 2013 Cuvee Juveniles Red (Barossa Valley),Joe Czerwinski,22.0,Red Blend,90,9,3.091042453358316,8122.0,0,1,191
Chile,Cono Sur 2008 Visión Gewürztraminer (Casablanca Valley),Michael Schachner,15.0,Gewürztraminer,86,14,2.70805020110221,7411.0,0,0,192
US,Z'IVO 2015 Rosé of Pinot Noir (Eola-Amity Hills),Paul Gregutt,25.0,Pinot Noir,86,10,3.2188758248682006,7421.0,0,0,195
US,Clarksburg Wine Company 2010 Chenin Blanc (Clarksburg),Virginie Boone,16.0,Chenin Blanc,86,12,2.772588722239781,7412.0,0,0,196
Argentina,Algodon 2008 Estate Blend Gran Reserva Red,Michael Schachner,37.0,Red Blend,89,9,3.6109179126442243,7958.0,0,1,198
Austria,Kohl 2015 Kittl Grüner Veltliner (Weinviertel),Anne Krebiehl MW,23.0,Grüner Veltliner,89,16,3.1354942159291497,7944.0,0,1,199
