country,title,taster_name,price,variety,points,orig_index
Italy,Tenuta Poggio il Castellare 2009  Brunello di Montalcino,Kerin O’Keefe,70.0,Sangiovese,86,9
Italy,Fratelli Zeni 2000 Vigne Alte  (Bianco di Custoza),Joe Czerwinski,11.0,White Blend,88,17
Italy,Brezza 2015  Dolcetto d'Alba,Kerin O’Keefe,15.0,Dolcetto,89,39
Italy,Ornellaia 2014 Le Volte Red (Toscana),Kerin O’Keefe,30.0,Red Blend,87,41
Italy,Castello di Neive 2013  Barbaresco,Kerin O’Keefe,35.0,Nebbiolo,87,59
Italy,Valentina Cubi 2008 Morar  (Amarone della Valpolicella),Kerin O’Keefe,69.0,Red Blend,92,65
Italy,Tenuta Forconi 2013 Toscano Red (Toscana),Kerin O’Keefe,80.0,Red Blend,87,70
Italy,Bel Colle 2012 Simposio  (Barolo),Kerin O’Keefe,60.0,Nebbiolo,95,89
Italy,Moncaro 2015 Le Vele  (Verdicchio dei Castelli di Jesi Classico),Kerin O’Keefe,32.0,Verdicchio,90,99
Italy,Montemercurio 2007 Messaggero  (Vino Nobile di Montepulciano),Kerin O’Keefe,35.0,Sangiovese,92,114
Italy,Cavallotto 2010 Vignolo Riserva  (Barolo),Kerin O’Keefe,150.0,Nebbiolo,97,116
Italy,Brandini 2011 Resa 56  (Barolo),Kerin O’Keefe,90.0,Nebbiolo,93,129
Italy,Terre di Giurfo 2011 Mascaria Barricato  (Cerasuolo di Vittoria),Kerin O’Keefe,17.0,Red Blend,87,163
Italy,Terre di Giurfo 2013 Belsito Frappato (Vittoria),Kerin O’Keefe,16.0,Frappato,87,172
Italy,Canicattì 2009 Aynat Nero d'Avola (Sicilia),Kerin O’Keefe,35.0,Nero d'Avola,87,198
Italy,Poggio Argentiera 2012 Capatosta  (Morellino di Scansano),Kerin O’Keefe,35.0,Red Blend,91,203
Italy,Diego Conterno 2012 Ginestra  (Barolo),Kerin O’Keefe,50.0,Nebbiolo,87,209
Italy,Fattorie Romeo del Castello 2015 Vigorosa Rosato Nerello Mascalese (Etna),Kerin O’Keefe,28.0,Nerello Mascalese,88,217
Italy,Podere dal Nespoli 2015 Prugneto Sangiovese (Romagna),Kerin O’Keefe,17.0,Sangiovese,86,225
Italy,Montresor 2001  Bianco di Custoza,Joe Czerwinski,11.0,Garganega,88,235
Italy,Pecchenino 2013 Siri d'Jermu  (Dogliani Superiore),Kerin O’Keefe,35.0,Dolcetto,90,246
Italy,Poggioventoso 2015 Poetico White (Toscana),Kerin O’Keefe,19.0,White Blend,87,259
Italy,Madonna Alta 2014 Nativo Red (Toscana),Kerin O’Keefe,16.0,Red Blend,87,263
Italy,Fattoria Sardi 2015 Rosato (Toscana),Kerin O’Keefe,19.0,Rosato,88,271
Italy,Borgogno F.lli Serio e Battista 2012  Barolo,Kerin O’Keefe,35.0,Nebbiolo,87,275
Italy,Graci 2015 Rosso  (Etna),Kerin O’Keefe,30.0,Nerello Mascalese,90,301
Italy,Castello di Neive 2011 Metodo Classico Pinot Nero (Piemonte),Kerin O’Keefe,45.0,Pinot Nero,90,304
Italy,Tommasi 2001 Vigneto Santa Cecilia Chardonnay (Valdadige),Joe Czerwinski,9.0,Chardonnay,88,305
Italy,Baglio di Pianetto 2007 Ficiligno White (Sicilia),Kerin O’Keefe,19.0,White Blend,87,318
Italy,Poderi Colla 2013 Costa Bruna  (Barbera d'Alba),Kerin O’Keefe,25.0,Barbera,90,320
Italy,Revello Fratelli 2012 Rocche dell'Annunziata  (Barolo),Kerin O’Keefe,89.0,Nebbiolo,89,334
Italy,Ronco del Gelso 1999 Chardonnay (Friuli),Joe Czerwinski,21.0,Chardonnay,88,355
Italy,Tenuta San Giorgio 2012 Ciampoleto  (Rosso di Montalcino),Kerin O’Keefe,28.0,Sangiovese,86,390
Italy,Stemmari 2013 Dalila White (Terre Siciliane),Kerin O’Keefe,13.0,White Blend,87,435
Italy,Travaglini 2014 Nebbiolo (Coste della Sesia),Kerin O’Keefe,23.0,Nebbiolo,87,438
Italy,Cantine di Marzo NV Anni Venti Metodo Classico  (Greco di Tufo),Kerin O’Keefe,30.0,Greco,87,518
Italy,Boffa 2013 Pajè  (Barbaresco),Kerin O’Keefe,50.0,Nebbiolo,87,532
Italy,Dosio 2012  Nebbiolo d'Alba,Kerin O’Keefe,30.0,Nebbiolo,86,539
Italy,Deltetto 2012 Bussia  (Barolo),Kerin O’Keefe,50.0,Nebbiolo,87,547
Italy,Podere Ciona 2014 Semifonte Red (Toscana),Kerin O’Keefe,15.0,Red Blend,87,558
Italy,Borgo Conventi 2002 I Fiori del Borgo Sauvignon Blanc (Collio),Roger Voss,15.0,Sauvignon Blanc,88,564
Italy,Punset 2011 Campo Quadro Riserva  (Barbaresco),Kerin O’Keefe,48.0,Nebbiolo,85,577
Italy,I Giusti e Zanza 2009 Dulcamara Red (Toscana),Kerin O’Keefe,41.0,Red Blend,92,580
Italy,Volpe Pasini 2002 Zuc de Volpe Pinot Grigio (Colli Orientali del Friuli),Roger Voss,18.0,Pinot Grigio,88,581
Italy,San Michele Eppan 2002 Sanct Valentin Gewürztraminer (Alto Adige),Roger Voss,30.0,Gewürztraminer,88,582
Italy,Cottanera 2015 Bianco  (Etna),Kerin O’Keefe,24.0,Carricante,90,597
Italy,Paolo Manzone 2012 Meriame  (Barolo),Kerin O’Keefe,80.0,Nebbiolo,85,639
Italy,Castello di Querceto 2010 Cignale Red (Colli della Toscana Centrale),Kerin O’Keefe,70.0,Red Blend,90,640
Italy,Serpaia di Endrizzi 2010 Dono Riserva  (Morellino di Scansano),Kerin O’Keefe,30.0,Sangiovese,88,641
Italy,Stemmari 2013 Nero d'Avola (Terre Siciliane),Kerin O’Keefe,10.0,Nero d'Avola,87,653
Italy,La Vis 2001 Bianco dei Sorni White (Trentino),Joe Czerwinski,15.0,White Blend,88,680
Italy,Podere Scopetone 2012  Brunello di Montalcino,Kerin O’Keefe,57.0,Sangiovese,90,683
Italy,Tornatore 2015 Rosato (Etna),Kerin O’Keefe,19.0,Rosato,90,699
Italy,Terlan 2014 Nova Domus Riserva White (Alto Adige),Kerin O’Keefe,62.0,White Blend,90,701
Italy,Marchesi Antinori 2015 Villa Antinori White (Toscana),Kerin O’Keefe,14.0,White Blend,87,710
Italy,Cantina Terlano 2002 Terlano Classico White (Alto Adige),Joe Czerwinski,15.0,White Blend,88,712
Italy,Cantina Terlano 2000 Vorberg Pinot Bianco (Alto Adige),Joe Czerwinski,21.0,Pinot Bianco,88,724
Italy,Comm. G. B. Burlotto 2011 Acclivi  (Barolo),Kerin O’Keefe,53.0,Nebbiolo,90,750
Italy,Fattoria La Rivolta 2015 Taburno Fiano (Sannio),Kerin O’Keefe,25.0,Fiano,90,760
Italy,Bersano 2012 Nirvasco  (Barolo),Kerin O’Keefe,50.0,Nebbiolo,87,768
Italy,Gini 2002 Classico  (Soave),Roger Voss,10.0,White Blend,88,782
Italy,Bellavista 2006 Gran Cuvée Pas Operé Sparkling (Franciacorta),Kerin O’Keefe,50.0,Sparkling Blend,92,784
Italy,Marchesi de' Frescobaldi 2014 Castiglioni Red (Toscana),Kerin O’Keefe,30.0,Red Blend,87,793
