country,title,taster_name,price,variety,points,orig_index
Italy,Tenuta La Marchesa 2015 Gold Label  (Gavi),Kerin O’Keefe,15.0,Cortese,89,8
Italy,Baracchi Riccardo 2011 Smeriglio Riserva Syrah (Cortona),Kerin O’Keefe,50.0,Syrah,90,9
Italy,Abbazia di Novacella 2012 Praepositus Passito Kerner (Alto Adige Valle Isarco),Kerin O’Keefe,30.0,Kerner,93,33
Italy,Castello di Gabbiano 2012 Bellezza Gran Selezione  (Chianti Classico),Kerin O’Keefe,38.0,Sangiovese,91,36
Italy,Palladino 2011 Ornato  (Barolo),Kerin O’Keefe,65.0,Nebbiolo,90,38
Italy,Elena Walch 2002 Castel Ringberg Sauvignon Blanc (Alto Adige),Roger Voss,23.0,Sauvignon Blanc,88,65
Italy,Marchesi de' Frescobaldi 2015 Ammiraglia Massovivo Vermentino (Toscana),Kerin O’Keefe,18.0,Vermentino,87,71
Italy,Sturm 2014 Sauvignon (Collio),Kerin O’Keefe,24.0,Sauvignon,92,72
Italy,Majolini 2006 Pas Dosé Aligi Sassu Chardonnay (Franciacorta),Kerin O’Keefe,39.0,Chardonnay,92,88
Italy,Ridolfi 2012  Rosso di Montalcino,Kerin O’Keefe,20.0,Sangiovese,86,92
Italy,Poggio Alloro 2014 Le Mandorle Riserva  (Vernaccia di San Gimignano),Kerin O’Keefe,29.0,Vernaccia,86,95
Italy,St. Pauls 2014 Passion Riserva Pinot Bianco (Alto Adige),Kerin O’Keefe,40.0,Pinot Bianco,90,102
Italy,Battaglio 2013  Barbaresco,Kerin O’Keefe,60.0,Nebbiolo,87,125
Italy,Grifalco 2013 Daginestra  (Aglianico del Vulture),Kerin O’Keefe,32.0,Aglianico,86,137
Italy,Ruffino 2010 Riserva Ducale Oro Gran Selezione  (Chianti Classico),Kerin O’Keefe,43.0,Red Blend,91,163
Italy,Baracchi Riccardo 2012 Smeriglio Syrah (Cortona),Kerin O’Keefe,35.0,Syrah,90,172
Italy,Cascina Bruciata 2013  Barbaresco,Kerin O’Keefe,39.0,Nebbiolo,87,178
