country,title,taster_name,price,variety,points,country_exact_copy,country_with_noise,country_with_nan_noise
Argentina,Viña Cobos 2015 Bramare Marchiori Vineyard Chardonnay (Perdriel),Michael Schachner,46.0,Chardonnay,90,Argentina,Argentina,
US,Testarossa 2015 Rincon Vineyard Chardonnay (Arroyo Grande Valley),Matt Kettmann,49.0,Chardonnay,91,US,US,US
Chile,Apaltagua 2007 Envero Gran Reserva Carmenère (Colchagua Valley),Michael Schachner,15.0,Carmenère,88,Chile,Chile,
Italy,Volpe Pasini 2002 Zuc de Volpe Pinot Grigio (Colli Orientali del Friuli),Roger Voss,18.0,Pinot Grigio,88,Italy,Italy,
Italy,Majolini 2006 Pas Dosé Aligi Sassu Chardonnay (Franciacorta),Kerin O’Keefe,39.0,Chardonnay,92,Italy,Italy,
US,Sanctuary 2013 Bien Nacido Vineyard Pinot Noir (Santa Maria Valley),Matt Kettmann,40.0,Pinot Noir,93,US,US,
France,Alain Jaume et Fils 2009 Réserve Grand Veneur Red (Côtes du Rhône),Joe Czerwinski,15.0,Rhône-style Red Blend,87,France,France,
Israel,Or Haganuz 2014 French Blend Red (Galilee),Mike DeSimone,80.0,Bordeaux-style Red Blend,90,Israel,Israel,
Argentina,Benvenuto de la Serna 2010 Trisagio Malbec-Petit Verdot-Tannat Red (Valle de Uco),Michael Schachner,28.0,Red Blend,91,Argentina,Argentina,
Chile,Santa Ema 2008 Selected Terroir Chardonnay (Casablanca Valley),Michael Schachner,10.0,Chardonnay,85,Chile,Chile,
Australia,Henry's Drive Vignerons 2006 Parson's Flat Shiraz-Cabernet Sauvignon (Padthaway),Joe Czerwinski,40.0,Shiraz-Cabernet Sauvignon,92,Australia,Australia,
US,Chehalem 2011 Ridgecrest Vineyards Pinot Noir (Ribbon Ridge),Paul Gregutt,50.0,Pinot Noir,92,US,US,US
US,Ojai 2014 McGinley Vineyard Sauvignon Blanc (Santa Ynez Valley),Matt Kettmann,30.0,Sauvignon Blanc,89,US,US,
France,Domaine des Terrisses 2006 Grande Tradition Red (Gaillac),Roger Voss,14.0,Red Blend,88,France,France,
Chile,Cono Sur 2008 Visión Gewürztraminer (Casablanca Valley),Michael Schachner,15.0,Gewürztraminer,86,Chile,Chile,
France,Jacquart NV Brut Mosaïque  (Champagne),Roger Voss,30.0,Champagne Blend,85,France,France,
US,Okapi 2013 Estate Cabernet Sauvignon (Napa Valley),Virginie Boone,100.0,Cabernet Sauvignon,86,US,US,
Italy,Elena Walch 2002 Castel Ringberg Sauvignon Blanc (Alto Adige),Roger Voss,23.0,Sauvignon Blanc,88,Italy,Italy,
Chile,Lapostolle 2013 Cuvée Alexandre Apalta Vineyard Made With Organic Grapes Syrah (Colchagua Valley),Michael Schachner,24.0,Syrah,91,Chile,Chile,
Italy,Paolo Manzone 2012 Meriame  (Barolo),Kerin O’Keefe,80.0,Nebbiolo,85,Italy,Italy,Italy
Portugal,Luis Duarte 2013 Monte de Carrapatelo Colheita Seleccionada Tinto Red (Alentejano),Roger Voss,30.0,Portuguese Red,92,Portugal,Portugal,
Italy,Graci 2015 Rosso  (Etna),Kerin O’Keefe,30.0,Nerello Mascalese,90,Italy,US,
US,Woodinville Wine Cellars 2012 Little Bear Creek Red (Columbia Valley (WA)),Sean P. Sullivan,20.0,Bordeaux-style Red Blend,91,US,US,
France,Château Vray Croix de Gay 2010  Pomerol,Roger Voss,65.0,Bordeaux-style Red Blend,92,France,France,
Italy,Poggio Alloro 2014 Le Mandorle Riserva  (Vernaccia di San Gimignano),Kerin O’Keefe,29.0,Vernaccia,86,Italy,Italy,
Argentina,Finca Sophenia 2015 Altosur Sauvignon Blanc (Tupungato),Michael Schachner,12.0,Sauvignon Blanc,87,Argentina,US,
Italy,Gini 2002 Classico  (Soave),Roger Voss,10.0,White Blend,88,Italy,Chile,
US,Knapp 2011 Chardonnay (Finger Lakes),Anna Lee C. Iijima,12.0,Chardonnay,87,US,US,US
US,Pezzi King 2013 Serracino Reserve Zinfandel (Dry Creek Valley),Virginie Boone,48.0,Zinfandel,82,US,US,
Chile,Pura 8 2010 Grand Reserve Pinot Noir (Rapel Valley),Michael Schachner,20.0,Pinot Noir,81,Chile,Chile,
US,Qupé 2013 Doux Sawyer Lindquist Vineyard Marsanne (Edna Valley),Matt Kettmann,35.0,Marsanne,91,US,US,
US,Scratch 2013 Grenache (Arroyo Seco),Matt Kettmann,35.0,Grenache,92,US,US,
France,Biecher & Schaal 2014 Altenberg de Bergheim Grand Cru White (Alsace),Anne Krebiehl MW,45.0,Alsace white blend,92,France,France,
France,Boude Baudin 2010 Cuvée St Clément  (Champagne),Roger Voss,70.0,Champagne Blend,91,France,France,
US,Padis 2012 Cabernet Sauvignon (Napa Valley),Virginie Boone,110.0,Cabernet Sauvignon,91,US,US,
US,Ventosa 2015 Pinot Gris (Finger Lakes),Anna Lee C. Iijima,18.0,Pinot Gris,88,US,US,
Chile,De Martino 2007 Legado Reserva Chardonnay (Limarí Valley),Michael Schachner,18.0,Chardonnay,86,Chile,US,
Spain,Príncipe de Viana 2008 Reserva 1423 Red (Navarra),Michael Schachner,35.0,Red Blend,87,Spain,Spain,
Chile,Leyda 2015 Single Vineyard Falaris Hill Chardonnay (Leyda Valley),Michael Schachner,18.0,Chardonnay,87,Chile,Chile,
US,Raconteur 2016 White (Washington),Sean P. Sullivan,18.0,White Blend,89,US,US,
US,Soquel Vineyards 2013 Intreccio Library Selection Red (Napa Valley),Virginie Boone,75.0,Bordeaux-style Red Blend,88,US,US,US
Chile,Morandé 2008 Pionero Carmenère (Maipo Valley),Michael Schachner,9.0,Carmenère,85,Chile,Chile,
France,Vignerons de Bel Air 2011 Eté Indien  (Brouilly),Roger Voss,14.0,Gamay,86,France,France,
Chile,Cono Sur 2012 20 Barrels Cabernet Sauvignon (Maipo Valley),Michael Schachner,32.0,Cabernet Sauvignon,91,Chile,Chile,
Greece,Lyrarakis 2015 Vilana (Crete),Susan Kostrzewa,13.0,Vilana,89,Greece,Greece,Greece
France,G. H. Mumm NV Mumm de Cramant Blanc de Blancs Chardonnay (Champagne),Roger Voss,62.0,Chardonnay,92,France,France,
US,Stoller 2013 Nancy's Pinot Noir (Dundee Hills),Paul Gregutt,70.0,Pinot Noir,92,US,US,
Germany,Castell 2015 Castell Silvaner (Franken),Anna Lee C. Iijima,16.0,Silvaner,90,Germany,Germany,
US,Eighty Four 2010 Petite Sirah (Napa Valley),Virginie Boone,65.0,Petite Sirah,93,US,US,
US,Flying Goat Cellars 2012 Bien Nacido Vineyard Pinot Noir (Santa Maria Valley),Matt Kettmann,60.0,Pinot Noir,93,US,US,
France,Leon Beyer 2012 Gewurztraminer (Alsace),Roger Voss,30.0,Gewürztraminer,87,France,France,France
France,Kuentz-Bas 2014 Pfersigberg Grand Cru Riesling (Alsace),Anne Krebiehl MW,39.0,Riesling,92,France,France,
US,Northstar 2013 Red (Walla Walla Valley (WA)),Sean P. Sullivan,50.0,Bordeaux-style Red Blend,91,US,US,
Spain,V&N; Cellars NV Reserva Brut Sparkling (Cava),Michael Schachner,19.0,Sparkling Blend,87,Spain,Spain,
France,Château Lamothe-Vincent 2008 Sauvignon  (Bordeaux Blanc),Roger Voss,10.0,Sauvignon Blanc,85,France,France,
US,Albatross Ridge 2012 Estate Reserve Pinot Noir (Carmel Valley),Matt Kettmann,55.0,Pinot Noir,91,US,US,
US,Cooper-Garrod 2012 Gravel Ridge Vineyard Chardonnay (Santa Cruz Mountains),Matt Kettmann,29.0,Chardonnay,90,US,France,
Italy,Serpaia di Endrizzi 2010 Dono Riserva  (Morellino di Scansano),Kerin O’Keefe,30.0,Sangiovese,88,Italy,Italy,
US,Edna Valley Vineyard 2013 Reserve Chardonnay (Edna Valley),Matt Kettmann,35.0,Chardonnay,90,US,US,US
US,Mulvane Wine Co. 2013 The Cypher Red (Napa Valley),Virginie Boone,75.0,Bordeaux-style Red Blend,86,US,US,US
Chile,Carmen 2000 Estate Grown Reserve Cabernet Sauvignon (Maipo Valley),Michael Schachner,15.0,Cabernet Sauvignon,88,Chile,Chile,
France,Domaine Bertagna 2009 Les Dames Huguettes  (Côte de Nuits-Villages),Roger Voss,30.0,Pinot Noir,87,France,France,
US,Francis Coppola 2014 Director's Chardonnay (Sonoma County),Virginie Boone,17.0,Chardonnay,87,US,US,
US,Chehalem 2013 Ian's Reserve Chardonnay (Willamette Valley),Paul Gregutt,40.0,Chardonnay,87,US,US,US
Chile,Casa Julia 2001 Reserve Cabernet Sauvignon (Maipo Valley),Michael Schachner,12.0,Cabernet Sauvignon,88,Chile,Chile,Chile
Italy,Cavallotto 2010 Vignolo Riserva  (Barolo),Kerin O’Keefe,150.0,Nebbiolo,97,Italy,Italy,
US,Walla Walla Vintners 2013 Cabernet Sauvignon (Walla Walla Valley (WA)),Sean P. Sullivan,38.0,Cabernet Sauvignon,89,US,US,
US,Passaggio 2014 Blau Vineyards Merlot (Knights Valley),Virginie Boone,55.0,Merlot,86,US,US,
US,Coelho 2015 Renovação Estate Vineyards Pinot Gris (Willamette Valley),Paul Gregutt,20.0,Pinot Gris,87,US,US,
Italy,Castello di Querceto 2010 Cignale Red (Colli della Toscana Centrale),Kerin O’Keefe,70.0,Red Blend,90,Italy,Italy,
US,L'Ecole No. 41 2014 Cabernet Sauvignon (Columbia Valley (WA)),Sean P. Sullivan,30.0,Cabernet Sauvignon,89,US,US,
Australia,Jacob's Creek 2015 Classic Pinot Grigio (South Eastern Australia),Joe Czerwinski,9.0,Pinot Grigio,85,Australia,Australia,
Chile,Valdivieso 2001 Reserve Chardonnay (Central Valley),Michael Schachner,14.0,Chardonnay,88,Chile,Chile,Chile
US,Coiled 2010 Black Mamba Red,Sean P. Sullivan,28.0,Red Blend,87,US,US,
US,Le Cadeau 2015 Diversité Pinot Noir (Willamette Valley),Paul Gregutt,50.0,Pinot Noir,91,US,US,
US,Kontos 2014 Summit View Vineyard Malbec (Walla Walla Valley (WA)),Sean P. Sullivan,41.0,Malbec,89,US,US,US
Portugal,Herdade Grande 2015 Audaz Branco White (Alentejano),Roger Voss,10.0,Portuguese White,85,Portugal,Portugal,Portugal
US,Gård 2014 Grand Klasse Reserve Lawrence Vineyards Viognier (Columbia Valley (WA)),Sean P. Sullivan,22.0,Viognier,88,US,US,
Chile,Koyle 2015 Costa Pinot Noir (Colchagua Costa),Michael Schachner,35.0,Pinot Noir,83,Chile,Chile,Chile
US,Artesa 2014 Estate Reserve Chardonnay (Carneros),Virginie Boone,35.0,Chardonnay,93,US,US,
US,J. Davies 2012 Jamie Cabernet Sauvignon (Diamond Mountain District),Virginie Boone,200.0,Cabernet Sauvignon,95,US,US,
Germany,P.J. Valckenberg 2015 Undone Dry Riesling (Rheinhessen),Anna Lee C. Iijima,10.0,Riesling,86,Germany,Germany,Germany
Germany,Dr. H. Thanisch (Erben Thanisch) 2014 Thanisch Kabinett Riesling (Mosel),Anna Lee C. Iijima,30.0,Riesling,90,Germany,Germany,Germany
US,Firesteed 2012 Riesling (Oregon),Paul Gregutt,15.0,Riesling,90,US,US,
US,Drumheller 2014 Chardonnay (Columbia Valley (WA)),Sean P. Sullivan,12.0,Chardonnay,86,US,US,
Italy,Poderi Colla 2013 Costa Bruna  (Barbera d'Alba),Kerin O’Keefe,25.0,Barbera,90,Italy,France,
Argentina,Antucura 2011 Grand Vin Red (Vista Flores),Michael Schachner,30.0,Bordeaux-style Red Blend,87,Argentina,Argentina,
US,Walt 2013 Pinpoint Extreme Pinot Noir (Russian River Valley),Virginie Boone,75.0,Pinot Noir,92,US,US,
US,Owen Roe 2009 Slide Mountain Vineyard Cabernet Franc (Yakima Valley),Paul Gregutt,72.0,Cabernet Franc,90,US,US,
Germany,Heinz Eifel 2013 Shine Gewürztraminer (Rheinhessen),Anna Lee C. Iijima,12.0,Gewürztraminer,87,Germany,Germany,
Argentina,Lagarde 2013 Henry Legarde Malbec (Luján de Cuyo),Michael Schachner,17.0,Malbec,85,Argentina,Argentina,
US,Castello di Amorosa 2011 King Ridge Vineyard Pinot Noir (Sonoma Coast),Virginie Boone,69.0,Pinot Noir,87,US,US,US
France,Mont Gravet 2013 Colombard (Côtes de Gascogne),Roger Voss,9.0,Colombard,86,France,France,
Spain,Mauro 2005 Red (Vino de la Tierra de Castilla y León),Michael Schachner,53.0,Tempranillo Blend,88,Spain,Spain,Spain
US,Terra Valentine 2013 K Block Cabernet Sauvignon (Spring Mountain District),Virginie Boone,85.0,Cabernet Sauvignon,91,US,US,
Spain,El Coto 2011 Rosado Rosé (Rioja),Michael Schachner,11.0,Rosé,87,Spain,Spain,
Portugal,Quinta do Vallado 2009 Sousão (Douro),Roger Voss,40.0,Sousão,90,Portugal,Portugal,
Italy,Tenuta La Marchesa 2015 Gold Label  (Gavi),Kerin O’Keefe,15.0,Cortese,89,Italy,Italy,Italy
US,Claiborne & Churchill 2014 Claiborne Vineyard Riesling (Edna Valley),Matt Kettmann,28.0,Riesling,91,US,US,
Argentina,Cueva de las Manos 2007 Reserve Malbec (Luján de Cuyo),Michael Schachner,15.0,Malbec,85,Argentina,Argentina,
US,Martin Ranch 2014 J.D. Hurley Zinfandel (Santa Clara Valley),Matt Kettmann,26.0,Zinfandel,87,US,US,
Austria,Strauss 2016 Classic Pinot Blanc (Steiermark),Anne Krebiehl MW,18.0,Pinot Blanc,89,Austria,Austria,Austria
US,St. Julian 2013 Reserve Late Harvest Riesling (Lake Michigan Shore),Alexander Peartree,13.0,Riesling,87,US,US,
US,Buttonwood 2015 Grenache Blanc (Santa Ynez Valley),Matt Kettmann,22.0,Grenache Blanc,90,US,US,
US,Robert Mondavi 2015 Fumé Blanc (Napa Valley),Virginie Boone,20.0,Fumé Blanc,90,US,US,US
US,Hawkins Cellars 2009 Pinot Noir (Willamette Valley),Paul Gregutt,22.0,Pinot Noir,86,US,US,
US,Columbia Winery 2013 Viognier (Columbia Valley (WA)),Paul Gregutt,26.0,Viognier,86,US,US,
US,Terre Rouge 2013 Vin Doux Naturel Muscat Blanc à Petits Grains (Shenandoah Valley (CA)),Jim Gordon,20.0,Muscat Blanc à Petits Grains,87,US,Chile,
France,Willm 2011 Vendanges Tardives Gewurztraminer (Alsace),Anne Krebiehl MW,54.0,Gewürztraminer,92,France,US,
South Africa,Oldenburg 2014 Chenin Blanc (Stellenbosch),Lauren Buzzeo,20.0,Chenin Blanc,90,South Africa,South Africa,
Chile,Carmen 2014 Gran Reserva Carmenère (Colchagua Valley),Michael Schachner,15.0,Carmenère,90,Chile,US,Chile
US,Firesteed 2014 Pinot Gris (Oregon),Paul Gregutt,15.0,Pinot Gris,90,US,US,
Argentina,Algodon 2008 Estate Blend Gran Reserva Red,Michael Schachner,37.0,Red Blend,89,Argentina,Chile,Argentina
Romania,Byzantium 2005 Rosso di Valachia Red (Dealu Mare),Susan Kostrzewa,12.0,Red Blend,85,Romania,Romania,
France,Château Bois Chantant 2015  Bordeaux Supérieur,Roger Voss,14.0,Bordeaux-style Red Blend,89,France,France,
US,Ektimo Vineyards 2014 Pinot Noir (Russian River Valley),Virginie Boone,34.0,Pinot Noir,87,US,US,
Portugal,Aveleda NV Casal Garcia Rosé Sparkling (Vinho Verde),Roger Voss,12.0,Portuguese Sparkling,87,Portugal,Portugal,
Italy,Montemercurio 2007 Messaggero  (Vino Nobile di Montepulciano),Kerin O’Keefe,35.0,Sangiovese,92,Italy,Italy,
Portugal,Monte da Penha 2005 Grande Reserva Red (Alentejo),Roger Voss,32.0,Portuguese Red,92,Portugal,Germany,
Italy,Marchesi de' Frescobaldi 2014 Castiglioni Red (Toscana),Kerin O’Keefe,30.0,Red Blend,87,Italy,Italy,
US,Adelsheim 2010 Winderlea Vineyard Pinot Noir (Dundee Hills),Paul Gregutt,105.0,Pinot Noir,92,US,US,
US,Lamoreaux Landing 2014 Red Oak Vineyard Riesling (Finger Lakes),Anna Lee C. Iijima,20.0,Riesling,87,US,US,
Italy,Tenuta Poggio il Castellare 2009  Brunello di Montalcino,Kerin O’Keefe,70.0,Sangiovese,86,Italy,Italy,Italy
Canada,Pillitteri 2012 Reserve Icewine Vidal (Niagara-On-The-Lake),Sean P. Sullivan,30.0,Vidal,92,Canada,Canada,
Italy,Tornatore 2015 Rosato (Etna),Kerin O’Keefe,19.0,Rosato,90,Italy,Italy,
France,Domaine Daniel Dugois 2006 Vin Jaune Savagnin (Arbois),Roger Voss,45.0,Savagnin,92,France,France,
France,Henry Fessy 2012 Nouveau  (Beaujolais),Roger Voss,9.0,Gamay,86,France,France,
US,Coiled 2009 Sidewinder Red,Sean P. Sullivan,25.0,Red Blend,87,US,US,US
Chile,Viña Bisquertt 2007 Casa la Joya Reserve Syrah (Colchagua Valley),Michael Schachner,11.0,Syrah,85,Chile,US,
Spain,Morlanda 2007 Criança Red (Priorat),Michael Schachner,48.0,Red Blend,90,Spain,Spain,
France,Château de la Tour 2013 Vieilles Vignes  (Clos de Vougeot),Roger Voss,350.0,Pinot Noir,95,France,France,
Germany,Schmitt Söhne 2015 Riesling (Rheinhessen),Anna Lee C. Iijima,9.0,Riesling,86,Germany,Germany,
France,Jacquart NV Mosaïque Rosé Brut  (Champagne),Roger Voss,42.0,Champagne Blend,86,France,France,
Austria,Gunter Triebaumer NV Muscato Moscato (Österreichischer Sekt),Roger Voss,18.0,Moscato,87,Austria,France,
New Zealand,Cloudy Bay 2014 Sauvignon Blanc (Marlborough),Joe Czerwinski,28.0,Sauvignon Blanc,91,New Zealand,New Zealand,
US,Joseph Jewell 2014 Bucher Vineyard Pinot Noir (Russian River Valley),Virginie Boone,45.0,Pinot Noir,91,US,US,
France,Mémoires 2015 Rosé (Coteaux Varois en Provence),Roger Voss,11.0,Rosé,82,France,France,
US,Lava Cap 2010 Battonage Chardonnay (El Dorado),Virginie Boone,18.0,Chardonnay,87,US,Argentina,
France,Lionel Osmin & Cie 2016 La Réserve Petit Manseng (Vin de France),Roger Voss,11.0,Petit Manseng,86,France,US,France
US,Melhill 2012 Chardonnay (Sonoma Coast),Virginie Boone,60.0,Chardonnay,92,US,US,
Italy,Brandini 2011 Resa 56  (Barolo),Kerin O’Keefe,90.0,Nebbiolo,93,Italy,Italy,
US,Bloomer Creek 2006 Gewürztraminer (Finger Lakes),Susan Kostrzewa,16.0,Gewürztraminer,85,US,US,
US,Lutum 2014 Gap's Crown Vineyard Chardonnay (Sonoma Coast),Virginie Boone,50.0,Chardonnay,93,US,US,US
US,Peconic Bay Winery 2010 Cabernet Franc (North Fork of Long Island),Anna Lee C. Iijima,36.0,Cabernet Franc,87,US,US,
South Africa,Delaire Graff 2013 Reserve White (Coastal Region),Lauren Buzzeo,40.0,White Blend,90,South Africa,US,
Spain,Juvé y Camps NV Sweet Reserva Sparkling (Cava),Michael Schachner,15.0,Sparkling Blend,86,Spain,Spain,
Italy,Podere Ciona 2014 Semifonte Red (Toscana),Kerin O’Keefe,15.0,Red Blend,87,Italy,Greece,Italy
Italy,Fattoria La Rivolta 2015 Taburno Fiano (Sannio),Kerin O’Keefe,25.0,Fiano,90,Italy,Italy,Italy
US,Fullerton 2015 Three Otters Pinot Noir Rosé (Willamette Valley),Paul Gregutt,18.0,Rosé,87,US,US,
US,Folie à Deux 2015 Pinot Gris (Sonoma Coast),Virginie Boone,18.0,Pinot Gris,88,US,US,
