country,title,taster_name,price,variety,points,points_power_2_plus_price,points_divide_by_price,log_price,1_div_price,price_norm_sum,price_norm_minmax,is_top_quality,price_plus_points,double_points_plus_10,points_on_1_to_3_scale,random_score,orig_index
Argentina,Viña Cobos 2015 Bramare Marchiori Vineyard Chardonnay (Perdriel),Michael Schachner,46.0,Chardonnay,90,8146.0,1.9565217391304348,3.828641396489095,0.021739130434782608,0.008318264014466547,0.10850439882697947,0,136.0,190,1,55,0
US,Testarossa 2015 Rincon Vineyard Chardonnay (Arroyo Grande Valley),Matt Kettmann,49.0,Chardonnay,91,8330.0,1.8571428571428572,3.8918202981106265,0.02040816326530612,0.008860759493670886,0.11730205278592376,1,140.0,192,2,69,1
Chile,Apaltagua 2007 Envero Gran Reserva Carmenère (Colchagua Valley),Michael Schachner,15.0,Carmenère,88,7759.0,5.866666666666666,2.70805020110221,0.06666666666666667,0.0027124773960217,0.017595307917888565,0,103.0,186,1,34,2
Italy,Volpe Pasini 2002 Zuc de Volpe Pinot Grigio (Colli Orientali del Friuli),Roger Voss,18.0,Pinot Grigio,88,7762.0,4.888888888888889,2.8903717578961645,0.05555555555555555,0.0032549728752260397,0.026392961876832845,0,106.0,186,1,87,3
Italy,Majolini 2006 Pas Dosé Aligi Sassu Chardonnay (Franciacorta),Kerin O’Keefe,39.0,Chardonnay,92,8503.0,2.358974358974359,3.6635616461296463,0.02564102564102564,0.007052441229656419,0.08797653958944282,1,131.0,194,2,97,4
US,Sanctuary 2013 Bien Nacido Vineyard Pinot Noir (Santa Maria Valley),Matt Kettmann,40.0,Pinot Noir,93,8689.0,2.325,3.6888794541139363,0.025,0.007233273056057866,0.09090909090909091,1,133.0,196,2,63,5
France,Alain Jaume et Fils 2009 Réserve Grand Veneur Red (Côtes du Rhône),Joe Czerwinski,15.0,Rhône-style Red Blend,87,7584.0,5.8,2.70805020110221,0.06666666666666667,0.0027124773960217,0.017595307917888565,0,102.0,184,0,25,6
Israel,Or Haganuz 2014 French Blend Red (Galilee),Mike DeSimone,80.0,Bordeaux-style Red Blend,90,8180.0,1.125,4.382026634673881,0.0125,0.014466546112115732,0.20821114369501467,0,170.0,190,1,48,7
Argentina,Benvenuto de la Serna 2010 Trisagio Malbec-Petit Verdot-Tannat Red (Valle de Uco),Michael Schachner,28.0,Red Blend,91,8309.0,3.25,3.332204510175204,0.03571428571428571,0.005063291139240506,0.05571847507331378,1,119.0,192,2,88,8
Chile,Santa Ema 2008 Selected Terroir Chardonnay (Casablanca Valley),Michael Schachner,10.0,Chardonnay,85,7235.0,8.5,2.302585092994046,0.1,0.0018083182640144665,0.002932551319648094,0,95.0,180,0,97,9
Australia,Henry's Drive Vignerons 2006 Parson's Flat Shiraz-Cabernet Sauvignon (Padthaway),Joe Czerwinski,40.0,Shiraz-Cabernet Sauvignon,92,8504.0,2.3,3.6888794541139363,0.025,0.007233273056057866,0.09090909090909091,1,132.0,194,2,25,10
US,Chehalem 2011 Ridgecrest Vineyards Pinot Noir (Ribbon Ridge),Paul Gregutt,50.0,Pinot Noir,92,8514.0,1.84,3.912023005428146,0.02,0.009041591320072333,0.12023460410557185,1,142.0,194,2,54,11
US,Ojai 2014 McGinley Vineyard Sauvignon Blanc (Santa Ynez Valley),Matt Kettmann,30.0,Sauvignon Blanc,89,7951.0,2.966666666666667,3.4011973816621555,0.03333333333333333,0.0054249547920434,0.06158357771260997,0,119.0,188,1,0,12
France,Domaine des Terrisses 2006 Grande Tradition Red (Gaillac),Roger Voss,14.0,Red Blend,88,7758.0,6.285714285714286,2.6390573296152584,0.07142857142857142,0.002531645569620253,0.01466275659824047,0,102.0,186,1,66,13
Chile,Cono Sur 2008 Visión Gewürztraminer (Casablanca Valley),Michael Schachner,15.0,Gewürztraminer,86,7411.0,5.733333333333333,2.70805020110221,0.06666666666666667,0.0027124773960217,0.017595307917888565,0,101.0,182,0,6,14
France,Jacquart NV Brut Mosaïque  (Champagne),Roger Voss,30.0,Champagne Blend,85,7255.0,2.8333333333333335,3.4011973816621555,0.03333333333333333,0.0054249547920434,0.06158357771260997,0,115.0,180,0,22,15
US,Okapi 2013 Estate Cabernet Sauvignon (Napa Valley),Virginie Boone,100.0,Cabernet Sauvignon,86,7496.0,0.86,4.605170185988092,0.01,0.018083182640144666,0.2668621700879765,0,186.0,182,0,14,16
Italy,Elena Walch 2002 Castel Ringberg Sauvignon Blanc (Alto Adige),Roger Voss,23.0,Sauvignon Blanc,88,7767.0,3.8260869565217392,3.1354942159291497,0.043478260869565216,0.004159132007233273,0.04105571847507331,0,111.0,186,1,48,17
Chile,Lapostolle 2013 Cuvée Alexandre Apalta Vineyard Made With Organic Grapes Syrah (Colchagua Valley),Michael Schachner,24.0,Syrah,91,8305.0,3.7916666666666665,3.1780538303479458,0.041666666666666664,0.00433996383363472,0.04398826979472141,1,115.0,192,2,2,18
Italy,Paolo Manzone 2012 Meriame  (Barolo),Kerin O’Keefe,80.0,Nebbiolo,85,7305.0,1.0625,4.382026634673881,0.0125,0.014466546112115732,0.20821114369501467,0,165.0,180,0,48,19
Portugal,Luis Duarte 2013 Monte de Carrapatelo Colheita Seleccionada Tinto Red (Alentejano),Roger Voss,30.0,Portuguese Red,92,8494.0,3.066666666666667,3.4011973816621555,0.03333333333333333,0.0054249547920434,0.06158357771260997,1,122.0,194,2,79,20
Italy,Graci 2015 Rosso  (Etna),Kerin O’Keefe,30.0,Nerello Mascalese,90,8130.0,3.0,3.4011973816621555,0.03333333333333333,0.0054249547920434,0.06158357771260997,0,120.0,190,1,81,21
US,Woodinville Wine Cellars 2012 Little Bear Creek Red (Columbia Valley (WA)),Sean P. Sullivan,20.0,Bordeaux-style Red Blend,91,8301.0,4.55,2.995732273553991,0.05,0.003616636528028933,0.03225806451612903,1,111.0,192,2,7,22
France,Château Vray Croix de Gay 2010  Pomerol,Roger Voss,65.0,Bordeaux-style Red Blend,92,8529.0,1.4153846153846155,4.174387269895637,0.015384615384615385,0.011754068716094032,0.16422287390029325,1,157.0,194,2,96,23
Italy,Poggio Alloro 2014 Le Mandorle Riserva  (Vernaccia di San Gimignano),Kerin O’Keefe,29.0,Vernaccia,86,7425.0,2.9655172413793105,3.367295829986474,0.034482758620689655,0.005244122965641953,0.05865102639296188,0,115.0,182,0,55,24
Argentina,Finca Sophenia 2015 Altosur Sauvignon Blanc (Tupungato),Michael Schachner,12.0,Sauvignon Blanc,87,7581.0,7.25,2.4849066497880004,0.08333333333333333,0.00216998191681736,0.008797653958944282,0,99.0,184,0,87,25
Italy,Gini 2002 Classico  (Soave),Roger Voss,10.0,White Blend,88,7754.0,8.8,2.302585092994046,0.1,0.0018083182640144665,0.002932551319648094,0,98.0,186,1,35,26
US,Knapp 2011 Chardonnay (Finger Lakes),Anna Lee C. Iijima,12.0,Chardonnay,87,7581.0,7.25,2.4849066497880004,0.08333333333333333,0.00216998191681736,0.008797653958944282,0,99.0,184,0,28,27
US,Pezzi King 2013 Serracino Reserve Zinfandel (Dry Creek Valley),Virginie Boone,48.0,Zinfandel,82,6772.0,1.7083333333333333,3.871201010907891,0.020833333333333332,0.00867992766726944,0.11436950146627566,0,130.0,174,0,14,28
Chile,Pura 8 2010 Grand Reserve Pinot Noir (Rapel Valley),Michael Schachner,20.0,Pinot Noir,81,6581.0,4.05,2.995732273553991,0.05,0.003616636528028933,0.03225806451612903,0,101.0,172,0,45,29
US,Qupé 2013 Doux Sawyer Lindquist Vineyard Marsanne (Edna Valley),Matt Kettmann,35.0,Marsanne,91,8316.0,2.6,3.5553480614894135,0.02857142857142857,0.006329113924050633,0.07624633431085044,1,126.0,192,2,49,30
US,Scratch 2013 Grenache (Arroyo Seco),Matt Kettmann,35.0,Grenache,92,8499.0,2.6285714285714286,3.5553480614894135,0.02857142857142857,0.006329113924050633,0.07624633431085044,1,127.0,194,2,59,31
France,Biecher & Schaal 2014 Altenberg de Bergheim Grand Cru White (Alsace),Anne Krebiehl MW,45.0,Alsace white blend,92,8509.0,2.0444444444444443,3.8066624897703196,0.022222222222222223,0.0081374321880651,0.10557184750733138,1,137.0,194,2,31,32
France,Boude Baudin 2010 Cuvée St Clément  (Champagne),Roger Voss,70.0,Champagne Blend,91,8351.0,1.3,4.248495242049359,0.014285714285714285,0.012658227848101266,0.17888563049853373,1,161.0,192,2,83,33
US,Padis 2012 Cabernet Sauvignon (Napa Valley),Virginie Boone,110.0,Cabernet Sauvignon,91,8391.0,0.8272727272727273,4.700480365792417,0.00909090909090909,0.019891500904159132,0.2961876832844575,1,201.0,192,2,87,34
US,Ventosa 2015 Pinot Gris (Finger Lakes),Anna Lee C. Iijima,18.0,Pinot Gris,88,7762.0,4.888888888888889,2.8903717578961645,0.05555555555555555,0.0032549728752260397,0.026392961876832845,0,106.0,186,1,31,35
Chile,De Martino 2007 Legado Reserva Chardonnay (Limarí Valley),Michael Schachner,18.0,Chardonnay,86,7414.0,4.777777777777778,2.8903717578961645,0.05555555555555555,0.0032549728752260397,0.026392961876832845,0,104.0,182,0,79,36
Spain,Príncipe de Viana 2008 Reserva 1423 Red (Navarra),Michael Schachner,35.0,Red Blend,87,7604.0,2.4857142857142858,3.5553480614894135,0.02857142857142857,0.006329113924050633,0.07624633431085044,0,122.0,184,0,9,37
Chile,Leyda 2015 Single Vineyard Falaris Hill Chardonnay (Leyda Valley),Michael Schachner,18.0,Chardonnay,87,7587.0,4.833333333333333,2.8903717578961645,0.05555555555555555,0.0032549728752260397,0.026392961876832845,0,105.0,184,0,18,38
US,Raconteur 2016 White (Washington),Sean P. Sullivan,18.0,White Blend,89,7939.0,4.944444444444445,2.8903717578961645,0.05555555555555555,0.0032549728752260397,0.026392961876832845,0,107.0,188,1,1,39
US,Soquel Vineyards 2013 Intreccio Library Selection Red (Napa Valley),Virginie Boone,75.0,Bordeaux-style Red Blend,88,7819.0,1.1733333333333333,4.31748811353631,0.013333333333333334,0.013562386980108499,0.1935483870967742,0,163.0,186,1,2,40
Chile,Morandé 2008 Pionero Carmenère (Maipo Valley),Michael Schachner,9.0,Carmenère,85,7234.0,9.444444444444445,2.1972245773362196,0.1111111111111111,0.0016274864376130199,0.0,0,94.0,180,0,12,41
France,Vignerons de Bel Air 2011 Eté Indien  (Brouilly),Roger Voss,14.0,Gamay,86,7410.0,6.142857142857143,2.6390573296152584,0.07142857142857142,0.002531645569620253,0.01466275659824047,0,100.0,182,0,19,42
Chile,Cono Sur 2012 20 Barrels Cabernet Sauvignon (Maipo Valley),Michael Schachner,32.0,Cabernet Sauvignon,91,8313.0,2.84375,3.4657359027997265,0.03125,0.005786618444846293,0.06744868035190615,1,123.0,192,2,93,43
Greece,Lyrarakis 2015 Vilana (Crete),Susan Kostrzewa,13.0,Vilana,89,7934.0,6.846153846153846,2.5649493574615367,0.07692307692307693,0.0023508137432188066,0.011730205278592375,0,102.0,188,1,76,44
France,G. H. Mumm NV Mumm de Cramant Blanc de Blancs Chardonnay (Champagne),Roger Voss,62.0,Chardonnay,92,8526.0,1.4838709677419355,4.127134385045092,0.016129032258064516,0.011211573236889693,0.15542521994134897,1,154.0,194,2,66,45
US,Stoller 2013 Nancy's Pinot Noir (Dundee Hills),Paul Gregutt,70.0,Pinot Noir,92,8534.0,1.3142857142857143,4.248495242049359,0.014285714285714285,0.012658227848101266,0.17888563049853373,1,162.0,194,2,94,46
Germany,Castell 2015 Castell Silvaner (Franken),Anna Lee C. Iijima,16.0,Silvaner,90,8116.0,5.625,2.772588722239781,0.0625,0.0028933092224231465,0.020527859237536656,0,106.0,190,1,51,47
US,Eighty Four 2010 Petite Sirah (Napa Valley),Virginie Boone,65.0,Petite Sirah,93,8714.0,1.4307692307692308,4.174387269895637,0.015384615384615385,0.011754068716094032,0.16422287390029325,1,158.0,196,2,65,48
US,Flying Goat Cellars 2012 Bien Nacido Vineyard Pinot Noir (Santa Maria Valley),Matt Kettmann,60.0,Pinot Noir,93,8709.0,1.55,4.0943445622221,0.016666666666666666,0.0108499095840868,0.1495601173020528,1,153.0,196,2,34,49
France,Leon Beyer 2012 Gewurztraminer (Alsace),Roger Voss,30.0,Gewürztraminer,87,7599.0,2.9,3.4011973816621555,0.03333333333333333,0.0054249547920434,0.06158357771260997,0,117.0,184,0,22,50
France,Kuentz-Bas 2014 Pfersigberg Grand Cru Riesling (Alsace),Anne Krebiehl MW,39.0,Riesling,92,8503.0,2.358974358974359,3.6635616461296463,0.02564102564102564,0.007052441229656419,0.08797653958944282,1,131.0,194,2,16,51
US,Northstar 2013 Red (Walla Walla Valley (WA)),Sean P. Sullivan,50.0,Bordeaux-style Red Blend,91,8331.0,1.82,3.912023005428146,0.02,0.009041591320072333,0.12023460410557185,1,141.0,192,2,55,52
Spain,V&N; Cellars NV Reserva Brut Sparkling (Cava),Michael Schachner,19.0,Sparkling Blend,87,7588.0,4.578947368421052,2.9444389791664403,0.05263157894736842,0.0034358047016274863,0.02932551319648094,0,106.0,184,0,84,53
France,Château Lamothe-Vincent 2008 Sauvignon  (Bordeaux Blanc),Roger Voss,10.0,Sauvignon Blanc,85,7235.0,8.5,2.302585092994046,0.1,0.0018083182640144665,0.002932551319648094,0,95.0,180,0,29,54
US,Albatross Ridge 2012 Estate Reserve Pinot Noir (Carmel Valley),Matt Kettmann,55.0,Pinot Noir,91,8336.0,1.6545454545454545,4.007333185232471,0.01818181818181818,0.009945750452079566,0.1348973607038123,1,146.0,192,2,14,55
US,Cooper-Garrod 2012 Gravel Ridge Vineyard Chardonnay (Santa Cruz Mountains),Matt Kettmann,29.0,Chardonnay,90,8129.0,3.103448275862069,3.367295829986474,0.034482758620689655,0.005244122965641953,0.05865102639296188,0,119.0,190,1,11,56
Italy,Serpaia di Endrizzi 2010 Dono Riserva  (Morellino di Scansano),Kerin O’Keefe,30.0,Sangiovese,88,7774.0,2.933333333333333,3.4011973816621555,0.03333333333333333,0.0054249547920434,0.06158357771260997,0,118.0,186,1,91,57
US,Edna Valley Vineyard 2013 Reserve Chardonnay (Edna Valley),Matt Kettmann,35.0,Chardonnay,90,8135.0,2.5714285714285716,3.5553480614894135,0.02857142857142857,0.006329113924050633,0.07624633431085044,0,125.0,190,1,86,58
US,Mulvane Wine Co. 2013 The Cypher Red (Napa Valley),Virginie Boone,75.0,Bordeaux-style Red Blend,86,7471.0,1.1466666666666667,4.31748811353631,0.013333333333333334,0.013562386980108499,0.1935483870967742,0,161.0,182,0,34,59
Chile,Carmen 2000 Estate Grown Reserve Cabernet Sauvignon (Maipo Valley),Michael Schachner,15.0,Cabernet Sauvignon,88,7759.0,5.866666666666666,2.70805020110221,0.06666666666666667,0.0027124773960217,0.017595307917888565,0,103.0,186,1,27,60
France,Domaine Bertagna 2009 Les Dames Huguettes  (Côte de Nuits-Villages),Roger Voss,30.0,Pinot Noir,87,7599.0,2.9,3.4011973816621555,0.03333333333333333,0.0054249547920434,0.06158357771260997,0,117.0,184,0,44,61
US,Francis Coppola 2014 Director's Chardonnay (Sonoma County),Virginie Boone,17.0,Chardonnay,87,7586.0,5.117647058823529,2.833213344056216,0.058823529411764705,0.003074141048824593,0.02346041055718475,0,104.0,184,0,89,62
US,Chehalem 2013 Ian's Reserve Chardonnay (Willamette Valley),Paul Gregutt,40.0,Chardonnay,87,7609.0,2.175,3.6888794541139363,0.025,0.007233273056057866,0.09090909090909091,0,127.0,184,0,81,63
Chile,Casa Julia 2001 Reserve Cabernet Sauvignon (Maipo Valley),Michael Schachner,12.0,Cabernet Sauvignon,88,7756.0,7.333333333333333,2.4849066497880004,0.08333333333333333,0.00216998191681736,0.008797653958944282,0,100.0,186,1,84,64
Italy,Cavallotto 2010 Vignolo Riserva  (Barolo),Kerin O’Keefe,150.0,Nebbiolo,97,9559.0,0.6466666666666666,5.0106352940962555,0.006666666666666667,0.027124773960216998,0.41348973607038125,1,247.0,204,2,51,65
US,Walla Walla Vintners 2013 Cabernet Sauvignon (Walla Walla Valley (WA)),Sean P. Sullivan,38.0,Cabernet Sauvignon,89,7959.0,2.3421052631578947,3.6375861597263857,0.02631578947368421,0.006871609403254973,0.08504398826979472,0,127.0,188,1,59,66
US,Passaggio 2014 Blau Vineyards Merlot (Knights Valley),Virginie Boone,55.0,Merlot,86,7451.0,1.5636363636363637,4.007333185232471,0.01818181818181818,0.009945750452079566,0.1348973607038123,0,141.0,182,0,24,67
US,Coelho 2015 Renovação Estate Vineyards Pinot Gris (Willamette Valley),Paul Gregutt,20.0,Pinot Gris,87,7589.0,4.35,2.995732273553991,0.05,0.003616636528028933,0.03225806451612903,0,107.0,184,0,75,68
Italy,Castello di Querceto 2010 Cignale Red (Colli della Toscana Centrale),Kerin O’Keefe,70.0,Red Blend,90,8170.0,1.2857142857142858,4.248495242049359,0.014285714285714285,0.012658227848101266,0.17888563049853373,0,160.0,190,1,42,69
US,L'Ecole No. 41 2014 Cabernet Sauvignon (Columbia Valley (WA)),Sean P. Sullivan,30.0,Cabernet Sauvignon,89,7951.0,2.966666666666667,3.4011973816621555,0.03333333333333333,0.0054249547920434,0.06158357771260997,0,119.0,188,1,92,70
Australia,Jacob's Creek 2015 Classic Pinot Grigio (South Eastern Australia),Joe Czerwinski,9.0,Pinot Grigio,85,7234.0,9.444444444444445,2.1972245773362196,0.1111111111111111,0.0016274864376130199,0.0,0,94.0,180,0,76,71
Chile,Valdivieso 2001 Reserve Chardonnay (Central Valley),Michael Schachner,14.0,Chardonnay,88,7758.0,6.285714285714286,2.6390573296152584,0.07142857142857142,0.002531645569620253,0.01466275659824047,0,102.0,186,1,28,72
US,Coiled 2010 Black Mamba Red,Sean P. Sullivan,28.0,Red Blend,87,7597.0,3.107142857142857,3.332204510175204,0.03571428571428571,0.005063291139240506,0.05571847507331378,0,115.0,184,0,56,73
US,Le Cadeau 2015 Diversité Pinot Noir (Willamette Valley),Paul Gregutt,50.0,Pinot Noir,91,8331.0,1.82,3.912023005428146,0.02,0.009041591320072333,0.12023460410557185,1,141.0,192,2,5,74
US,Kontos 2014 Summit View Vineyard Malbec (Walla Walla Valley (WA)),Sean P. Sullivan,41.0,Malbec,89,7962.0,2.1707317073170733,3.713572066704308,0.024390243902439025,0.007414104882459313,0.093841642228739,0,130.0,188,1,59,75
Portugal,Herdade Grande 2015 Audaz Branco White (Alentejano),Roger Voss,10.0,Portuguese White,85,7235.0,8.5,2.302585092994046,0.1,0.0018083182640144665,0.002932551319648094,0,95.0,180,0,19,76
US,Gård 2014 Grand Klasse Reserve Lawrence Vineyards Viognier (Columbia Valley (WA)),Sean P. Sullivan,22.0,Viognier,88,7766.0,4.0,3.091042453358316,0.045454545454545456,0.003978300180831827,0.03812316715542522,0,110.0,186,1,16,77
Chile,Koyle 2015 Costa Pinot Noir (Colchagua Costa),Michael Schachner,35.0,Pinot Noir,83,6924.0,2.3714285714285714,3.5553480614894135,0.02857142857142857,0.006329113924050633,0.07624633431085044,0,118.0,176,0,28,78
US,Artesa 2014 Estate Reserve Chardonnay (Carneros),Virginie Boone,35.0,Chardonnay,93,8684.0,2.657142857142857,3.5553480614894135,0.02857142857142857,0.006329113924050633,0.07624633431085044,1,128.0,196,2,16,79
US,J. Davies 2012 Jamie Cabernet Sauvignon (Diamond Mountain District),Virginie Boone,200.0,Cabernet Sauvignon,95,9225.0,0.475,5.298317366548036,0.005,0.03616636528028933,0.5601173020527859,1,295.0,200,2,57,80
Germany,P.J. Valckenberg 2015 Undone Dry Riesling (Rheinhessen),Anna Lee C. Iijima,10.0,Riesling,86,7406.0,8.6,2.302585092994046,0.1,0.0018083182640144665,0.002932551319648094,0,96.0,182,0,94,81
Germany,Dr. H. Thanisch (Erben Thanisch) 2014 Thanisch Kabinett Riesling (Mosel),Anna Lee C. Iijima,30.0,Riesling,90,8130.0,3.0,3.4011973816621555,0.03333333333333333,0.0054249547920434,0.06158357771260997,0,120.0,190,1,86,82
US,Firesteed 2012 Riesling (Oregon),Paul Gregutt,15.0,Riesling,90,8115.0,6.0,2.70805020110221,0.06666666666666667,0.0027124773960217,0.017595307917888565,0,105.0,190,1,82,83
US,Drumheller 2014 Chardonnay (Columbia Valley (WA)),Sean P. Sullivan,12.0,Chardonnay,86,7408.0,7.166666666666667,2.4849066497880004,0.08333333333333333,0.00216998191681736,0.008797653958944282,0,98.0,182,0,39,84
Italy,Poderi Colla 2013 Costa Bruna  (Barbera d'Alba),Kerin O’Keefe,25.0,Barbera,90,8125.0,3.6,3.2188758248682006,0.04,0.0045207956600361665,0.0469208211143695,0,115.0,190,1,76,85
Argentina,Antucura 2011 Grand Vin Red (Vista Flores),Michael Schachner,30.0,Bordeaux-style Red Blend,87,7599.0,2.9,3.4011973816621555,0.03333333333333333,0.0054249547920434,0.06158357771260997,0,117.0,184,0,36,86
US,Walt 2013 Pinpoint Extreme Pinot Noir (Russian River Valley),Virginie Boone,75.0,Pinot Noir,92,8539.0,1.2266666666666666,4.31748811353631,0.013333333333333334,0.013562386980108499,0.1935483870967742,1,167.0,194,2,34,87
US,Owen Roe 2009 Slide Mountain Vineyard Cabernet Franc (Yakima Valley),Paul Gregutt,72.0,Cabernet Franc,90,8172.0,1.25,4.276666119016055,0.013888888888888888,0.013019891500904159,0.18475073313782991,0,162.0,190,1,37,88
Germany,Heinz Eifel 2013 Shine Gewürztraminer (Rheinhessen),Anna Lee C. Iijima,12.0,Gewürztraminer,87,7581.0,7.25,2.4849066497880004,0.08333333333333333,0.00216998191681736,0.008797653958944282,0,99.0,184,0,18,89
Argentina,Lagarde 2013 Henry Legarde Malbec (Luján de Cuyo),Michael Schachner,17.0,Malbec,85,7242.0,5.0,2.833213344056216,0.058823529411764705,0.003074141048824593,0.02346041055718475,0,102.0,180,0,84,90
US,Castello di Amorosa 2011 King Ridge Vineyard Pinot Noir (Sonoma Coast),Virginie Boone,69.0,Pinot Noir,87,7638.0,1.2608695652173914,4.23410650459726,0.014492753623188406,0.012477396021699819,0.17595307917888564,0,156.0,184,0,87,91
France,Mont Gravet 2013 Colombard (Côtes de Gascogne),Roger Voss,9.0,Colombard,86,7405.0,9.555555555555555,2.1972245773362196,0.1111111111111111,0.0016274864376130199,0.0,0,95.0,182,0,33,92
Spain,Mauro 2005 Red (Vino de la Tierra de Castilla y León),Michael Schachner,53.0,Tempranillo Blend,88,7797.0,1.6603773584905661,3.970291913552122,0.018867924528301886,0.009584086799276673,0.12903225806451613,0,141.0,186,1,20,93
US,Terra Valentine 2013 K Block Cabernet Sauvignon (Spring Mountain District),Virginie Boone,85.0,Cabernet Sauvignon,91,8366.0,1.0705882352941176,4.442651256490317,0.011764705882352941,0.015370705244122965,0.22287390029325513,1,176.0,192,2,35,94
Spain,El Coto 2011 Rosado Rosé (Rioja),Michael Schachner,11.0,Rosé,87,7580.0,7.909090909090909,2.3978952727983707,0.09090909090909091,0.0019891500904159133,0.005865102639296188,0,98.0,184,0,34,95
Portugal,Quinta do Vallado 2009 Sousão (Douro),Roger Voss,40.0,Sousão,90,8140.0,2.25,3.6888794541139363,0.025,0.007233273056057866,0.09090909090909091,0,130.0,190,1,56,96
Italy,Tenuta La Marchesa 2015 Gold Label  (Gavi),Kerin O’Keefe,15.0,Cortese,89,7936.0,5.933333333333334,2.70805020110221,0.06666666666666667,0.0027124773960217,0.017595307917888565,0,104.0,188,1,11,97
US,Claiborne & Churchill 2014 Claiborne Vineyard Riesling (Edna Valley),Matt Kettmann,28.0,Riesling,91,8309.0,3.25,3.332204510175204,0.03571428571428571,0.005063291139240506,0.05571847507331378,1,119.0,192,2,73,98
Argentina,Cueva de las Manos 2007 Reserve Malbec (Luján de Cuyo),Michael Schachner,15.0,Malbec,85,7240.0,5.666666666666667,2.70805020110221,0.06666666666666667,0.0027124773960217,0.017595307917888565,0,100.0,180,0,63,99
US,Martin Ranch 2014 J.D. Hurley Zinfandel (Santa Clara Valley),Matt Kettmann,26.0,Zinfandel,87,7595.0,3.3461538461538463,3.258096538021482,0.038461538461538464,0.004701627486437613,0.04985337243401759,0,113.0,184,0,34,100
Austria,Strauss 2016 Classic Pinot Blanc (Steiermark),Anne Krebiehl MW,18.0,Pinot Blanc,89,7939.0,4.944444444444445,2.8903717578961645,0.05555555555555555,0.0032549728752260397,0.026392961876832845,0,107.0,188,1,48,101
US,St. Julian 2013 Reserve Late Harvest Riesling (Lake Michigan Shore),Alexander Peartree,13.0,Riesling,87,7582.0,6.6923076923076925,2.5649493574615367,0.07692307692307693,0.0023508137432188066,0.011730205278592375,0,100.0,184,0,30,102
US,Buttonwood 2015 Grenache Blanc (Santa Ynez Valley),Matt Kettmann,22.0,Grenache Blanc,90,8122.0,4.090909090909091,3.091042453358316,0.045454545454545456,0.003978300180831827,0.03812316715542522,0,112.0,190,1,64,103
US,Robert Mondavi 2015 Fumé Blanc (Napa Valley),Virginie Boone,20.0,Fumé Blanc,90,8120.0,4.5,2.995732273553991,0.05,0.003616636528028933,0.03225806451612903,0,110.0,190,1,50,104
US,Hawkins Cellars 2009 Pinot Noir (Willamette Valley),Paul Gregutt,22.0,Pinot Noir,86,7418.0,3.909090909090909,3.091042453358316,0.045454545454545456,0.003978300180831827,0.03812316715542522,0,108.0,182,0,14,105
US,Columbia Winery 2013 Viognier (Columbia Valley (WA)),Paul Gregutt,26.0,Viognier,86,7422.0,3.3076923076923075,3.258096538021482,0.038461538461538464,0.004701627486437613,0.04985337243401759,0,112.0,182,0,5,106
US,Terre Rouge 2013 Vin Doux Naturel Muscat Blanc à Petits Grains (Shenandoah Valley (CA)),Jim Gordon,20.0,Muscat Blanc à Petits Grains,87,7589.0,4.35,2.995732273553991,0.05,0.003616636528028933,0.03225806451612903,0,107.0,184,0,39,107
France,Willm 2011 Vendanges Tardives Gewurztraminer (Alsace),Anne Krebiehl MW,54.0,Gewürztraminer,92,8518.0,1.7037037037037037,3.9889840465642745,0.018518518518518517,0.00976491862567812,0.13196480938416422,1,146.0,194,2,37,108
South Africa,Oldenburg 2014 Chenin Blanc (Stellenbosch),Lauren Buzzeo,20.0,Chenin Blanc,90,8120.0,4.5,2.995732273553991,0.05,0.003616636528028933,0.03225806451612903,0,110.0,190,1,39,109
Chile,Carmen 2014 Gran Reserva Carmenère (Colchagua Valley),Michael Schachner,15.0,Carmenère,90,8115.0,6.0,2.70805020110221,0.06666666666666667,0.0027124773960217,0.017595307917888565,0,105.0,190,1,23,110
US,Firesteed 2014 Pinot Gris (Oregon),Paul Gregutt,15.0,Pinot Gris,90,8115.0,6.0,2.70805020110221,0.06666666666666667,0.0027124773960217,0.017595307917888565,0,105.0,190,1,56,111
Argentina,Algodon 2008 Estate Blend Gran Reserva Red,Michael Schachner,37.0,Red Blend,89,7958.0,2.4054054054054053,3.6109179126442243,0.02702702702702703,0.006690777576853526,0.08211143695014662,0,126.0,188,1,24,112
Romania,Byzantium 2005 Rosso di Valachia Red (Dealu Mare),Susan Kostrzewa,12.0,Red Blend,85,7237.0,7.083333333333333,2.4849066497880004,0.08333333333333333,0.00216998191681736,0.008797653958944282,0,97.0,180,0,8,113
France,Château Bois Chantant 2015  Bordeaux Supérieur,Roger Voss,14.0,Bordeaux-style Red Blend,89,7935.0,6.357142857142857,2.6390573296152584,0.07142857142857142,0.002531645569620253,0.01466275659824047,0,103.0,188,1,15,114
US,Ektimo Vineyards 2014 Pinot Noir (Russian River Valley),Virginie Boone,34.0,Pinot Noir,87,7603.0,2.5588235294117645,3.5263605246161616,0.029411764705882353,0.006148282097649186,0.07331378299120235,0,121.0,184,0,50,115
Portugal,Aveleda NV Casal Garcia Rosé Sparkling (Vinho Verde),Roger Voss,12.0,Portuguese Sparkling,87,7581.0,7.25,2.4849066497880004,0.08333333333333333,0.00216998191681736,0.008797653958944282,0,99.0,184,0,45,116
Italy,Montemercurio 2007 Messaggero  (Vino Nobile di Montepulciano),Kerin O’Keefe,35.0,Sangiovese,92,8499.0,2.6285714285714286,3.5553480614894135,0.02857142857142857,0.006329113924050633,0.07624633431085044,1,127.0,194,2,98,117
Portugal,Monte da Penha 2005 Grande Reserva Red (Alentejo),Roger Voss,32.0,Portuguese Red,92,8496.0,2.875,3.4657359027997265,0.03125,0.005786618444846293,0.06744868035190615,1,124.0,194,2,50,118
Italy,Marchesi de' Frescobaldi 2014 Castiglioni Red (Toscana),Kerin O’Keefe,30.0,Red Blend,87,7599.0,2.9,3.4011973816621555,0.03333333333333333,0.0054249547920434,0.06158357771260997,0,117.0,184,0,64,119
US,Adelsheim 2010 Winderlea Vineyard Pinot Noir (Dundee Hills),Paul Gregutt,105.0,Pinot Noir,92,8569.0,0.8761904761904762,4.653960350157523,0.009523809523809525,0.0189873417721519,0.28152492668621704,1,197.0,194,2,73,120
US,Lamoreaux Landing 2014 Red Oak Vineyard Riesling (Finger Lakes),Anna Lee C. Iijima,20.0,Riesling,87,7589.0,4.35,2.995732273553991,0.05,0.003616636528028933,0.03225806451612903,0,107.0,184,0,55,121
Italy,Tenuta Poggio il Castellare 2009  Brunello di Montalcino,Kerin O’Keefe,70.0,Sangiovese,86,7466.0,1.2285714285714286,4.248495242049359,0.014285714285714285,0.012658227848101266,0.17888563049853373,0,156.0,182,0,68,122
Canada,Pillitteri 2012 Reserve Icewine Vidal (Niagara-On-The-Lake),Sean P. Sullivan,30.0,Vidal,92,8494.0,3.066666666666667,3.4011973816621555,0.03333333333333333,0.0054249547920434,0.06158357771260997,1,122.0,194,2,97,123
Italy,Tornatore 2015 Rosato (Etna),Kerin O’Keefe,19.0,Rosato,90,8119.0,4.7368421052631575,2.9444389791664403,0.05263157894736842,0.0034358047016274863,0.02932551319648094,0,109.0,190,1,81,124
France,Domaine Daniel Dugois 2006 Vin Jaune Savagnin (Arbois),Roger Voss,45.0,Savagnin,92,8509.0,2.0444444444444443,3.8066624897703196,0.022222222222222223,0.0081374321880651,0.10557184750733138,1,137.0,194,2,94,125
France,Henry Fessy 2012 Nouveau  (Beaujolais),Roger Voss,9.0,Gamay,86,7405.0,9.555555555555555,2.1972245773362196,0.1111111111111111,0.0016274864376130199,0.0,0,95.0,182,0,56,126
US,Coiled 2009 Sidewinder Red,Sean P. Sullivan,25.0,Red Blend,87,7594.0,3.48,3.2188758248682006,0.04,0.0045207956600361665,0.0469208211143695,0,112.0,184,0,51,127
Chile,Viña Bisquertt 2007 Casa la Joya Reserve Syrah (Colchagua Valley),Michael Schachner,11.0,Syrah,85,7236.0,7.7272727272727275,2.3978952727983707,0.09090909090909091,0.0019891500904159133,0.005865102639296188,0,96.0,180,0,21,128
Spain,Morlanda 2007 Criança Red (Priorat),Michael Schachner,48.0,Red Blend,90,8148.0,1.875,3.871201010907891,0.020833333333333332,0.00867992766726944,0.11436950146627566,0,138.0,190,1,39,129
France,Château de la Tour 2013 Vieilles Vignes  (Clos de Vougeot),Roger Voss,350.0,Pinot Noir,95,9375.0,0.2714285714285714,5.857933154483459,0.002857142857142857,0.06329113924050633,1.0,1,445.0,200,2,29,130
Germany,Schmitt Söhne 2015 Riesling (Rheinhessen),Anna Lee C. Iijima,9.0,Riesling,86,7405.0,9.555555555555555,2.1972245773362196,0.1111111111111111,0.0016274864376130199,0.0,0,95.0,182,0,46,131
France,Jacquart NV Mosaïque Rosé Brut  (Champagne),Roger Voss,42.0,Champagne Blend,86,7438.0,2.0476190476190474,3.7376696182833684,0.023809523809523808,0.007594936708860759,0.0967741935483871,0,128.0,182,0,31,132
Austria,Gunter Triebaumer NV Muscato Moscato (Österreichischer Sekt),Roger Voss,18.0,Moscato,87,7587.0,4.833333333333333,2.8903717578961645,0.05555555555555555,0.0032549728752260397,0.026392961876832845,0,105.0,184,0,22,133
New Zealand,Cloudy Bay 2014 Sauvignon Blanc (Marlborough),Joe Czerwinski,28.0,Sauvignon Blanc,91,8309.0,3.25,3.332204510175204,0.03571428571428571,0.005063291139240506,0.05571847507331378,1,119.0,192,2,98,134
US,Joseph Jewell 2014 Bucher Vineyard Pinot Noir (Russian River Valley),Virginie Boone,45.0,Pinot Noir,91,8326.0,2.022222222222222,3.8066624897703196,0.022222222222222223,0.0081374321880651,0.10557184750733138,1,136.0,192,2,76,135
France,Mémoires 2015 Rosé (Coteaux Varois en Provence),Roger Voss,11.0,Rosé,82,6735.0,7.454545454545454,2.3978952727983707,0.09090909090909091,0.0019891500904159133,0.005865102639296188,0,93.0,174,0,75,136
US,Lava Cap 2010 Battonage Chardonnay (El Dorado),Virginie Boone,18.0,Chardonnay,87,7587.0,4.833333333333333,2.8903717578961645,0.05555555555555555,0.0032549728752260397,0.026392961876832845,0,105.0,184,0,31,137
France,Lionel Osmin & Cie 2016 La Réserve Petit Manseng (Vin de France),Roger Voss,11.0,Petit Manseng,86,7407.0,7.818181818181818,2.3978952727983707,0.09090909090909091,0.0019891500904159133,0.005865102639296188,0,97.0,182,0,26,138
US,Melhill 2012 Chardonnay (Sonoma Coast),Virginie Boone,60.0,Chardonnay,92,8524.0,1.5333333333333334,4.0943445622221,0.016666666666666666,0.0108499095840868,0.1495601173020528,1,152.0,194,2,7,139
Italy,Brandini 2011 Resa 56  (Barolo),Kerin O’Keefe,90.0,Nebbiolo,93,8739.0,1.0333333333333334,4.499809670330265,0.011111111111111112,0.0162748643761302,0.2375366568914956,1,183.0,196,2,92,140
US,Bloomer Creek 2006 Gewürztraminer (Finger Lakes),Susan Kostrzewa,16.0,Gewürztraminer,85,7241.0,5.3125,2.772588722239781,0.0625,0.0028933092224231465,0.020527859237536656,0,101.0,180,0,21,141
US,Lutum 2014 Gap's Crown Vineyard Chardonnay (Sonoma Coast),Virginie Boone,50.0,Chardonnay,93,8699.0,1.86,3.912023005428146,0.02,0.009041591320072333,0.12023460410557185,1,143.0,196,2,64,142
US,Peconic Bay Winery 2010 Cabernet Franc (North Fork of Long Island),Anna Lee C. Iijima,36.0,Cabernet Franc,87,7605.0,2.4166666666666665,3.58351893845611,0.027777777777777776,0.0065099457504520794,0.07917888563049853,0,123.0,184,0,85,143
South Africa,Delaire Graff 2013 Reserve White (Coastal Region),Lauren Buzzeo,40.0,White Blend,90,8140.0,2.25,3.6888794541139363,0.025,0.007233273056057866,0.09090909090909091,0,130.0,190,1,93,144
Spain,Juvé y Camps NV Sweet Reserva Sparkling (Cava),Michael Schachner,15.0,Sparkling Blend,86,7411.0,5.733333333333333,2.70805020110221,0.06666666666666667,0.0027124773960217,0.017595307917888565,0,101.0,182,0,0,145
Italy,Podere Ciona 2014 Semifonte Red (Toscana),Kerin O’Keefe,15.0,Red Blend,87,7584.0,5.8,2.70805020110221,0.06666666666666667,0.0027124773960217,0.017595307917888565,0,102.0,184,0,21,146
Italy,Fattoria La Rivolta 2015 Taburno Fiano (Sannio),Kerin O’Keefe,25.0,Fiano,90,8125.0,3.6,3.2188758248682006,0.04,0.0045207956600361665,0.0469208211143695,0,115.0,190,1,21,147
US,Fullerton 2015 Three Otters Pinot Noir Rosé (Willamette Valley),Paul Gregutt,18.0,Rosé,87,7587.0,4.833333333333333,2.8903717578961645,0.05555555555555555,0.0032549728752260397,0.026392961876832845,0,105.0,184,0,22,148
US,Folie à Deux 2015 Pinot Gris (Sonoma Coast),Virginie Boone,18.0,Pinot Gris,88,7762.0,4.888888888888889,2.8903717578961645,0.05555555555555555,0.0032549728752260397,0.026392961876832845,0,106.0,186,1,93,149
