country,title,taster_name,price,variety,points,country_exact_copy,country_with_noise,country_with_nan_noise,country_abbv,country_abbv_small
US,Deerfield Ranch NV Tawny Estate Syrah (Sonoma Valley),Virginie Boone,50.0,Syrah,90,US,US,,US,US
France,La Chablisienne 2006 Les Vénérables Vieilles Vignes  (Chablis),Roger Voss,27.0,Chardonnay,88,France,France,,FRANCE,FRA
France,Simonnet-Febvre 2015  Chablis,Roger Voss,24.0,Chardonnay,86,France,France,,FRANCE,FRA
US,Franciscan 2013 Magnificat Meritage (Napa Valley),Virginie Boone,55.0,Meritage,88,US,US,,US,US
US,Market Vineyards 2008 Dividend Syrah (Columbia Valley (WA)),Paul Gregutt,39.0,Syrah,90,US,US,,US,US
Chile,J. & F. Lurton 2006 Gran Araucano Cabernet Sauvignon (Colchagua Valley),Michael Schachner,35.0,Cabernet Sauvignon,86,Chile,Chile,,CHILE,CHI
US,Conn Creek 2013 El Adobo Ranch Vineyard Cabernet Sauvignon (Chiles Valley),Virginie Boone,90.0,Cabernet Sauvignon,91,US,US,,US,US
France,Domaine de Thulon 2013  Beaujolais-Villages,Roger Voss,15.0,Chardonnay,86,France,France,,FRANCE,FRA
Chile,Emiliana 2008 Natura Chardonnay (Casablanca Valley),Michael Schachner,11.0,Chardonnay,87,Chile,Chile,,CHILE,CHI
US,Poet's Leap 2014 Riesling (Columbia Valley (WA)),Sean P. Sullivan,20.0,Riesling,90,US,South Africa,,US,US
US,Erath 2010 Hyland Pinot Noir (McMinnville),Paul Gregutt,50.0,Pinot Noir,86,US,US,,US,US
US,Qupé 2013 Sawyer Lindquist Vineyard Grenache (Edna Valley),Matt Kettmann,35.0,Grenache,91,US,US,US,US,US
US,The Withers Winery 2013 Charles Vineyard Pinot Noir (Anderson Valley),Jim Gordon,44.0,Pinot Noir,90,US,US,,US,US
Chile,Terrapura 2012 Merlot (Curicó Valley),Michael Schachner,11.0,Merlot,86,Chile,Chile,Chile,CHILE,CHI
Australia,Henry's Drive Vignerons 2006 The Trial of John Montford Cabernet Sauvignon (Padthaway),Joe Czerwinski,30.0,Cabernet Sauvignon,87,Australia,Portugal,Australia,AUSTRA,AUS
Spain,Bodegas Berceo 2011 Selección Crianza  (Rioja),Michael Schachner,25.0,Tempranillo Blend,90,Spain,Spain,,SPAIN,SPA
France,Trimbach 2012 Gewurztraminer (Alsace),Roger Voss,24.0,Gewürztraminer,87,France,France,,FRANCE,FRA
Spain,Finca Constancia 2011 Parcela 23 Tempranillo (Vino de la Tierra de Castilla),Michael Schachner,20.0,Tempranillo,90,Spain,Spain,,SPAIN,SPA
France,Henry Fessy 2015  Juliénas,Roger Voss,20.0,Gamay,88,France,France,,FRANCE,FRA
Argentina,Finca Sophenia 2011 Synthesis Malbec (Tupungato),Michael Schachner,30.0,Malbec,92,Argentina,Argentina,,ARGENT,ARG
Chile,Ventisquero 2008 Grey [Glacier] Single Block Trinidad Vineyard Cabernet Sauvignon (Maipo Valley),Michael Schachner,20.0,Cabernet Sauvignon,87,Chile,Chile,,CHILE,CHI
US,J. Lohr 2015 October Night Chardonnay (Arroyo Seco),Matt Kettmann,25.0,Chardonnay,90,US,US,,US,US
France,Louis Bernard 2009 Red (Côtes du Rhône Villages),Joe Czerwinski,13.0,Rhône-style Red Blend,87,France,France,,FRANCE,FRA
Spain,Ego Bodegas 2014 Goru Verde Monastrell (Jumilla),Michael Schachner,15.0,Monastrell,87,Spain,Spain,,SPAIN,SPA
Argentina,Alamos 2007 Torrontés (Salta),Michael Schachner,12.0,Torrontés,88,Argentina,Argentina,,ARGENT,ARG
US,Zerba Cellars 2008 Sangiovese (Walla Walla Valley (WA)),Paul Gregutt,30.0,Sangiovese,87,US,US,US,US,US
US,Carlisle 2013 Pagani Ranch Zinfandel (Sonoma Valley),Virginie Boone,46.0,Zinfandel,93,US,US,,US,US
US,Lachini 2007 Pinot Gris (Oregon),Paul Gregutt,20.0,Pinot Gris,88,US,US,,US,US
US,Ram 2014 Alder Ridge Vineyard Cabernet Franc (Columbia Valley (WA)),Sean P. Sullivan,25.0,Cabernet Franc,86,US,US,,US,US
Portugal,Herdade Grande 2014 Gerações Colheita Seleccionada Branco White (Alentejano),Roger Voss,30.0,Portuguese White,91,Portugal,Portugal,,PORTUG,POR
France,Cave de Viré 2015 Grande Réserve du Président  (Mâcon-Villages),Roger Voss,15.0,Chardonnay,85,France,France,France,FRANCE,FRA
Australia,Yalumba 2016 Made With Organic Grapes Chardonnay (South Australia),Joe Czerwinski,18.0,Chardonnay,86,Australia,Australia,,AUSTRA,AUS
Italy,I Giusti e Zanza 2009 Dulcamara Red (Toscana),Kerin O’Keefe,41.0,Red Blend,92,Italy,Italy,,ITALY,ITA
Germany,Von Schleinitz 2015 Apollo Dry Riesling (Mosel),Anna Lee C. Iijima,29.0,Riesling,90,Germany,Germany,,GERMAN,GER
US,Structure 2014 Wallula Syrah (Horse Heaven Hills),Sean P. Sullivan,35.0,Syrah,91,US,US,,US,US
US,Pech Merle 2013 Treborce Vineyard Zinfandel (Dry Creek Valley),Virginie Boone,33.0,Zinfandel,85,US,US,,US,US
France,Château La Branne 2014  Médoc,Roger Voss,20.0,Bordeaux-style Red Blend,90,France,France,,FRANCE,FRA
Italy,Stemmari 2013 Dalila White (Terre Siciliane),Kerin O’Keefe,13.0,White Blend,87,Italy,Italy,,ITALY,ITA
US,Aiken 2013 Cabernet Sauvignon (Rutherford),Virginie Boone,125.0,Cabernet Sauvignon,90,US,US,,US,US
US,W.H. Smith 2012 Reserve Cabernet Sauvignon (Howell Mountain),Virginie Boone,70.0,Cabernet Sauvignon,93,US,US,,US,US
Australia,Torbreck 2010 The Factor Shiraz (Barossa Valley),Joe Czerwinski,125.0,Shiraz,92,Australia,France,Australia,AUSTRA,AUS
France,Domaine du Grand Cros 2011 L'Esprit de Provence Rosé (Côtes de Provence),Roger Voss,20.0,Rosé,87,France,France,,FRANCE,FRA
France,Jacquart NV Brut Mosaïque  (Champagne),Roger Voss,40.0,Champagne Blend,87,France,France,France,FRANCE,FRA
US,Alta Colina 2012 Old 900 Syrah (Paso Robles),Matt Kettmann,46.0,Syrah,91,US,US,US,US,US
Italy,Madonna Alta 2014 Nativo Red (Toscana),Kerin O’Keefe,16.0,Red Blend,87,Italy,Italy,,ITALY,ITA
Italy,Grifalco 2013 Daginestra  (Aglianico del Vulture),Kerin O’Keefe,32.0,Aglianico,86,Italy,Italy,,ITALY,ITA
South Africa,Kanonkop 2012 Estate Wine Pinotage (Simonsberg-Stellenbosch),Lauren Buzzeo,40.0,Pinotage,91,South Africa,South Africa,,SOUTH ,SOU
Italy,Moncaro 2015 Le Vele  (Verdicchio dei Castelli di Jesi Classico),Kerin O’Keefe,32.0,Verdicchio,90,Italy,Italy,,ITALY,ITA
US,Dry Creek Vineyard 2012 DCV2 Estate Four Clones Vineyard Zinfandel (Dry Creek Valley),Virginie Boone,38.0,Zinfandel,91,US,US,,US,US
US,Efeste 2013 Upright Klipsun Vineyard Merlot (Red Mountain),Sean P. Sullivan,39.0,Merlot,90,US,US,,US,US
US,Raphael 2014 Virgin Berry Riesling (North Fork of Long Island),Anna Lee C. Iijima,26.0,Riesling,90,US,US,,US,US
Portugal,Casa de Vilacetinho 2013 Bruto Avesso (Vinho Verde),Roger Voss,30.0,Avesso,87,Portugal,Portugal,,PORTUG,POR
US,Sequum 2013 Four Soil Mélange Cabernet Sauvignon (Napa Valley),Virginie Boone,60.0,Cabernet Sauvignon,90,US,US,,US,US
Portugal,Maritávora 2009 Reserva Branco White (Douro),Roger Voss,60.0,Portuguese White,90,Portugal,Portugal,,PORTUG,POR
France,Fournier Père et Fils 2006 Les Belles Vignes  (Sancerre),Roger Voss,22.0,Sauvignon Blanc,88,France,France,,FRANCE,FRA
US,Quiévremont 2012 Vin de Maison Red (Virginia),Alexander Peartree,23.0,Red Blend,87,US,US,,US,US
France,Domaine Poulleau Père et Fils 2014  Chorey-lès-Beaune,Roger Voss,40.0,Pinot Noir,85,France,France,,FRANCE,FRA
US,Sierra Starr 2014 Rising Starr Estate Bottled Cabernet Franc (Nevada County),Jim Gordon,28.0,Cabernet Franc,90,US,Portugal,,US,US
US,D.R. Stephens 2014 Silver Eagle Vineyard Pinot Noir (Sonoma Coast),Virginie Boone,75.0,Pinot Noir,91,US,US,,US,US
Italy,Poggio Argentiera 2012 Capatosta  (Morellino di Scansano),Kerin O’Keefe,35.0,Red Blend,91,Italy,Italy,,ITALY,ITA
Italy,Marchesi Antinori 2015 Villa Antinori White (Toscana),Kerin O’Keefe,14.0,White Blend,87,Italy,Italy,,ITALY,ITA
Australia,Mitolo 2016 Jester Sangiovese Rosé (McLaren Vale),Joe Czerwinski,20.0,Rosé,86,Australia,Australia,,AUSTRA,AUS
France,Patriarche Père et Fils 2014  Coteaux Bourguignons,Roger Voss,10.0,Pinot Noir-Gamay,85,France,France,France,FRANCE,FRA
US,Barrister 2012 Sagemoor Cabernet Sauvignon (Columbia Valley (WA)),Sean P. Sullivan,35.0,Cabernet Sauvignon,90,US,US,,US,US
Chile,Estampa 2011 Estate Viognier-Chardonnay (Colchagua Valley),Michael Schachner,15.0,Viognier-Chardonnay,86,Chile,Chile,Chile,CHILE,CHI
Portugal,Casca Wines 2015 Bote Chardonnay-Fernão Pires-Vital White (Lisboa),Roger Voss,8.0,Portuguese White,85,Portugal,Portugal,,PORTUG,POR
Germany,Robert Weil 2014 Kiedrich Gräfenberg Beerenauslese Riesling (Rheingau),Anna Lee C. Iijima,365.0,Riesling,96,Germany,Germany,,GERMAN,GER
France,Domaine Jeannin-Naltet 2014 Le Clos l'Evêque Premier Cru  (Mercurey),Roger Voss,60.0,Pinot Noir,91,France,Italy,,FRANCE,FRA
US,Wölffer 2013 Caya Cabernet Franc (Long Island),Anna Lee C. Iijima,35.0,Cabernet Franc,89,US,US,US,US,US
US,Limerick Lane 2013 Hail Mary Syrah-Grenache (Russian River Valley),Virginie Boone,48.0,Syrah-Grenache,93,US,US,US,US,US
US,Beaver Creek 2008 Fairytale Red (Napa Valley),Virginie Boone,39.0,Red Blend,89,US,US,US,US,US
Australia,McWilliam's Hanwood Estate 2008 Cabernet Sauvignon (South Eastern Australia),Joe Czerwinski,11.0,Cabernet Sauvignon,87,Australia,Italy,Australia,AUSTRA,AUS
Chile,Aresti 2008 Estate Selection Sauvignon Blanc (Curicó Valley),Michael Schachner,13.0,Sauvignon Blanc,85,Chile,Chile,,CHILE,CHI
US,Quady North 2011 Steel-Ox Viognier (Rogue Valley),Sean P. Sullivan,25.0,Viognier,87,US,US,,US,US
Australia,Chambers Rosewood Vineyards NV Rare Muscadelle (Rutherglen),Joe Czerwinski,350.0,Muscadelle,98,Australia,Australia,,AUSTRA,AUS
US,Paul O'Brien 2014 Bradley Vineyard Pinot Noir (Umpqua Valley),Paul Gregutt,45.0,Pinot Noir,91,US,US,,US,US
Spain,Pata Negra NV Brut Sparkling (Cava),Michael Schachner,15.0,Sparkling Blend,86,Spain,Spain,,SPAIN,SPA
Germany,Weingut Hans Bausch 2011 Hattenheimer Hassel Auslese Riesling (Rheingau),Anna Lee C. Iijima,66.0,Riesling,95,Germany,Germany,Germany,GERMAN,GER
US,Brian Carter Cellars 2012 Tuttorosso Red (Yakima Valley),Sean P. Sullivan,34.0,Red Blend,90,US,US,US,US,US
US,Lucas Vineyards 2007 Vignoles (Finger Lakes),Susan Kostrzewa,11.0,Vignoles,86,US,US,US,US,US
Spain,Finca del Marquesado 2013 Crianza  (Rioja),Michael Schachner,18.0,Tempranillo Blend,87,Spain,Spain,,SPAIN,SPA
US,Midnight 2013 Starlight Sangiovese (Paso Robles),Matt Kettmann,36.0,Sangiovese,89,US,US,,US,US
South Africa,Goats do Roam Wine Co. 2008 Goat-Roti Syrah-Viognier (Coastal Region),Lauren Buzzeo,20.0,Syrah-Viognier,89,South Africa,South Africa,,SOUTH ,SOU
US,Pride Mountain 2012 Cabernet Franc (Sonoma County),Virginie Boone,65.0,Cabernet Franc,91,US,US,,US,US
Germany,Dr. Loosen 2011 Wehlener Sonnenuhr Kabinett Riesling (Mosel),Anna Lee C. Iijima,27.0,Riesling,92,Germany,Germany,,GERMAN,GER
US,Las Positas 2014 Verdigris White (California),Jim Gordon,30.0,White Blend,89,US,US,,US,US
Argentina,El Esteco 2015 Don David Reserve Torrontés (Calchaquí Valley),Michael Schachner,17.0,Torrontés,85,Argentina,Australia,,ARGENT,ARG
US,Savage Grace 2016 Orange Oak Ridge Vineyard Gewürztraminer (Columbia Gorge (WA)),Sean P. Sullivan,26.0,Gewürztraminer,89,US,US,,US,US
France,Bertrand Ambroise 2006  St.-Romain,Roger Voss,35.0,Chardonnay,87,France,France,,FRANCE,FRA
Australia,Torbreck 2013 Cuvee Juveniles Red (Barossa Valley),Joe Czerwinski,22.0,Red Blend,90,Australia,Australia,,AUSTRA,AUS
Italy,Borgogno F.lli Serio e Battista 2012  Barolo,Kerin O’Keefe,35.0,Nebbiolo,87,Italy,Italy,,ITALY,ITA
France,Vranken NV Demoiselle Tête de Cuvée Brut  (Champagne),Roger Voss,40.0,Champagne Blend,85,France,France,,FRANCE,FRA
South Africa,Oldenburg 2013 Chardonnay (Stellenbosch),Lauren Buzzeo,25.0,Chardonnay,90,South Africa,Australia,,SOUTH ,SOU
US,Camaraderie 2009 Clifton Vineyard Syrah (Wahluke Slope),Paul Gregutt,28.0,Syrah,87,US,US,,US,US
US,J. Scott Cellars 2015 Albariño (Oregon),Paul Gregutt,18.0,Albariño,90,US,Chile,,US,US
France,Henry Fessy 2015  Régnié,Roger Voss,18.0,Gamay,88,France,France,,FRANCE,FRA
US,MICA Cellars 2009 Babcock Vineyard Cabernet Franc (Suisun Valley),Virginie Boone,30.0,Cabernet Franc,87,US,US,,US,US
France,Château Maison Noble Saint Martin 2015 Château Jean de Bel Air  (Bordeaux),Roger Voss,15.0,Bordeaux-style Red Blend,89,France,France,,FRANCE,FRA
Chile,De Martino 1999 Reserva de la Familia Carmenère (Maipo Valley),Michael Schachner,10.0,Carmenère,88,Chile,Chile,Chile,CHILE,CHI
US,Insania 2009 Red (Red Mountain),Paul Gregutt,35.0,Red Blend,87,US,US,,US,US
US,Prospect 772 2014 The Brat Grenache (Calaveras County),Jim Gordon,36.0,Grenache,91,US,US,,US,US
Spain,Rafael Cambra 2012 Soplo Garnacha Tintorera (Valencia),Michael Schachner,15.0,Garnacha Tintorera,90,Spain,Spain,,SPAIN,SPA
US,Vincent Vineyards 2012 Family Reserve Cabernet Sauvignon (Santa Ynez Valley),Matt Kettmann,68.0,Cabernet Sauvignon,91,US,US,,US,US
Portugal,Casa Santa Vitória 2013 Grande Reserva Tinto Red (Alentejano),Roger Voss,26.0,Portuguese Red,91,Portugal,Portugal,,PORTUG,POR
Portugal,Quinta do Vallado 2010 Reserva Branco White (Douro),Roger Voss,50.0,Portuguese White,90,Portugal,Portugal,,PORTUG,POR
Austria,Eschenhof Holzer 2015 Altweingarten Grüner Veltliner (Wagram),Anne Krebiehl MW,12.0,Grüner Veltliner,88,Austria,Austria,,AUSTRI,AUS
France,Château Corbin 2014 Divin de Corbin  (Saint-Émilion),Roger Voss,35.0,Bordeaux-style Red Blend,90,France,France,,FRANCE,FRA
US,Pull 2012 BDX Red (Paso Robles),Matt Kettmann,18.0,Bordeaux-style Red Blend,87,US,US,US,US,US
US,Piña 2013 Wolff Vineyard Cabernet Sauvignon (Yountville),Virginie Boone,85.0,Cabernet Sauvignon,87,US,New Zealand,,US,US
US,ONX 2013 Reckoning Red (Templeton Gap District),Matt Kettmann,54.0,Red Blend,93,US,Chile,,US,US
France,Domaines Schlumberger 2012 Kessler Grand Cru Pinot Gris (Alsace),Anne Krebiehl MW,30.0,Pinot Gris,92,France,France,France,FRANCE,FRA
Australia,Sidewood 2014 Sauvignon Blanc (Adelaide Hills),Joe Czerwinski,18.0,Sauvignon Blanc,87,Australia,Australia,,AUSTRA,AUS
France,Lavau 2015 La Decelle Red,Joe Czerwinski,20.0,Rhône-style Red Blend,89,France,France,,FRANCE,FRA
Mexico,Monte Xanic 2012 Viña Kristel Sauvignon Blanc (Valle de Guadalupe),Michael Schachner,15.0,Sauvignon Blanc,87,Mexico,Mexico,Mexico,MEXICO,MEX
US,Louis M. Martini 2012 Cabernet Sauvignon (Alexander Valley),Virginie Boone,34.0,Cabernet Sauvignon,87,US,US,,US,US
US,Sevtap 2015 Golden Horn Sauvignon Blanc (Santa Ynez Valley),Matt Kettmann,26.0,Sauvignon Blanc,86,US,US,US,US,US
France,Roland Champion NV Brut Rosé  (Champagne),Roger Voss,58.0,Champagne Blend,86,France,France,,FRANCE,FRA
US,Silvan Ridge 2006 Reserve Pinot Noir (Willamette Valley),Paul Gregutt,28.0,Pinot Noir,85,US,US,,US,US
US,Greenwood Ridge 2013 Estate Bottled Syrah (Mendocino Ridge),Jim Gordon,29.0,Syrah,90,US,US,,US,US
Italy,Tenuta San Giorgio 2012 Ciampoleto  (Rosso di Montalcino),Kerin O’Keefe,28.0,Sangiovese,86,Italy,US,,ITALY,ITA
US,Tumwater 2014 Prince Hill Vineyard Reserve Pinot Noir (Dundee Hills),Paul Gregutt,55.0,Pinot Noir,91,US,US,,US,US
South Africa,Hartenberg 2007 Cabernet Sauvignon (Stellenbosch),Lauren Buzzeo,35.0,Cabernet Sauvignon,89,South Africa,South Africa,,SOUTH ,SOU
US,Paradise Ridge 2012 Rockpile Vineyard Cabernet Sauvignon (Rockpile),Virginie Boone,65.0,Cabernet Sauvignon,90,US,US,,US,US
US,Bunnell 2011 ALX Syrah (Columbia Valley (WA)),Sean P. Sullivan,42.0,Syrah,90,US,US,,US,US
South Africa,Graham Beck 2007 The William Red (Coastal Region),Lauren Buzzeo,18.0,Red Blend,89,South Africa,South Africa,,SOUTH ,SOU
France,Château Riotor 2014 Rosé (Côtes de Provence),Roger Voss,17.0,Rosé,91,France,France,,FRANCE,FRA
New Zealand,Dry River 2013 Pinot Noir (Martinborough),Joe Czerwinski,120.0,Pinot Noir,91,New Zealand,New Zealand,,NEW ZE,NEW
US,Kynsi 1999 Paragon Vineyard Pinot Noir (Edna Valley),Roger Voss,25.0,Pinot Noir,88,US,US,,US,US
Italy,Valentina Cubi 2008 Morar  (Amarone della Valpolicella),Kerin O’Keefe,69.0,Red Blend,92,Italy,Spain,,ITALY,ITA
France,Bernard Magrez 2012 La Sérénité des Grands Chênes  (Médoc),Roger Voss,30.0,Bordeaux-style Red Blend,90,France,Argentina,,FRANCE,FRA
Argentina,Gaucho Andino 2011 Winemaker Selection Malbec (Mendoza),Michael Schachner,13.0,Malbec,87,Argentina,Argentina,,ARGENT,ARG
US,Armida 2013 Tina's Block Maple Vineyard Zinfandel (Dry Creek Valley),Virginie Boone,48.0,Zinfandel,92,US,US,,US,US
Italy,San Michele Eppan 2002 Sanct Valentin Gewürztraminer (Alto Adige),Roger Voss,30.0,Gewürztraminer,88,Italy,Italy,,ITALY,ITA
Italy,Cantine di Marzo NV Anni Venti Metodo Classico  (Greco di Tufo),Kerin O’Keefe,30.0,Greco,87,Italy,Italy,Italy,ITALY,ITA
US,Beringer 2014 Quantum Red (Napa Valley),Virginie Boone,65.0,Red Blend,91,US,US,,US,US
Austria,Winzer Krems 2015 Rosé Zweigelt (Niederösterreich),Anne Krebiehl MW,12.0,Zweigelt,89,Austria,Austria,,AUSTRI,AUS
US,Stevens 2016 StevensSteel Chardonnay (Yakima Valley),Sean P. Sullivan,25.0,Chardonnay,89,US,US,,US,US
US,Le Cadeau 2011 Blanc de Noir Sparkling (Oregon),Paul Gregutt,50.0,Sparkling Blend,91,US,US,US,US,US
US,Flying Cloud 2014 Cabernet Sauvignon (Paso Robles),Matt Kettmann,20.0,Cabernet Sauvignon,88,US,US,,US,US
Argentina,Benegas 2011 Benegas Lynch La Encerrada Estate Vineyard Malbec (Mendoza),Michael Schachner,55.0,Malbec,93,Argentina,France,Argentina,ARGENT,ARG
US,Kirkland Signature 2011 Mountain Cuvée Cabernet Sauvignon (Napa Valley),Virginie Boone,19.0,Cabernet Sauvignon,87,US,US,,US,US
Italy,Borgo Conventi 2002 I Fiori del Borgo Sauvignon Blanc (Collio),Roger Voss,15.0,Sauvignon Blanc,88,Italy,Italy,,ITALY,ITA
Italy,Canicattì 2009 Aynat Nero d'Avola (Sicilia),Kerin O’Keefe,35.0,Nero d'Avola,87,Italy,Italy,,ITALY,ITA
Chile,Viña Tarapacá 2015 Gran Reserva Chardonnay (Leyda Valley),Michael Schachner,19.0,Chardonnay,80,Chile,Chile,,CHILE,CHI
US,Cuda Ridge Wines 2013 Melange d'Amis Reserve Red (Livermore Valley),Jim Gordon,55.0,Bordeaux-style Red Blend,87,US,US,,US,US
US,Mont Sec 2015 Mont Sec Vineyards Viognier (Texas),Alexander Peartree,14.0,Viognier,85,US,US,,US,US
France,Château Pavillon de Boyrein 2006  Graves,Roger Voss,11.0,Bordeaux-style Red Blend,85,France,France,,FRANCE,FRA
US,Turiya 2011 Shapeshifter Red (Central Coast),Matt Kettmann,100.0,Red Blend,93,US,US,,US,US
France,Georges Duboeuf 2013 Flower Label  (Beaujolais),Roger Voss,12.0,Gamay,86,France,France,France,FRANCE,FRA
Romania,Cramele Recas 2009 Chardonnay (Recas),Anna Lee C. Iijima,7.0,Chardonnay,87,Romania,Romania,,ROMANI,ROM
US,Efeste 2014 Lola Evergreen Vineyard Chardonnay (Ancient Lakes),Sean P. Sullivan,35.0,Chardonnay,90,US,US,,US,US
US,Pull 2013 Chardonnay (Paso Robles),Matt Kettmann,18.0,Chardonnay,87,US,US,,US,US
Argentina,Proemio 2009 Gran Reserve Winemaker's Selection Red (Mendoza),Michael Schachner,30.0,Red Blend,87,Argentina,Argentina,Argentina,ARGENT,ARG
Italy,Deltetto 2012 Bussia  (Barolo),Kerin O’Keefe,50.0,Nebbiolo,87,Italy,Italy,Italy,ITALY,ITA
US,Frank Family 2013 Reserve Winston Hill Vineyard Sangiovese (Rutherford),Virginie Boone,65.0,Sangiovese,87,US,US,,US,US
US,Prospect 772 2014 Stepping Stones Grenache Blanc (Santa Barbara County),Jim Gordon,27.0,Grenache Blanc,89,US,US,,US,US
South Africa,Jardin 2009 Nine Yards Chardonnay (Stellenbosch),Lauren Buzzeo,40.0,Chardonnay,89,South Africa,South Africa,,SOUTH ,SOU
US,Donkey & Goat 2013 Perli Vineyards Syrah (Mendocino Ridge),Jim Gordon,42.0,Syrah,90,US,US,,US,US
New Zealand,Carrick 2013 Unravelled Pinot Noir (Central Otago),Joe Czerwinski,30.0,Pinot Noir,91,New Zealand,New Zealand,,NEW ZE,NEW
US,MCV 2014 1105 Red (Paso Robles),Matt Kettmann,48.0,Red Blend,90,US,US,US,US,US
US,Heron Hill 2015 Ingle Vineyard Riesling (Finger Lakes),Anna Lee C. Iijima,20.0,Riesling,88,US,Spain,US,US,US
US,Flying Goat Cellars 2012 Rancho Santa Rosa Vineyard Pinot Noir (Sta. Rita Hills),Matt Kettmann,48.0,Pinot Noir,93,US,US,,US,US
Spain,Luberri 2011 Seis  (Rioja),Michael Schachner,18.0,Tempranillo,89,Spain,Spain,,SPAIN,SPA
US,Ferrari-Carano 2014 Siena Red (Sonoma County),Virginie Boone,23.0,Red Blend,88,US,US,,US,US
France,Jean-Marc Bernhard 2013 Wineck-Schlossberg Grand Cru Riesling (Alsace),Anne Krebiehl MW,34.0,Riesling,92,France,France,France,FRANCE,FRA
Argentina,O. Fournier 2007 B Crux Red (Uco Valley),Michael Schachner,19.0,Red Blend,89,Argentina,Argentina,,ARGENT,ARG
France,Château de Callac 2011  Graves,Roger Voss,20.0,Bordeaux-style Red Blend,89,France,South Africa,,FRANCE,FRA
France,Philippe Colin 2014 Les Chenevottes Premier Cru  (Chassagne-Montrachet),Roger Voss,110.0,Chardonnay,95,France,France,,FRANCE,FRA
France,Pardon et Fils 2015 Les Quartelets  (Brouilly),Roger Voss,23.0,Gamay,87,France,France,,FRANCE,FRA
France,Domaine Barmès-Buecher 2014 Rosenberg Sylvaner (Alsace),Anne Krebiehl MW,24.0,Sylvaner,90,France,France,,FRANCE,FRA
US,Chronic Cellars 2013 Mr. Nibbles Red (Paso Robles),Matt Kettmann,35.0,Red Blend,91,US,US,,US,US
Germany,Fritz Haag 2014 Brauneberger Feinherb Riesling (Mosel),Anna Lee C. Iijima,30.0,Riesling,91,Germany,Germany,,GERMAN,GER
US,Still Waters 2010 Malbec (Paso Robles),Matt Kettmann,28.0,Malbec,86,US,US,,US,US
Spain,Vinos de Arganza 2013 Marqués de Montejos Selección Mencía (Vino de la Tierra de Castilla y León),Michael Schachner,42.0,Mencía,89,Spain,Spain,,SPAIN,SPA
Italy,Bel Colle 2012 Simposio  (Barolo),Kerin O’Keefe,60.0,Nebbiolo,95,Italy,Italy,Italy,ITALY,ITA
Portugal,Quinta dos Avidagos 2011 Avidagos Red (Douro),Roger Voss,15.0,Portuguese Red,87,Portugal,Portugal,,PORTUG,POR
France,Yvon Mau 2007 Premius Bordeaux Sauvignon  (Bordeaux Blanc),Roger Voss,10.0,Sauvignon Blanc,85,France,France,,FRANCE,FRA
US,Fenestra 2010 Silvaspoons Vineyard Verdelho (Lodi),Virginie Boone,15.0,Verdelho,87,US,US,,US,US
US,Carabella 2013 Estate Pinot Noir (Chehalem Mountains),Paul Gregutt,40.0,Pinot Noir,90,US,US,,US,US
France,Château de Campuget 2016 Tradition Rosé (Costières de Nîmes),Joe Czerwinski,11.0,Rosé,89,France,France,,FRANCE,FRA
US,Macari 2010 Cuvée Gabriella Brut Rosé Sparkling (North Fork of Long Island),Anna Lee C. Iijima,35.0,Sparkling Blend,89,US,US,,US,US
US,Beacon Hill 2013 Chehalem Mountain Vineyard Pinot Noir (Chehalem Mountains),Paul Gregutt,85.0,Pinot Noir,90,US,US,US,US,US
France,Château Vincens 2012 Malbec (Cahors),Roger Voss,35.0,Malbec,91,France,France,,FRANCE,FRA
Hungary,Oremus 2005 Eszencia  (Tokaji),Jeff Jenssen,320.0,Furmint,96,Hungary,Hungary,,HUNGAR,HUN
US,Cobb 2012 Emmaline Ann Vineyard Pinot Noir (Sonoma Coast),Virginie Boone,75.0,Pinot Noir,90,US,US,,US,US
US,Raptor Ridge 2012 Estate Grüner Veltliner (Chehalem Mountains),Paul Gregutt,20.0,Grüner Veltliner,87,US,Spain,,US,US
Austria,Kohl 2015 Kittl Grüner Veltliner (Weinviertel),Anne Krebiehl MW,23.0,Grüner Veltliner,89,Austria,Austria,,AUSTRI,AUS
Portugal,Herdade Grande 2010 Gerações Colheita Seleccionada Red (Alentejano),Roger Voss,34.0,Portuguese Red,92,Portugal,Portugal,,PORTUG,POR
Argentina,El Enemigo 2012 Bonarda (Mendoza),Michael Schachner,30.0,Bonarda,91,Argentina,Austria,Argentina,ARGENT,ARG
US,J. Lohr 2014 Gesture G-S-M (Paso Robles),Matt Kettmann,30.0,G-S-M,90,US,US,,US,US
Spain,Marqués de Murrieta 2010 Capellanía Viura (Rioja),Michael Schachner,28.0,Viura,92,Spain,Spain,Spain,SPAIN,SPA
France,Bruno Paillard 2002 Assemblage Brut  (Champagne),Roger Voss,101.0,Champagne Blend,92,France,France,,FRANCE,FRA
US,Brennan 2014 Super Nero Nero d'Avola (Texas),Alexander Peartree,30.0,Nero d'Avola,87,US,US,,US,US
US,Lamoreaux Landing 2013 Yellow Dog Vineyard Riesling (Finger Lakes),Anna Lee C. Iijima,20.0,Riesling,86,US,US,,US,US
US,McGregor 2007 Dry Gewürztraminer (Finger Lakes),Susan Kostrzewa,20.0,Gewürztraminer,85,US,US,US,US,US
France,JCB 2014 No. 5 Rosé (Côtes de Provence),Roger Voss,25.0,Rosé,91,France,France,,FRANCE,FRA
US,Chehalem 2012 Stoller Vineyards Pinot Blanc (Dundee Hills),Paul Gregutt,29.0,Pinot Blanc,92,US,US,,US,US
Germany,Wittmann 2011 Westhofen Morstein GG Trocken Riesling (Rheinhessen),Anna Lee C. Iijima,115.0,Riesling,92,Germany,France,,GERMAN,GER
US,Basel Cellars 2013 Inspired Red (Columbia Valley (WA)),Sean P. Sullivan,46.0,Bordeaux-style Red Blend,86,US,US,,US,US
Chile,San Pedro 2002 Castillo de Molina Reserva Chardonnay (Lontué Valley),Michael Schachner,11.0,Chardonnay,87,Chile,Italy,,CHILE,CHI
Spain,Acústic 2010 Braó Vinyes Velles Carignan-Grenache (Montsant),Michael Schachner,40.0,Carignan-Grenache,92,Spain,Spain,,SPAIN,SPA
Australia,Yalumba 2006 Patchwork Shiraz (Barossa),Joe Czerwinski,18.0,Shiraz,88,Australia,Australia,,AUSTRA,AUS
Spain,Juvé y Camps NV Cinta Púrpura Brut Reserva Sparkling (Cava),Michael Schachner,13.0,Sparkling Blend,86,Spain,Spain,Spain,SPAIN,SPA
US,Yardstick 2013 Ruth's Reach Cabernet Sauvignon (Napa Valley),Virginie Boone,25.0,Cabernet Sauvignon,91,US,US,,US,US
Spain,Spyro 2014 Albariño (Rías Baixas),Michael Schachner,16.0,Albariño,86,Spain,Spain,,SPAIN,SPA
Portugal,Real Companhia Velha 2014 Evel Tinto Red (Douro),Roger Voss,13.0,Portuguese Red,87,Portugal,Austria,,PORTUG,POR
US,Carica 2015 Ritchie Vineyard Sauvignon Blanc (Russian River Valley),Virginie Boone,24.0,Sauvignon Blanc,87,US,US,,US,US
France,Lassègue 2003  Saint-Émilion,Joe Czerwinski,50.0,Bordeaux-style Red Blend,91,France,France,,FRANCE,FRA
Austria,Landhaus Mayer 2016 Riesling (Niederösterreich),Anne Krebiehl MW,16.0,Riesling,89,Austria,Austria,,AUSTRI,AUS
US,Leonesse Cellars 2007 Signature Selection Syrah (Temecula Valley),Virginie Boone,70.0,Syrah,90,US,US,,US,US
France,Domaine Michel Goubard 2014 Mont-Avril  (Côte Chalonnaise),Roger Voss,22.0,Pinot Noir,85,France,France,France,FRANCE,FRA
US,Four Lanterns 2013 Fire Light Syrah (Paso Robles),Matt Kettmann,62.0,Syrah,93,US,US,,US,US
France,Vignobles 46N118 2007 Noir 46 Malbec (Cahors),Roger Voss,13.0,Malbec,89,France,France,,FRANCE,FRA
Italy,Bellavista 2006 Gran Cuvée Pas Operé Sparkling (Franciacorta),Kerin O’Keefe,50.0,Sparkling Blend,92,Italy,Italy,Italy,ITALY,ITA
US,St. Supéry 2013 Rutherford Estate Vineyard Cabernet Sauvignon (Rutherford),Virginie Boone,125.0,Cabernet Sauvignon,90,US,US,,US,US
Portugal,Cortes de Cima 2015 Rosé (Alentejano),Roger Voss,22.0,Rosé,85,Portugal,Portugal,,PORTUG,POR
US,Vine Cliff 2014 Chardonnay (Los Carneros),Virginie Boone,40.0,Chardonnay,87,US,US,,US,US
France,Domaine St Pierre 2014 Red (Côtes du Rhône),Joe Czerwinski,16.0,Rhône-style Red Blend,90,France,France,,FRANCE,FRA
US,Dutton-Goldfield 2014 Dutton Ranch Pinot Noir (Russian River Valley),Virginie Boone,44.0,Pinot Noir,91,US,US,,US,US
US,Chessman 2014 Cabernet Sauvignon (Santa Ynez Valley),Matt Kettmann,20.0,Cabernet Sauvignon,90,US,US,US,US,US
US,West of Temperance 2012 Rio Vista Vineyard Pinot Noir (Sta. Rita Hills),Matt Kettmann,45.0,Pinot Noir,90,US,US,,US,US
Argentina,Kaiken 2008 Corte Malbec-Bonarda-Petit Verdot Red (Mendoza),Michael Schachner,14.0,Red Blend,89,Argentina,Argentina,,ARGENT,ARG
US,Nadia 2012 Quattro Santa Barbara Highlands Vineyard Red (Santa Barbara County),Matt Kettmann,35.0,Red Blend,91,US,US,,US,US
Italy,Sturm 2014 Sauvignon (Collio),Kerin O’Keefe,24.0,Sauvignon,92,Italy,Italy,,ITALY,ITA
France,Château de Pressac 2014 Les Terrasses de Pressac  (Saint-Émilion),Roger Voss,37.0,Bordeaux-style Red Blend,89,France,France,France,FRANCE,FRA
US,Covington 2006 Rough House Red Red (Walla Walla Valley (WA)),Paul Gregutt,30.0,Red Blend,85,US,US,,US,US
US,Chateau Lafayette Reneau 2016 Pinot Noir Rosé (Finger Lakes),Anna Lee C. Iijima,17.0,Rosé,89,US,US,,US,US
South Africa,Cape View 2011 Chenin Blanc (Stellenbosch),Lauren Buzzeo,12.0,Chenin Blanc,87,South Africa,South Africa,,SOUTH ,SOU
US,Rex Hill 2014 Sims Vineyard Pinot Noir (Willamette Valley),Paul Gregutt,55.0,Pinot Noir,91,US,US,,US,US
Argentina,Domaine Bousquet 2015 Reserve Pinot Gris (Tupungato),Michael Schachner,15.0,Pinot Gris,87,Argentina,France,,ARGENT,ARG
Israel,Yatir 2011 Syrah (Judean Hills),Mike DeSimone,50.0,Syrah,90,Israel,Israel,Israel,ISRAEL,ISR
US,Va Piano 2012 Cabernet Sauvignon (Walla Walla Valley (WA)),Sean P. Sullivan,45.0,Cabernet Sauvignon,90,US,US,,US,US
Italy,Terlan 2014 Nova Domus Riserva White (Alto Adige),Kerin O’Keefe,62.0,White Blend,90,Italy,Italy,,ITALY,ITA
Germany,Reichsgraf von Kesselstatt 2014 Brauneberger Juffer-Sonnenuhr Spätlese Grosse Lage Riesling (Mosel),Anna Lee C. Iijima,34.0,Riesling,92,Germany,Germany,Germany,GERMAN,GER
US,Sparkman 2009 Stella Mae Red (Red Mountain),Paul Gregutt,45.0,Bordeaux-style Red Blend,87,US,US,,US,US
US,Acrobat 2013 Pinot Noir (Oregon),Paul Gregutt,20.0,Pinot Noir,87,US,US,,US,US
US,Amity 2006 Estate Single Vineyard Pinot Noir (Willamette Valley),Paul Gregutt,45.0,Pinot Noir,85,US,US,,US,US
Chile,La Playa 2012 Block Selection Reserve Block N. 10 Merlot (Colchagua Valley),Michael Schachner,12.0,Merlot,86,Chile,Chile,Chile,CHILE,CHI
US,Domaine Serene 2010 Evenstad Reserve Pinot Noir (Willamette Valley),Paul Gregutt,65.0,Pinot Noir,92,US,US,,US,US
Argentina,Antonio Mas 2011 Roll Fermentor Malbec (Tupungato),Michael Schachner,175.0,Malbec,87,Argentina,Argentina,,ARGENT,ARG
US,Mirassou 2012 Chardonnay (Central Coast),Matt Kettmann,12.0,Chardonnay,87,US,US,,US,US
France,Chanoine NV Tzarina No 1 Brut  (Champagne),Roger Voss,100.0,Champagne Blend,92,France,France,,FRANCE,FRA
US,Ruby 2015 Steve's Reserve Pinot Noir (Chehalem Mountains),Paul Gregutt,65.0,Pinot Noir,91,US,US,,US,US
Italy,Stemmari 2013 Nero d'Avola (Terre Siciliane),Kerin O’Keefe,10.0,Nero d'Avola,87,Italy,Italy,,ITALY,ITA
US,Casa Larga 2008 Fiori Delle Stelle Ice Wine Cabernet Franc (Finger Lakes),Anna Lee C. Iijima,75.0,Cabernet Franc,87,US,US,,US,US
France,Domaine du Tariquet 2007 Ugni Blanc-Colombard (Vin de Pays des Côtes de Gascogne),Roger Voss,9.0,Ugni Blanc-Colombard,85,France,France,,FRANCE,FRA
US,Mellisoni 2014 Malbec (Columbia Valley (WA)),Sean P. Sullivan,55.0,Malbec,86,US,US,,US,US
Italy,Boffa 2013 Pajè  (Barbaresco),Kerin O’Keefe,50.0,Nebbiolo,87,Italy,Italy,,ITALY,ITA
Italy,Montresor 2001  Bianco di Custoza,Joe Czerwinski,11.0,Garganega,88,Italy,Italy,,ITALY,ITA
France,André Brunel 2014 Domaine de la Becassonne White (Côtes du Rhône),Joe Czerwinski,19.0,Rhône-style White Blend,88,France,France,,FRANCE,FRA
France,Domaine du Haut-Poncié 2013 Roche Grès  (Moulin-à-Vent),Roger Voss,23.0,Gamay,86,France,US,France,FRANCE,FRA
US,Rascal 2014 Pinot Noir (Oregon),Paul Gregutt,13.0,Pinot Noir,85,US,US,,US,US
US,Guardian 2013 Confidential Source Merlot (Columbia Valley (WA)),Sean P. Sullivan,30.0,Merlot,89,US,US,,US,US
US,Patton Valley 2010 Lorna Marie Pinot Noir (Willamette Valley),Paul Gregutt,70.0,Pinot Noir,92,US,US,,US,US
US,Mounts 2014 Verah Red (Dry Creek Valley),Virginie Boone,36.0,Rhône-style Red Blend,90,US,US,,US,US
Germany,Fritz Haag 2014 Riesling (Mosel),Anna Lee C. Iijima,22.0,Riesling,91,Germany,Germany,Germany,GERMAN,GER
Argentina,Domaine Bousquet 2015 Cabernet Sauvignon (Tupungato),Michael Schachner,14.0,Cabernet Sauvignon,85,Argentina,Argentina,,ARGENT,ARG
US,Big Basin 2014 Coastview Vineyard Chardonnay (Monterey County),Matt Kettmann,48.0,Chardonnay,91,US,US,,US,US
US,Trione 2012 Henry's Blend Red (Alexander Valley),Virginie Boone,54.0,Bordeaux-style Red Blend,89,US,US,,US,US
Germany,Carl Graff 2014 Graacher Himmelreich Spätlese Riesling (Mosel),Anna Lee C. Iijima,14.0,Riesling,91,Germany,Germany,,GERMAN,GER
US,Quady North 2011 Bomba Grenache (Rogue Valley),Sean P. Sullivan,25.0,Grenache,87,US,US,,US,US
US,Cherry Hill 2006 Papillon Estate Pinot Noir (Willamette Valley),Paul Gregutt,22.0,Pinot Noir,85,US,US,,US,US
France,Jeaunaux-Robin NV Brut Zéro Sélection  (Champagne),Roger Voss,42.0,Champagne Blend,91,France,France,,FRANCE,FRA
US,Vintage Cowboy 2016 Chardonnay (Paso Robles),Matt Kettmann,17.0,Chardonnay,89,US,Spain,,US,US
US,Z'IVO 2015 Rosé of Pinot Noir (Eola-Amity Hills),Paul Gregutt,25.0,Pinot Noir,86,US,Italy,,US,US
France,Château d'Esclans 2013 Les Clans Rosé (Côtes de Provence),Roger Voss,65.0,Rosé,91,France,France,,FRANCE,FRA
Australia,Chambers Rosewood Vineyards NV Rare Muscat (Rutherglen),Joe Czerwinski,350.0,Muscat,100,Australia,Australia,,AUSTRA,AUS
US,Milbrandt 2013 The Estates Clifton Hill Vineyard Syrah (Wahluke Slope),Sean P. Sullivan,42.0,Syrah,89,US,US,,US,US
US,Quiévremont 2012 Meritage (Virginia),Alexander Peartree,32.0,Meritage,87,US,US,,US,US
Italy,Pecchenino 2013 Siri d'Jermu  (Dogliani Superiore),Kerin O’Keefe,35.0,Dolcetto,90,Italy,Italy,,ITALY,ITA
South Africa,Ken Forrester 2011 Petit Chenin Blanc (Western Cape),Lauren Buzzeo,12.0,Chenin Blanc,87,South Africa,South Africa,,SOUTH ,SOU
Italy,Tommasi 2001 Vigneto Santa Cecilia Chardonnay (Valdadige),Joe Czerwinski,9.0,Chardonnay,88,Italy,Italy,,ITALY,ITA
US,Array 2012 Dijon Clone Chardonnay (Yakima Valley),Sean P. Sullivan,32.0,Chardonnay,90,US,US,,US,US
France,Cave de Beblenheim 2009 Baron de Hoen Riesling (Alsace),Roger Voss,12.0,Riesling,87,France,France,,FRANCE,FRA
Portugal,Santos & Seixo 2014 Santos da Casa Tinto Red (Alentejano),Roger Voss,15.0,Portuguese Red,87,Portugal,Portugal,,PORTUG,POR
US,Erath 2009 Bishop Creek Pinot Noir,Paul Gregutt,50.0,Pinot Noir,89,US,US,,US,US
Italy,Castello di Gabbiano 2012 Bellezza Gran Selezione  (Chianti Classico),Kerin O’Keefe,38.0,Sangiovese,91,Italy,Italy,,ITALY,ITA
France,Château Bel-Air Ortet 2009  Saint-Estèphe,Roger Voss,35.0,Bordeaux-style Red Blend,90,France,France,France,FRANCE,FRA
France,Kiwi Cuvée 2014 Bin 068 Chardonnay (Vin de France),Lauren Buzzeo,10.0,Chardonnay,85,France,France,,FRANCE,FRA
US,R2 2013 Camp 4 Vineyard Grenache Blanc (Santa Ynez Valley),Matt Kettmann,25.0,Grenache Blanc,87,US,Germany,,US,US
US,Willamette Valley Vineyards 2009 Estate Pinot Noir (Willamette Valley),Paul Gregutt,40.0,Pinot Noir,89,US,US,,US,US
France,Philippe Fontaine NV Brut Prestige  (Champagne),Roger Voss,69.0,Champagne Blend,92,France,France,,FRANCE,FRA
Chile,G7 2012 Reserva Estate Bottled Cabernet Sauvignon (Loncomilla Valley),Michael Schachner,10.0,Cabernet Sauvignon,86,Chile,Chile,Chile,CHILE,CHI
Italy,Marchesi di Barolo 2009 Riserva  (Barolo),Kerin O’Keefe,102.0,Nebbiolo,85,Italy,Italy,,ITALY,ITA
US,Dutton Estate 2013 Cohen Vineyard Dutton Ranch Sauvignon Blanc (Russian River Valley),Virginie Boone,23.0,Sauvignon Blanc,91,US,Argentina,US,US,US
US,Casa Dumetz 2014 Larner Grenache (Ballard Canyon),Matt Kettmann,42.0,Grenache,90,US,US,US,US,US
France,Château Cap Saint-Martin 2014  Blaye Côtes de Bordeaux,Roger Voss,18.0,Bordeaux-style Red Blend,87,France,France,France,FRANCE,FRA
France,Château Ségonzac 2014 Vieilles Vignes  (Blaye Côtes de Bordeaux),Roger Voss,14.0,Bordeaux-style Red Blend,87,France,France,,FRANCE,FRA
Italy,Terre di Giurfo 2013 Belsito Frappato (Vittoria),Kerin O’Keefe,16.0,Frappato,87,Italy,Italy,,ITALY,ITA
New Zealand,Kono 2008 Sauvignon Blanc (Marlborough),Joe Czerwinski,9.0,Sauvignon Blanc,85,New Zealand,Germany,,NEW ZE,NEW
France,Vignerons des Terres Secrètes 2015  Mâcon-Milly Lamartine,Roger Voss,15.0,Chardonnay,86,France,France,,FRANCE,FRA
France,Sipp Mack 2014 Rosacker Grand Cru Riesling (Alsace),Anne Krebiehl MW,43.0,Riesling,92,France,France,France,FRANCE,FRA
US,Chehalem 2015 Stoller Vineyards Pinot Blanc (Dundee Hills),Paul Gregutt,29.0,Pinot Blanc,87,US,US,US,US,US
Argentina,Finca Las Moras 2007 Reserve Chardonnay (San Juan),Michael Schachner,12.0,Chardonnay,85,Argentina,Argentina,,ARGENT,ARG
Spain,Pradorey 2010 Vendimia Seleccionada Finca Valdelayegua Single Vineyard Crianza  (Ribera del Duero),Michael Schachner,28.0,Tempranillo Blend,87,Spain,Spain,,SPAIN,SPA
France,Collet NV Brut Rosé  (Champagne),Roger Voss,55.0,Champagne Blend,86,France,France,,FRANCE,FRA
US,Archgate Cellars 2014 Reserve Bottling Cabernet Sauvignon (Lodi),Jim Gordon,15.0,Cabernet Sauvignon,87,US,Germany,,US,US
Argentina,Graffigna 2012 Grand Reserve Malbec (San Juan),Michael Schachner,20.0,Malbec,87,Argentina,Argentina,,ARGENT,ARG
US,Sweet Cheeks 2012 Vintner's Reserve Wild Child Block Pinot Noir (Willamette Valley),Paul Gregutt,65.0,Pinot Noir,87,US,US,,US,US
Portugal,Quinta de Paços 2015 Casa de Paços Rosé (Vinho Verde),Roger Voss,9.0,Rosé,85,Portugal,Portugal,,PORTUG,POR
US,Stags' Leap Winery 2012 Petite Sirah (Napa Valley),Virginie Boone,45.0,Petite Sirah,90,US,US,,US,US
France,Henri de Villamont 2010 Les Chatelots Premier Cru  (Chambolle-Musigny),Roger Voss,73.0,Pinot Noir,92,France,France,,FRANCE,FRA
US,Keuka Spring 2013 Pre-Emption Vineyard Gewürztraminer (Finger Lakes),Anna Lee C. Iijima,22.0,Gewürztraminer,86,US,France,,US,US
Australia,Yeringberg 2013 Viognier (Yarra Valley),Joe Czerwinski,60.0,Viognier,92,Australia,Australia,,AUSTRA,AUS
Italy,Diego Conterno 2012 Ginestra  (Barolo),Kerin O’Keefe,50.0,Nebbiolo,87,Italy,Germany,,ITALY,ITA
US,Pomum 2014 Upland Vineyard Riesling (Snipes Mountain),Sean P. Sullivan,16.0,Riesling,89,US,US,,US,US
Italy,Tenuta Forconi 2013 Toscano Red (Toscana),Kerin O’Keefe,80.0,Red Blend,87,Italy,Italy,Italy,ITALY,ITA
Italy,Revello Fratelli 2012 Rocche dell'Annunziata  (Barolo),Kerin O’Keefe,89.0,Nebbiolo,89,Italy,Italy,,ITALY,ITA
US,The Grapes of Roth 2014 Dry Riesling (Long Island),Anna Lee C. Iijima,26.0,Riesling,90,US,Italy,,US,US
Australia,Chambers Rosewood Vineyards NV Grand Muscat (Rutherglen),Joe Czerwinski,100.0,Muscat,97,Australia,Australia,,AUSTRA,AUS
Italy,Terre di Giurfo 2011 Mascaria Barricato  (Cerasuolo di Vittoria),Kerin O’Keefe,17.0,Red Blend,87,Italy,Italy,,ITALY,ITA
France,Château Haut-Logat 2014  Haut-Médoc,Roger Voss,45.0,Bordeaux-style Red Blend,90,France,France,,FRANCE,FRA
Chile,Cono Sur 2008 Visión Pinot Noir (Colchagua Valley),Michael Schachner,15.0,Pinot Noir,85,Chile,US,Chile,CHILE,CHI
Portugal,Solar de Pinheiro 2012 Paço de São Lourenço White (Vinho Verde),Roger Voss,12.0,Portuguese White,87,Portugal,Portugal,,PORTUG,POR
US,Eco Terreno 2013 Old Vine Cabernet Sauvignon (Alexander Valley),Virginie Boone,40.0,Cabernet Sauvignon,86,US,France,US,US,US
US,Le Cadeau 2015 Équinoxe Pinot Noir (Willamette Valley),Paul Gregutt,50.0,Pinot Noir,91,US,US,,US,US
US,Rochioli 2014 South River Chardonnay (Russian River Valley),Virginie Boone,68.0,Chardonnay,96,US,US,US,US,US
Chile,Tres Palacios 2011 Reserve Pinot Noir (Maipo Valley),Michael Schachner,13.0,Pinot Noir,85,Chile,Chile,,CHILE,CHI
Portugal,Quinta de Foz de Arouce 2013 Red (Beira Atlantico),Roger Voss,20.0,Portuguese Red,90,Portugal,Portugal,,PORTUG,POR
Australia,Torbreck 2012 Descendant Shiraz-Viognier (Barossa Valley),Joe Czerwinski,125.0,Shiraz-Viognier,95,Australia,Australia,Australia,AUSTRA,AUS
Italy,Travaglini 2014 Nebbiolo (Coste della Sesia),Kerin O’Keefe,23.0,Nebbiolo,87,Italy,Italy,,ITALY,ITA
US,Midsummer Cellars 2013 Cañon Creek Vineyard Cabernet Sauvignon (Napa Valley),Virginie Boone,75.0,Cabernet Sauvignon,93,US,US,,US,US
US,St. Amant 2013 Lodi Native Marian's Vineyard Zinfandel (Mokelumne River),Jim Gordon,30.0,Zinfandel,92,US,US,,US,US
US,Claiborne & Churchill 2014 Twin Creeks Estate Pinot Noir (Edna Valley),Matt Kettmann,42.0,Pinot Noir,93,US,US,,US,US
Australia,Kangarilla Road 2012 Alluvial Fans Shiraz (McLaren Vale),Joe Czerwinski,35.0,Shiraz,92,Australia,South Africa,,AUSTRA,AUS
US,Yorkville Cellars 2013 Rennie Vineyard Organic Grapes Petit Verdot (Yorkville Highlands),Jim Gordon,32.0,Petit Verdot,87,US,US,,US,US
US,Esterlina 2009 Reserva Pinot Noir (Cole Ranch),Virginie Boone,55.0,Pinot Noir,89,US,US,,US,US
France,Domaine Bott-Geyl 2012 Galets Oligocène Pinot Noir (Alsace),Anne Krebiehl MW,33.0,Pinot Noir,90,France,France,,FRANCE,FRA
Chile,G7 2012 The 7th Generation Gran Reserva Estate Bottled Cabernet Sauvignon (Loncomilla Valley),Michael Schachner,20.0,Cabernet Sauvignon,91,Chile,Chile,,CHILE,CHI
France,Clos Troteligotte 2013 K-libre Chenin Blanc (Côtes du Lot),Roger Voss,30.0,Chenin Blanc,86,France,US,,FRANCE,FRA
Argentina,Viña Cobos 2011 Marchiori Vineyard Block C2 Malbec (Perdriel),Michael Schachner,215.0,Malbec,92,Argentina,Argentina,,ARGENT,ARG
France,Domaine Jacques Prieur 2014 Grèves Premier Cru  (Beaune),Roger Voss,117.0,Chardonnay,90,France,France,,FRANCE,FRA
France,Château les Petits Arnauds 2014 Tradition  (Blaye Côtes de Bordeaux),Roger Voss,14.0,Bordeaux-style Red Blend,87,France,France,,FRANCE,FRA
Italy,Comm. G. B. Burlotto 2011 Acclivi  (Barolo),Kerin O’Keefe,53.0,Nebbiolo,90,Italy,Italy,,ITALY,ITA
France,Château Vignelaure 2014 Rosé (Coteaux d'Aix-en-Provence),Roger Voss,20.0,Rosé,91,France,France,,FRANCE,FRA
New Zealand,Akarua 2012 Bannockburn Pinot Noir (Central Otago),Joe Czerwinski,50.0,Pinot Noir,91,New Zealand,New Zealand,New Zealand,NEW ZE,NEW
US,Amalie Robert 2012 i Pinot Noir (Willamette Valley),Paul Gregutt,38.0,Pinot Noir,87,US,US,,US,US
Italy,Dosio 2012  Nebbiolo d'Alba,Kerin O’Keefe,30.0,Nebbiolo,86,Italy,Italy,,ITALY,ITA
US,Fess Parker 2013 Syrah (Santa Barbara County),Matt Kettmann,28.0,Syrah,90,US,US,,US,US
Italy,Fattoria Sardi 2015 Rosato (Toscana),Kerin O’Keefe,19.0,Rosato,88,Italy,Italy,,ITALY,ITA
Spain,Agustí Torelló Mata 2015 XIC Xarel-lo (Penedès),Michael Schachner,16.0,Xarel-lo,87,Spain,Spain,,SPAIN,SPA
US,Seven Hills 2013 McClellan Estate Vineyard Malbec (Walla Walla Valley (WA)),Sean P. Sullivan,30.0,Malbec,90,US,US,US,US,US
Australia,D'Arenberg 2006 The Derelict Vineyard Grenache (McLaren Vale),Joe Czerwinski,29.0,Grenache,85,Australia,Australia,,AUSTRA,AUS
US,WillaKenzie Estate 2013 Aliette Pinot Noir,Paul Gregutt,48.0,Pinot Noir,92,US,US,,US,US
France,Domaine de la Bastide Blanche 2014 TwoB Rosé (Côtes de Provence),Roger Voss,20.0,Rosé,91,France,France,France,FRANCE,FRA
Argentina,Mendel 2014 Lunta Malbec (Luján de Cuyo),Michael Schachner,22.0,Malbec,90,Argentina,Argentina,,ARGENT,ARG
France,Vollereaux 2007 Cuvée Marguerite Brut  (Champagne),Roger Voss,60.0,Champagne Blend,92,France,France,,FRANCE,FRA
US,J. Christopher 2011 Bella Vida Vineyard Unfiltered Pinot Noir (Dundee Hills),Paul Gregutt,52.0,Pinot Noir,92,US,US,,US,US
Portugal,Messias 2015 Santola White (Vinho Verde),Roger Voss,8.0,Portuguese White,85,Portugal,US,,PORTUG,POR
US,Le Vigne 2014 Di Domenico Cabernet Sauvignon (Paso Robles),Matt Kettmann,38.0,Cabernet Sauvignon,91,US,US,US,US,US
France,Château Vignelaure 2015 Rosé (Coteaux d'Aix-en-Provence),Roger Voss,20.0,Rosé,93,France,France,,FRANCE,FRA
Germany,Bex 2014 Riesling (Nahe),Anna Lee C. Iijima,10.0,Riesling,87,Germany,Germany,,GERMAN,GER
US,Jack's House 2013 Cabernet Sauvignon (California),Jim Gordon,16.0,Cabernet Sauvignon,85,US,US,,US,US
Spain,Matarromera 2015 Fermentado en Barrica Verdejo (Rueda),Michael Schachner,40.0,Verdejo,90,Spain,Spain,,SPAIN,SPA
France,Domaine du Grand Cros 2014 L'Esprit de Provence Rosé (Côtes de Provence),Roger Voss,20.0,Rosé,91,France,France,,FRANCE,FRA
Argentina,Mendel 2015 Semillon (Mendoza),Michael Schachner,25.0,Sémillon,85,Argentina,Argentina,,ARGENT,ARG
Spain,Marques de Griñon 2010 Single Vineyard Estate Bottled Graciano (Dominio de Valdepusa),Michael Schachner,50.0,Graciano,91,Spain,Spain,,SPAIN,SPA
Australia,Torbreck 2012 RunRig Shiraz-Viognier (Barossa),Joe Czerwinski,225.0,Shiraz-Viognier,97,Australia,Australia,,AUSTRA,AUS
US,Friedeman 2013 Dichotomy Pinot Noir (Russian River Valley),Virginie Boone,32.0,Pinot Noir,91,US,US,US,US,US
US,Iron Hub 2014 Small Lot Chardonnay (Sierra Foothills),Jim Gordon,27.0,Chardonnay,90,US,US,US,US,US
US,Vincent Vineyards 2010 Family Reserve Cabernet Sauvignon (Santa Ynez Valley),Matt Kettmann,68.0,Cabernet Sauvignon,91,US,US,,US,US
Austria,Winzer Krems 2016 GV Grüner Veltliner (Niederösterreich),Anne Krebiehl MW,13.0,Grüner Veltliner,89,Austria,Austria,,AUSTRI,AUS
US,Trinity River 2015 Chardonnay,Jim Gordon,18.0,Chardonnay,89,US,US,US,US,US
Chile,Conde de Velázquez 2012 Condesa Real Premium Blend Red (Aconcagua Valley),Michael Schachner,29.0,Red Blend,91,Chile,Chile,,CHILE,CHI
US,Hindsight 2012 Estate Grown Petite Sirah (Calistoga),Virginie Boone,55.0,Petite Sirah,86,US,US,US,US,US
France,Famille Perrin 2013 Les Christins Red (Vacqueyras),Joe Czerwinski,32.0,Rhône-style Red Blend,90,France,France,,FRANCE,FRA
Italy,Brezza 2015  Dolcetto d'Alba,Kerin O’Keefe,15.0,Dolcetto,89,Italy,Italy,,ITALY,ITA
France,Château Saintongey 2014 Vieilles Vignes  (Bordeaux),Roger Voss,15.0,Bordeaux-style Red Blend,87,France,France,,FRANCE,FRA
Chile,Aresti 2007 Reserva Merlot (Curicó Valley),Michael Schachner,18.0,Merlot,86,Chile,Chile,,CHILE,CHI
US,Leaping Horse 2013 Chardonnay (California),Jim Gordon,10.0,Chardonnay,86,US,US,US,US,US
Portugal,Sobredos 2012 Aneto Tinto Red (Douro),Roger Voss,12.0,Portuguese Red,90,Portugal,Portugal,,PORTUG,POR
France,Jean-Baptiste Adam 2012 Les Natures Pinot Gris (Alsace),Roger Voss,27.0,Pinot Gris,87,France,France,,FRANCE,FRA
US,Finn Hill 2013 Soleil Sauvignon Blanc (Wahluke Slope),Sean P. Sullivan,18.0,Sauvignon Blanc,86,US,US,US,US,US
US,Souverain 2010 Chardonnay (North Coast),Virginie Boone,14.0,Chardonnay,85,US,US,,US,US
France,Domaines Schlumberger 2010 Kitterlé Grand Cru Riesling (Alsace),Anne Krebiehl MW,36.0,Riesling,92,France,France,France,FRANCE,FRA
Italy,Fratelli Zeni 2000 Vigne Alte  (Bianco di Custoza),Joe Czerwinski,11.0,White Blend,88,Italy,Chile,,ITALY,ITA
US,Roederer Estate NV Brut Sparkling (Anderson Valley),Virginie Boone,23.0,Sparkling Blend,92,US,US,,US,US
Spain,Manyana 2008 Tempranillo (Cariñena),Michael Schachner,9.0,Tempranillo,87,Spain,Spain,,SPAIN,SPA
France,Les Vins Aujoux 2013 Belle Grâce  (Beaujolais-Villages),Roger Voss,15.0,Gamay,86,France,France,,FRANCE,FRA
US,Felten Cellars 2013 Tempranillo (Paso Robles),Matt Kettmann,32.0,Tempranillo,85,US,Italy,,US,US
Chile,Undurraga 2001 Reserva Merlot (Maipo Valley),Michael Schachner,12.0,Merlot,87,Chile,France,,CHILE,CHI
France,Gadais Père et Fils 2015 Domaine de la Vieille Cure Sur Lie  (Muscadet Sèvre et Maine),Roger Voss,14.0,Melon,88,France,France,,FRANCE,FRA
US,Silvertip 2014 Unfiltered Estate Pinot Noir (Santa Cruz Mountains),Matt Kettmann,32.0,Pinot Noir,89,US,US,,US,US
South Africa,Eikendal 2014 Chardonnay (Western Cape),Lauren Buzzeo,20.0,Chardonnay,90,South Africa,South Africa,,SOUTH ,SOU
France,Domaine Franck Besson 2014 Le Griottier  (Juliénas),Roger Voss,22.0,Gamay,90,France,France,,FRANCE,FRA
France,Loup Blanc 2007 La Mère Grand Red (Minervois),Lauren Buzzeo,25.0,Rhône-style Red Blend,90,France,France,,FRANCE,FRA
US,Truchard 2012 Estate Cabernet Sauvignon (Carneros),Virginie Boone,38.0,Cabernet Sauvignon,90,US,US,,US,US
US,Del Carlo Winery 2014 Home Ranch Teldeschi Vineyards Century Old Vine Zinfandel (Dry Creek Valley),Virginie Boone,32.0,Zinfandel,90,US,US,,US,US
US,Courtney Benham 2014 Cabernet Sauvignon (Napa Valley),Virginie Boone,25.0,Cabernet Sauvignon,90,US,US,,US,US
Portugal,Wines & Winemakers 2015 Casa Ermelinda Freitas Monte de Baía Rosé (Península de Setúbal),Roger Voss,12.0,Rosé,85,Portugal,Portugal,,PORTUG,POR
Portugal,Fiuza 2015 Red (Tejo),Roger Voss,14.0,Tinta Miúda,87,Portugal,Italy,,PORTUG,POR
Spain,Covila 2013 II Crianza  (Rioja),Michael Schachner,15.0,Tempranillo,87,Spain,Spain,,SPAIN,SPA
US,Davis Family 2014 Starr Ridge Vineyard Pinot Noir (Russian River Valley),Virginie Boone,55.0,Pinot Noir,91,US,US,US,US,US
US,Stone The Crows 2013 Three Twins Vineyard Fallen Feather Cabernet Sauvignon (Napa Valley),Virginie Boone,75.0,Cabernet Sauvignon,92,US,France,,US,US
Austria,Winzer Krems 2011 Kellermeister Privat Goldberg Grüner Veltliner (Kremstal),Roger Voss,18.0,Grüner Veltliner,87,Austria,Austria,,AUSTRI,AUS
Austria,Mariell 2009 Blaufränkisch (Leithaberg),Roger Voss,17.0,Blaufränkisch,89,Austria,Austria,Austria,AUSTRI,AUS
US,Duckhorn 2012 Rector Creek Vineyard Merlot (Napa Valley),Virginie Boone,95.0,Merlot,91,US,US,US,US,US
France,Domaine Faiveley 2014  Gevrey-Chambertin,Roger Voss,70.0,Pinot Noir,90,France,France,France,FRANCE,FRA
Portugal,Adega Cooperativa de Borba 2012 Montes Claros Garrafeira Red (Alentejo),Roger Voss,28.0,Portuguese Red,90,Portugal,Portugal,,PORTUG,POR
US,Folin Cellars 2015 Estate Viognier (Rogue Valley),Paul Gregutt,27.0,Viognier,87,US,US,,US,US
Australia,Kilikanoon 2009 Green's Vineyard Shiraz (Barossa Valley),Joe Czerwinski,70.0,Shiraz,92,Australia,US,Australia,AUSTRA,AUS
Austria,Malat 2015 Crazy Creatures Grüner Veltliner (Kremstal),Anne Krebiehl MW,17.0,Grüner Veltliner,89,Austria,Austria,,AUSTRI,AUS
US,Dunbar 2012 Estate Grown Zinfandel (Sonoma Valley),Virginie Boone,32.0,Zinfandel,88,US,US,US,US,US
US,Alleromb 2014 La Reyna Blanca Vineyard Chardonnay (Columbia Valley (WA)),Sean P. Sullivan,38.0,Chardonnay,89,US,US,,US,US
US,Dracaena 2013 Cabernet Franc (Paso Robles),Matt Kettmann,28.0,Cabernet Franc,91,US,US,,US,US
South Africa,Jardin 2007 Syrah (Stellenbosch),Lauren Buzzeo,19.0,Syrah,89,South Africa,South Africa,,SOUTH ,SOU
US,Claudia Springs 2007 Zinfandel (Mendocino County),Virginie Boone,24.0,Zinfandel,87,US,US,,US,US
Argentina,Tilia 2011 Malbec (Mendoza),Michael Schachner,11.0,Malbec,87,Argentina,Spain,,ARGENT,ARG
Italy,Ronco del Gelso 1999 Chardonnay (Friuli),Joe Czerwinski,21.0,Chardonnay,88,Italy,Italy,Italy,ITALY,ITA
Austria,Steininger 2016 Grüner Veltliner (Kamptal),Anne Krebiehl MW,18.0,Grüner Veltliner,89,Austria,Austria,,AUSTRI,AUS
Spain,Fuentes 2008 Coraje Red (Priorat),Michael Schachner,44.0,Red Blend,90,Spain,Spain,,SPAIN,SPA
New Zealand,Stoneleigh 2008 Sauvignon Blanc (Marlborough),Joe Czerwinski,19.0,Sauvignon Blanc,88,New Zealand,New Zealand,,NEW ZE,NEW
US,Berryessa Gap 2015 Albariño (Yolo County),Jim Gordon,25.0,Albariño,89,US,US,,US,US
France,Château Mayne Vieil 2014  Fronsac,Roger Voss,17.0,Bordeaux-style Red Blend,90,France,Portugal,,FRANCE,FRA
US,Barnard Griffin 2014 Signature Cabernet Sauvignon (Columbia Valley (WA)),Sean P. Sullivan,17.0,Cabernet Sauvignon,90,US,US,,US,US
US,Brennan 2015 Reddy Vineyard Roussanne (Texas High Plains),Alexander Peartree,18.0,Roussanne,87,US,US,,US,US
Spain,Bellisco NV Sparkling (Cava),Michael Schachner,11.0,Sparkling Blend,82,Spain,Spain,,SPAIN,SPA
Italy,Cascina Bruciata 2013  Barbaresco,Kerin O’Keefe,39.0,Nebbiolo,87,Italy,Italy,Italy,ITALY,ITA
France,Jean Milan NV Grande Réserve Blanc de Blancs Grand Cru Brut Chardonnay (Champagne),Roger Voss,66.0,Chardonnay,92,France,France,,FRANCE,FRA
France,Frédéric Brouca 2013 Samsó Seulle Cinsault (Vin de France),Lauren Buzzeo,23.0,Cinsault,87,France,France,,FRANCE,FRA
Argentina,San Pedro de Yacochuya 2012 Red (Salta),Michael Schachner,25.0,Red Blend,90,Argentina,Argentina,,ARGENT,ARG
US,Passing Time 2013 Cabernet Sauvignon (Horse Heaven Hills),Sean P. Sullivan,75.0,Cabernet Sauvignon,93,US,US,,US,US
Italy,Bersano 2012 Nirvasco  (Barolo),Kerin O’Keefe,50.0,Nebbiolo,87,Italy,US,,ITALY,ITA
Italy,Ruffino 2010 Riserva Ducale Oro Gran Selezione  (Chianti Classico),Kerin O’Keefe,43.0,Red Blend,91,Italy,Italy,,ITALY,ITA
Chile,Lapostolle 2007 Casa Chardonnay (Casablanca Valley),Michael Schachner,14.0,Chardonnay,85,Chile,Chile,,CHILE,CHI
US,Stomping Ground 2010 Merlot (California),Jim Gordon,10.0,Merlot,86,US,US,US,US,US
US,Colter's Creek 2010 Koos-Koos-Kia Colter's Creek Vineyard Red (Idaho),Sean P. Sullivan,20.0,Red Blend,87,US,US,US,US,US
Italy,Castello di Neive 2011 Metodo Classico Pinot Nero (Piemonte),Kerin O’Keefe,45.0,Pinot Nero,90,Italy,Italy,,ITALY,ITA
US,Big Basin 2013 Syrah (Santa Cruz Mountains),Matt Kettmann,36.0,Syrah,91,US,US,,US,US
US,Rochioli 2014 Sweetwater Chardonnay (Russian River Valley),Virginie Boone,68.0,Chardonnay,96,US,US,,US,US
Germany,Winzergenossenschaft Mayschoss-Altenahr 2013 Trocken Früburgunder (Ahr),Anna Lee C. Iijima,40.0,Früburgunder,90,Germany,Germany,,GERMAN,GER
Italy,Abbazia di Novacella 2012 Praepositus Passito Kerner (Alto Adige Valle Isarco),Kerin O’Keefe,30.0,Kerner,93,Italy,Italy,,ITALY,ITA
Australia,Jasper Hill 2013 Georgia's Paddock Shiraz (Heathcote),Joe Czerwinski,85.0,Shiraz,95,Australia,US,,AUSTRA,AUS
Australia,Beresford 2014 Handpicked Grenache Rosé (McLaren Vale),Joe Czerwinski,25.0,Rosé,90,Australia,Spain,Australia,AUSTRA,AUS
France,Henri de Villamont 2010 Les Feusselottes Premier Cru  (Chambolle-Musigny),Roger Voss,72.0,Pinot Noir,92,France,France,France,FRANCE,FRA
US,Cupcake 2016 Rosé (California),Jim Gordon,13.0,Rosé,89,US,US,,US,US
Australia,Hungerford Hill 2008 Heavy Metal Shiraz (South Eastern Australia),Joe Czerwinski,15.0,Shiraz,90,Australia,Australia,,AUSTRA,AUS
Germany,Wittmann 2015 Trocken Scheurebe (Rheinhessen),Anna Lee C. Iijima,30.0,Scheurebe,91,Germany,Germany,Germany,GERMAN,GER
Italy,Cantina Terlano 2002 Terlano Classico White (Alto Adige),Joe Czerwinski,15.0,White Blend,88,Italy,Italy,Italy,ITALY,ITA
US,ONX 2015 Indie Tempranillo (Templeton Gap District),Matt Kettmann,24.0,Tempranillo,89,US,US,,US,US
US,Les Belles Collines 2012 Les Sommets Cabernet Sauvignon (Napa Valley),Virginie Boone,85.0,Cabernet Sauvignon,93,US,US,,US,US
Argentina,Clos d'Argentine 2013 Winemaker's Selection Reserva Malbec (Mendoza),Michael Schachner,42.0,Malbec,93,Argentina,Argentina,,ARGENT,ARG
Germany,Robert Weil 2014 Kiedrich Gräfenberg Trockenbeerenauslese Riesling (Rheingau),Anna Lee C. Iijima,775.0,Riesling,97,Germany,US,,GERMAN,GER
France,Duménil NV Grande Réserve Premier Cru Brut  (Champagne),Roger Voss,38.0,Champagne Blend,87,France,Argentina,France,FRANCE,FRA
US,Kontos 2011 Les Collines Vineyard Syrah (Walla Walla Valley (WA)),Paul Gregutt,36.0,Syrah,86,US,US,US,US,US
US,Vine Cliff 2013 Chardonnay (Los Carneros),Virginie Boone,40.0,Chardonnay,90,US,US,US,US,US
US,Davis Family 2014 Soul Patch Estate Grown Pinot Noir (Russian River Valley),Virginie Boone,55.0,Pinot Noir,91,US,US,US,US,US
US,Nottingham Cellars 2012 Ghielmetti Vineyard Micro-lot Reserve Malbec (Livermore Valley),Jim Gordon,50.0,Malbec,91,US,US,,US,US
France,Pommery NV Pop Rosé Extra Dry  (Champagne),Roger Voss,15.0,Champagne Blend,85,France,France,,FRANCE,FRA
Portugal,Falua 2015 Conde Vimioso Colheita Seleccionada Branco White (Tejo),Roger Voss,9.0,Portuguese White,87,Portugal,Portugal,Portugal,PORTUG,POR
US,Becker 2014 Reserve Bingham Vineyard Roussanne (Texas High Plains),Alexander Peartree,22.0,Roussanne,87,US,Hungary,,US,US
France,Domaine Roland Schmitt 2014 Grand A du Petit Léon Sylvaner (Alsace),Anne Krebiehl MW,16.0,Sylvaner,90,France,France,,FRANCE,FRA
France,Manoir du Carra 2013  Beaujolais-Villages,Roger Voss,16.0,Gamay,86,France,France,,FRANCE,FRA
Portugal,Ribafreixo 2015 Pato Frio Antão Vaz (Alentejo),Roger Voss,12.0,Antão Vaz,85,Portugal,Portugal,,PORTUG,POR
Portugal,Quinta do Sagrado 2008 VT '08 Red (Douro),Roger Voss,32.0,Portuguese Red,90,Portugal,Portugal,,PORTUG,POR
Italy,Marchesi de' Frescobaldi 2015 Ammiraglia Massovivo Vermentino (Toscana),Kerin O’Keefe,18.0,Vermentino,87,Italy,Italy,,ITALY,ITA
Australia,Wakefield 2013 St. Andrews Single Vineyard Release Shiraz (Clare Valley),Joe Czerwinski,60.0,Shiraz,95,Australia,Australia,,AUSTRA,AUS
Hungary,Samuel Tinon 2015 Megyer Dry Furmint (Tokaj),Jeff Jenssen,36.0,Furmint,90,Hungary,Hungary,,HUNGAR,HUN
US,Failla 2013 Keefer Ranch Pinot Noir (Russian River Valley),Virginie Boone,48.0,Pinot Noir,91,US,US,,US,US
France,Château de Sours 2011 La Fleur d'Amélie  (Bordeaux Blanc),Roger Voss,15.0,Bordeaux-style White Blend,85,France,France,,FRANCE,FRA
Argentina,Terrazas de Los Andes 2015 Reserva Torrontés (Salta),Michael Schachner,17.0,Torrontés,85,Argentina,Argentina,Argentina,ARGENT,ARG
Spain,J. & F. Lurton 2007 Herederos de François Lurton Villafrance de Duero Red (Vino de la Tierra de Castilla y León),Michael Schachner,13.0,Red Blend,85,Spain,Chile,Spain,SPAIN,SPA
US,Easton 2014 Zinfandel (Amador County),Jim Gordon,20.0,Zinfandel,90,US,US,,US,US
US,Maryhill 2011 Proprietor's Reserve Cabernet Franc (Columbia Valley (WA)),Paul Gregutt,25.0,Cabernet Franc,86,US,US,,US,US
France,Château Mougneaux 2014  Bordeaux Supérieur,Roger Voss,16.0,Bordeaux-style Red Blend,87,France,France,,FRANCE,FRA
US,Rideau 2014 Estate Syrah,Matt Kettmann,44.0,Syrah,87,US,US,,US,US
Chile,Ninquén 2009 Antu Cabernet Sauvignon-Carmenère (Colchagua Valley),Michael Schachner,19.0,Cabernet Sauvignon-Carmenère,87,Chile,US,Chile,CHILE,CHI
France,Louis Latour 2014  Criots-Bâtard-Montrachet,Roger Voss,380.0,Chardonnay,95,France,France,France,FRANCE,FRA
France,Pierre Gimonnet et Fils 2005 Oenophile Premier Cru Blanc de Blancs Extra Brut Chardonnay (Champagne),Roger Voss,72.0,Chardonnay,92,France,France,,FRANCE,FRA
Portugal,Quinta da Lagoalva de Cima 2013 Lagoalva Barrel Selection Tinto Red (Tejo),Roger Voss,23.0,Portuguese Red,92,Portugal,Portugal,,PORTUG,POR
France,Paul Reitz 2014  Saint-Véran,Roger Voss,20.0,Chardonnay,85,France,France,,FRANCE,FRA
US,Herencia 2013 Merlot (Napa Valley),Virginie Boone,42.0,Merlot,90,US,US,,US,US
New Zealand,Otto's Constant Dream 2008 Syrah (Hawke's Bay),Joe Czerwinski,18.0,Syrah,87,New Zealand,New Zealand,,NEW ZE,NEW
US,Loring Wine Company 2014 Durell Vineyard Pinot Noir (Sonoma Coast),Jim Gordon,50.0,Pinot Noir,93,US,US,,US,US
US,World's End 2013 If Six Was Nine Reserve Cabernet Sauvignon (Napa Valley),Virginie Boone,53.0,Cabernet Sauvignon,93,US,US,,US,US
Italy,Cottanera 2015 Bianco  (Etna),Kerin O’Keefe,24.0,Carricante,90,Italy,Italy,,ITALY,ITA
France,Antoine Moltès & Fils 2015 Tradition Pinot Gris (Alsace),Anne Krebiehl MW,18.0,Pinot Gris,82,France,France,,FRANCE,FRA
Spain,Tandem 2011 Ars In Vitro Tempranillo-Merlot (Navarra),Michael Schachner,15.0,Tempranillo-Merlot,87,Spain,Spain,,SPAIN,SPA
US,Bergevin Lane 2008 Stone Tree Vineyard Intuition Reserve Red (Columbia Valley (WA)),Paul Gregutt,58.0,Bordeaux-style Red Blend,90,US,US,US,US,US
Spain,Navardia 2013 Made With Organic Grapes  (Rioja),Michael Schachner,12.0,Tempranillo Blend,86,Spain,US,,SPAIN,SPA
Argentina,Durigutti 2014 Bonarda (Mendoza),Michael Schachner,15.0,Bonarda,85,Argentina,Argentina,,ARGENT,ARG
South Africa,Le Riche 2003 Cabernet Sauvignon Reserve Cabernet Sauvignon (Stellenbosch),Roger Voss,45.0,Cabernet Sauvignon,91,South Africa,South Africa,,SOUTH ,SOU
US,Patton Valley 2010 West Block Pinot Noir (Willamette Valley),Paul Gregutt,48.0,Pinot Noir,92,US,US,,US,US
France,Château de l'Aubrade 2015  Bordeaux Supérieur,Roger Voss,14.0,Bordeaux-style Red Blend,89,France,France,,FRANCE,FRA
US,Mosquito Fleet 2011 Reserve 34 Cabernet Sauvignon (Red Mountain),Sean P. Sullivan,90.0,Cabernet Sauvignon,91,US,US,,US,US
US,Cocobon 2014 Red (California),Jim Gordon,12.0,Red Blend,86,US,US,,US,US
Chile,Sundance 2011 Merlot (Maule Valley),Michael Schachner,9.0,Merlot,86,Chile,Chile,,CHILE,CHI
Chile,Arboleda 2009 Cabernet Sauvignon (Aconcagua Valley),Michael Schachner,19.0,Cabernet Sauvignon,87,Chile,Chile,Chile,CHILE,CHI
Chile,Viña Bisquertt 2007 Casa La Joya Reserve Merlot (Colchagua Valley),Michael Schachner,11.0,Merlot,88,Chile,Chile,,CHILE,CHI
US,Clarksburg Wine Company 2010 Chenin Blanc (Clarksburg),Virginie Boone,16.0,Chenin Blanc,86,US,US,,US,US
Hungary,Chateau Dereszla 2014 Dry  (Tokaji),Jeff Jenssen,16.0,White Blend,90,Hungary,Italy,,HUNGAR,HUN
France,Louis Latour 2014 Le Montrachet  (Montrachet),Roger Voss,630.0,Chardonnay,96,France,France,,FRANCE,FRA
US,Acacia 2013 Pinot Noir (Carneros),Virginie Boone,28.0,Pinot Noir,90,US,US,,US,US
US,Turiya 2011 Stolpman Vineyard Sangiovese (Ballard Canyon),Matt Kettmann,150.0,Sangiovese,93,US,US,,US,US
Spain,Vinos de Arganza 2012 Século Mencía (Bierzo),Michael Schachner,15.0,Mencía,89,Spain,Spain,Spain,SPAIN,SPA
Austria,Strauss 2016 Classic Sauvignon Blanc (Südsteiermark),Anne Krebiehl MW,20.0,Sauvignon Blanc,89,Austria,Austria,,AUSTRI,AUS
US,Limerick Lane 2013 Headpruned Block Syrah (Russian River Valley),Virginie Boone,45.0,Syrah,93,US,US,,US,US
France,Château Mille-Roses 2012  Margaux,Roger Voss,45.0,Bordeaux-style Red Blend,90,France,France,,FRANCE,FRA
US,Chateau Ste. Michelle 2012 Canoe Ridge Vineyard Cabernet Sauvignon (Horse Heaven Hills),Sean P. Sullivan,30.0,Cabernet Sauvignon,90,US,US,,US,US
South Africa,Spier 2014 21 Gables Chenin Blanc (Western Cape),Lauren Buzzeo,23.0,Chenin Blanc,90,South Africa,South Africa,,SOUTH ,SOU
US,Napa Cellars 2014 Classic Zinfandel (Napa Valley),Virginie Boone,24.0,Zinfandel,86,US,US,,US,US
South Africa,Fable Mountain 2011 Night Sky Red (Coastal Region),Lauren Buzzeo,50.0,Rhône-style Red Blend,92,South Africa,South Africa,,SOUTH ,SOU
US,Gershon Bachus 2009 Erato De Portola Trail Vineyard Cabernet Franc (Temecula Valley),Matt Kettmann,45.0,Cabernet Franc,90,US,US,,US,US
US,Le Cadeau 2014 Pinot Noir (Willamette Valley),Paul Gregutt,38.0,Pinot Noir,91,US,US,US,US,US
Spain,Ignacio Marín 2015 Wine Wings Garnacha Rosé (Cariñena),Michael Schachner,18.0,Rosé,87,Spain,Spain,,SPAIN,SPA
France,Domaine Sainte-Marie 2014 VieVité Extraordinaire Rosé (Côtes de Provence),Roger Voss,25.0,Rosé,91,France,France,,FRANCE,FRA
US,Palencia 2016 Albariño (Ancient Lakes),Sean P. Sullivan,20.0,Albariño,86,US,US,,US,US
Argentina,Felix Lavaque 2010 Felix Malbec (Cafayate),Michael Schachner,30.0,Malbec,87,Argentina,US,,ARGENT,ARG
Italy,Podere Scopetone 2012  Brunello di Montalcino,Kerin O’Keefe,57.0,Sangiovese,90,Italy,Italy,,ITALY,ITA
Italy,Podere dal Nespoli 2015 Prugneto Sangiovese (Romagna),Kerin O’Keefe,17.0,Sangiovese,86,Italy,Italy,Italy,ITALY,ITA
Italy,Baracchi Riccardo 2012 Smeriglio Syrah (Cortona),Kerin O’Keefe,35.0,Syrah,90,Italy,US,,ITALY,ITA
US,Iron Horse 2013 Thomas Road Pinot Noir (Green Valley),Virginie Boone,85.0,Pinot Noir,93,US,US,,US,US
Greece,My Big Fat Greek Wine 2010 Assyrtico (Santorini),Susan Kostrzewa,15.0,Assyrtico,89,Greece,Greece,,GREECE,GRE
Spain,Cavas Hill NV 1887 Rosado Sparkling (Cava),Michael Schachner,13.0,Sparkling Blend,82,Spain,Spain,,SPAIN,SPA
US,Hindsight 2013 Bella Vetta Vineyard Cabernet Sauvignon (Howell Mountain),Virginie Boone,75.0,Cabernet Sauvignon,86,US,US,,US,US
Spain,Aleo 2009 Tempranillo (Vino de la Tierra de Castilla y León),Michael Schachner,16.0,Tempranillo,87,Spain,Spain,,SPAIN,SPA
Italy,Fattorie Romeo del Castello 2015 Vigorosa Rosato Nerello Mascalese (Etna),Kerin O’Keefe,28.0,Nerello Mascalese,88,Italy,Germany,,ITALY,ITA
Italy,La Vis 2001 Bianco dei Sorni White (Trentino),Joe Czerwinski,15.0,White Blend,88,Italy,Italy,,ITALY,ITA
Portugal,Quinta do Monte Xisto 2013 Red (Douro),Roger Voss,80.0,Portuguese Red,92,Portugal,Portugal,Portugal,PORTUG,POR
US,Les Belles Collines 2014 Pinot Gris (California),Virginie Boone,25.0,Pinot Gris,92,US,US,,US,US
France,Domaine du Tariquet 2007 Chenin Blanc-Chardonnay (Vin de Pays des Côtes de Gascogne),Roger Voss,12.0,Chenin Blanc-Chardonnay,88,France,France,,FRANCE,FRA
US,Miles 2006 Cabernet Franc (Finger Lakes),Susan Kostrzewa,20.0,Cabernet Franc,85,US,US,,US,US
US,Buried Cane 2009 Whiteline No Oak Chardonnay (Columbia Valley (WA)),Paul Gregutt,14.0,Chardonnay,87,US,Chile,,US,US
Italy,St. Pauls 2014 Passion Riserva Pinot Bianco (Alto Adige),Kerin O’Keefe,40.0,Pinot Bianco,90,Italy,Italy,,ITALY,ITA
Italy,Punset 2011 Campo Quadro Riserva  (Barbaresco),Kerin O’Keefe,48.0,Nebbiolo,85,Italy,Italy,,ITALY,ITA
US,Ardor 2015 Art Den Hoed Vineyard Syrah (Yakima Valley),Sean P. Sullivan,50.0,Syrah,89,US,US,,US,US
Italy,Palladino 2011 Ornato  (Barolo),Kerin O’Keefe,65.0,Nebbiolo,90,Italy,Italy,,ITALY,ITA
Germany,Weingut Liebfrauenstift 2014 Dry Riesling (Rheinhessen),Anna Lee C. Iijima,16.0,Riesling,91,Germany,Germany,,GERMAN,GER
Spain,Pablo del Villar 2010 Ipsum Verdejo-Viura (Rueda),Michael Schachner,10.0,Verdejo-Viura,87,Spain,Spain,,SPAIN,SPA
US,Terre Rouge 2014 Enigma White (Sierra Foothills),Jim Gordon,25.0,White Blend,93,US,US,,US,US
US,Rainstorm 2013 Pinot Gris (Willamette Valley),Paul Gregutt,14.0,Pinot Gris,87,US,US,,US,US
Italy,Battaglio 2013  Barbaresco,Kerin O’Keefe,60.0,Nebbiolo,87,Italy,Italy,,ITALY,ITA
Spain,El Coto 2010 Viura (Rioja),Michael Schachner,10.0,Viura,87,Spain,Spain,,SPAIN,SPA
US,Lamoreaux Landing 2014 Yellow Dog Vineyard Riesling (Finger Lakes),Anna Lee C. Iijima,20.0,Riesling,87,US,US,,US,US
Greece,Domaine Sigalas 2010 Asirtiko Athiri White (Santorini),Susan Kostrzewa,18.0,White Blend,87,Greece,Greece,,GREECE,GRE
Chile,Casa Silva 2008 Gran Reserva Petit Verdot (Colchagua Valley),Michael Schachner,22.0,Petit Verdot,85,Chile,Chile,,CHILE,CHI
South Africa,Reyneke 2013 Reserve Sauvignon Blanc (Stellenbosch),Lauren Buzzeo,50.0,Sauvignon Blanc,91,South Africa,South Africa,South Africa,SOUTH ,SOU
Austria,Malat 2016 Furth-Palt Riesling (Kremstal),Anne Krebiehl MW,24.0,Riesling,89,Austria,Austria,Austria,AUSTRI,AUS
US,Foxen 2014 Tinaquaic Vineyard Chardonnay (Santa Maria Valley),Matt Kettmann,37.0,Chardonnay,92,US,US,US,US,US
Germany,Maximin Grünhäuser 2015 Trocken Riesling (Mosel),Anna Lee C. Iijima,22.0,Riesling,91,Germany,Germany,,GERMAN,GER
Italy,Poggioventoso 2015 Poetico White (Toscana),Kerin O’Keefe,19.0,White Blend,87,Italy,Italy,,ITALY,ITA
US,Camaraderie 2009 Tempranillo (Yakima Valley),Paul Gregutt,28.0,Tempranillo,87,US,US,US,US,US
Spain,Oro de Castilla 2010 Solo Verdejo (Rueda),Michael Schachner,14.0,Verdejo,87,Spain,Spain,Spain,SPAIN,SPA
Chile,Cono Sur 2012 20 Barrels Limited Edition Peralillo Estate Merlot (Colchagua Valley),Michael Schachner,35.0,Merlot,91,Chile,Chile,,CHILE,CHI
US,Winderlea 2014 Weber Vineyard Pinot Noir (Dundee Hills),Paul Gregutt,48.0,Pinot Noir,95,US,US,,US,US
Germany,Richard Böcking 2013 Devon Riesling (Mosel),Anna Lee C. Iijima,24.0,Riesling,87,Germany,Germany,Germany,GERMAN,GER
France,H. Blin 2003 Édition Limitée Extra Brut  (Champagne),Roger Voss,70.0,Champagne Blend,92,France,France,,FRANCE,FRA
Australia,Kooyong 2013 Farrago Chardonnay (Mornington Peninsula),Joe Czerwinski,66.0,Chardonnay,90,Australia,Australia,,AUSTRA,AUS
Spain,Resalte 2010 Gran Resalte  (Ribera del Duero),Michael Schachner,88.0,Tempranillo,93,Spain,US,Spain,SPAIN,SPA
US,Kerloo 2015 Blue Mountain Vineyard Grenache Blanc (Walla Walla Valley (WA)),Sean P. Sullivan,20.0,Grenache Blanc,89,US,US,,US,US
Argentina,Andean Sky 2007 Bonarda (Mendoza),Michael Schachner,10.0,Bonarda,85,Argentina,Argentina,,ARGENT,ARG
Argentina,Pascual Toso 2007 Reserve Las Barrancas Vineyards Cabernet Sauvignon (Mendoza),Michael Schachner,20.0,Cabernet Sauvignon,88,Argentina,Argentina,,ARGENT,ARG
US,Foretell 2012 Cabernet Sauvignon (Spring Mountain District),Virginie Boone,150.0,Cabernet Sauvignon,90,US,US,US,US,US
US,Snoqualmie 2013 Eco Made with Organic Grapes Cabernet Sauvignon (Columbia Valley (WA)),Sean P. Sullivan,13.0,Cabernet Sauvignon,90,US,France,,US,US
France,Château de Bel 2014  Bordeaux Supérieur,Roger Voss,20.0,Bordeaux-style Red Blend,87,France,France,,FRANCE,FRA
Austria,Nittnaus Hans und Christine 2013 Nit'ana Red (Burgenland),Anne Krebiehl MW,35.0,Red Blend,91,Austria,Austria,,AUSTRI,AUS
Italy,Cantina Terlano 2000 Vorberg Pinot Bianco (Alto Adige),Joe Czerwinski,21.0,Pinot Bianco,88,Italy,Italy,,ITALY,ITA
Australia,42°S 2008 Pinot Noir (Tasmania),Joe Czerwinski,18.0,Pinot Noir,87,Australia,France,Australia,AUSTRA,AUS
US,"Monte De Oro 2006 Reserve, Vista del Monte Vineyard Syrah (Temecula Valley)",Virginie Boone,70.0,Syrah,87,US,US,,US,US
US,Coelho 2014 Atração Pinot Noir (Willamette Valley),Paul Gregutt,25.0,Pinot Noir,87,US,US,,US,US
Argentina,Sottano 2009 Reserva de Familia Cabernet Sauvignon (Mendoza),Michael Schachner,30.0,Cabernet Sauvignon,89,Argentina,Argentina,Argentina,ARGENT,ARG
US,Bella Grace 2013 Estate Zinfandel (Amador County),Jim Gordon,20.0,Zinfandel,87,US,US,,US,US
US,Monte Volpe 2013 Pinot Grigio (Mendocino),Jim Gordon,15.0,Pinot Grigio,90,US,US,,US,US
Italy,Castello di Neive 2013  Barbaresco,Kerin O’Keefe,35.0,Nebbiolo,87,Italy,Italy,Italy,ITALY,ITA
New Zealand,Saint Clair 2014 Pioneer Block 20 Dillons Point Cash Block Sauvignon Blanc (Marlborough),Joe Czerwinski,28.0,Sauvignon Blanc,91,New Zealand,US,,NEW ZE,NEW
Chile,Aresti 2014 Special Release Reserva Carmenère (Rapel Valley),Michael Schachner,12.0,Carmenère,86,Chile,Chile,,CHILE,CHI
US,Y Rousseau 2012 Le Roi Soleil Cabernet Sauvignon (Mount Veeder),Virginie Boone,80.0,Cabernet Sauvignon,90,US,US,,US,US
Chile,De Martino 2010 347 Vineyards Sauvignon Blanc (Central Valley),Michael Schachner,13.0,Sauvignon Blanc,87,Chile,Chile,,CHILE,CHI
Chile,Lapostolle 2002 Estate Bottled Merlot (Rapel Valley),Michael Schachner,12.0,Merlot,88,Chile,Germany,,CHILE,CHI
US,Bianchi 2011 Signature Selection Merlot (Paso Robles),Matt Kettmann,22.0,Merlot,87,US,US,,US,US
Germany,Dr. Loosen 2011 Ürziger Würzgarten Alte Reben GG Trocken Riesling (Mosel),Anna Lee C. Iijima,42.0,Riesling,92,Germany,Germany,Germany,GERMAN,GER
US,Purple Hands 2014 Freedom Hill Vineyard Pinot Noir (Willamette Valley),Paul Gregutt,50.0,Pinot Noir,92,US,US,US,US,US
US,Sixteen by Twenty 2014 Chardonnay (Sonoma Coast),Virginie Boone,40.0,Chardonnay,90,US,US,US,US,US
US,Lieb 2015 Bridge Lane Rosé (New York),Anna Lee C. Iijima,18.0,Rosé,89,US,US,,US,US
Austria,Forstreiter 2012 Schiefer Reserve Grüner Veltliner (Kremstal),Roger Voss,24.0,Grüner Veltliner,92,Austria,Austria,Austria,AUSTRI,AUS
France,Mas de Cadenet 2015 Mas Negrel Cadenet Rosé (Côtes de Provence Sainte-Victoire),Roger Voss,40.0,Rosé,93,France,Spain,France,FRANCE,FRA
US,Seven Falls 2013 Merlot (Wahluke Slope),Sean P. Sullivan,18.0,Merlot,89,US,US,,US,US
Italy,Baracchi Riccardo 2011 Smeriglio Riserva Syrah (Cortona),Kerin O’Keefe,50.0,Syrah,90,Italy,US,Italy,ITALY,ITA
France,Boude Baudin NV B. Zéro Brut Dosage  (Champagne),Roger Voss,59.0,Champagne Blend,91,France,France,,FRANCE,FRA
France,Henri de Villamont 2010 Blagny Premier Cru  (Meursault),Roger Voss,66.0,Chardonnay,92,France,France,France,FRANCE,FRA
Spain,Vall Llach 2007 Idus Red (Priorat),Michael Schachner,50.0,Red Blend,90,Spain,Spain,,SPAIN,SPA
Chile,TerraMater 2006 Unusual Cabernet-Shiraz-Zinfandel Red (Maipo Valley),Michael Schachner,50.0,Red Blend,88,Chile,Chile,Chile,CHILE,CHI
France,Château Ferrière 2009  Margaux,Roger Voss,45.0,Bordeaux-style Red Blend,90,France,France,France,FRANCE,FRA
South Africa,Delheim 2001 Grand Reserve Cabernet Sauvignon (Simonsberg-Stellenbosch),Roger Voss,30.0,Cabernet Sauvignon,91,South Africa,South Africa,,SOUTH ,SOU
US,Flying Goat Cellars 2012 Solomon Hills Vineyard Pinot Noir (Santa Maria Valley),Matt Kettmann,42.0,Pinot Noir,93,US,US,,US,US
Italy,Ornellaia 2014 Le Volte Red (Toscana),Kerin O’Keefe,30.0,Red Blend,87,Italy,Italy,,ITALY,ITA
US,Niner 2013 Estate Grown Cabernet Sauvignon (Paso Robles),Matt Kettmann,40.0,Cabernet Sauvignon,92,US,US,,US,US
Spain,Loess 2009 Collection Blanco Verdejo (Rueda),Michael Schachner,25.0,Verdejo,87,Spain,Spain,,SPAIN,SPA
France,Château Notre Dame du Quatourze 2015 Rosé (Languedoc),Lauren Buzzeo,16.0,Rosé,83,France,France,,FRANCE,FRA
Australia,Plantagenet 2014 Riesling (Great Southern),Joe Czerwinski,21.0,Riesling,92,Australia,Australia,,AUSTRA,AUS
France,Domaine Berthoumieu 2013 Charles de Batz Tannat-Cabernet (Madiran),Roger Voss,25.0,Tannat-Cabernet,91,France,US,,FRANCE,FRA
Italy,Ridolfi 2012  Rosso di Montalcino,Kerin O’Keefe,20.0,Sangiovese,86,Italy,Italy,Italy,ITALY,ITA
Italy,Baglio di Pianetto 2007 Ficiligno White (Sicilia),Kerin O’Keefe,19.0,White Blend,87,Italy,Italy,,ITALY,ITA
Argentina,Bodega Calle 2014 Alberti 154 Malbec (Mendoza),Michael Schachner,15.0,Malbec,87,Argentina,Argentina,Argentina,ARGENT,ARG
Austria,Fuchs 2015 Grüner Veltliner (Burgenland),Anne Krebiehl MW,12.0,Grüner Veltliner,88,Austria,Austria,,AUSTRI,AUS
US,Wrath 2013 Destruction Level Red (Monterey),Matt Kettmann,35.0,Rhône-style Red Blend,91,US,US,,US,US
US,Red Newt Cellars 2007 Riesling (Finger Lakes),Susan Kostrzewa,14.0,Riesling,85,US,US,,US,US
Portugal,Quinta do Portal 2012 Verdelho and Sauvignon Blanc White (Douro),Roger Voss,15.0,Portuguese White,87,Portugal,Portugal,,PORTUG,POR
US,Testarossa 2013 Guidotti Vineyard Pinot Noir (Santa Lucia Highlands),Matt Kettmann,64.0,Pinot Noir,91,US,Italy,,US,US
