country,title,taster_name,price,variety,points,orig_index
US,Deerfield Ranch NV Tawny Estate Syrah (Sonoma Valley),Virginie Boone,50.0,Syrah,90,0
France,La Chablisienne 2006 Les Vénérables Vieilles Vignes  (Chablis),Roger Voss,27.0,Chardonnay,88,1
France,Simonnet-Febvre 2015  Chablis,Roger Voss,24.0,Chardonnay,86,2
US,Franciscan 2013 Magnificat Meritage (Napa Valley),Virginie Boone,55.0,Meritage,88,3
US,Market Vineyards 2008 Dividend Syrah (Columbia Valley (WA)),Paul Gregutt,39.0,Syrah,90,4
Chile,J. & F. Lurton 2006 Gran Araucano Cabernet Sauvignon (Colchagua Valley),Michael Schachner,35.0,Cabernet Sauvignon,86,5
US,Conn Creek 2013 El Adobo Ranch Vineyard Cabernet Sauvignon (Chiles Valley),Virginie Boone,90.0,Cabernet Sauvignon,91,6
France,Domaine de Thulon 2013  Beaujolais-Villages,Roger Voss,15.0,Chardonnay,86,7
Chile,Emiliana 2008 Natura Chardonnay (Casablanca Valley),Michael Schachner,11.0,Chardonnay,87,8
US,Poet's Leap 2014 Riesling (Columbia Valley (WA)),Sean P. Sullivan,20.0,Riesling,90,9
US,Erath 2010 Hyland Pinot Noir (McMinnville),Paul Gregutt,50.0,Pinot Noir,86,10
US,Qupé 2013 Sawyer Lindquist Vineyard Grenache (Edna Valley),Matt Kettmann,35.0,Grenache,91,11
US,The Withers Winery 2013 Charles Vineyard Pinot Noir (Anderson Valley),Jim Gordon,44.0,Pinot Noir,90,12
Chile,Terrapura 2012 Merlot (Curicó Valley),Michael Schachner,11.0,Merlot,86,13
Australia,Henry's Drive Vignerons 2006 The Trial of John Montford Cabernet Sauvignon (Padthaway),Joe Czerwinski,30.0,Cabernet Sauvignon,87,14
Spain,Bodegas Berceo 2011 Selección Crianza  (Rioja),Michael Schachner,25.0,Tempranillo Blend,90,15
France,Trimbach 2012 Gewurztraminer (Alsace),Roger Voss,24.0,Gewürztraminer,87,16
Spain,Finca Constancia 2011 Parcela 23 Tempranillo (Vino de la Tierra de Castilla),Michael Schachner,20.0,Tempranillo,90,17
France,Henry Fessy 2015  Juliénas,Roger Voss,20.0,Gamay,88,18
Argentina,Finca Sophenia 2011 Synthesis Malbec (Tupungato),Michael Schachner,30.0,Malbec,92,19
Chile,Ventisquero 2008 Grey [Glacier] Single Block Trinidad Vineyard Cabernet Sauvignon (Maipo Valley),Michael Schachner,20.0,Cabernet Sauvignon,87,20
US,J. Lohr 2015 October Night Chardonnay (Arroyo Seco),Matt Kettmann,25.0,Chardonnay,90,21
France,Louis Bernard 2009 Red (Côtes du Rhône Villages),Joe Czerwinski,13.0,Rhône-style Red Blend,87,22
Spain,Ego Bodegas 2014 Goru Verde Monastrell (Jumilla),Michael Schachner,15.0,Monastrell,87,23
Argentina,Alamos 2007 Torrontés (Salta),Michael Schachner,12.0,Torrontés,88,24
US,Zerba Cellars 2008 Sangiovese (Walla Walla Valley (WA)),Paul Gregutt,30.0,Sangiovese,87,25
US,Carlisle 2013 Pagani Ranch Zinfandel (Sonoma Valley),Virginie Boone,46.0,Zinfandel,93,26
US,Lachini 2007 Pinot Gris (Oregon),Paul Gregutt,20.0,Pinot Gris,88,27
US,Ram 2014 Alder Ridge Vineyard Cabernet Franc (Columbia Valley (WA)),Sean P. Sullivan,25.0,Cabernet Franc,86,28
Portugal,Herdade Grande 2014 Gerações Colheita Seleccionada Branco White (Alentejano),Roger Voss,30.0,Portuguese White,91,29
France,Cave de Viré 2015 Grande Réserve du Président  (Mâcon-Villages),Roger Voss,15.0,Chardonnay,85,30
Australia,Yalumba 2016 Made With Organic Grapes Chardonnay (South Australia),Joe Czerwinski,18.0,Chardonnay,86,31
Italy,I Giusti e Zanza 2009 Dulcamara Red (Toscana),Kerin O’Keefe,41.0,Red Blend,92,32
Germany,Von Schleinitz 2015 Apollo Dry Riesling (Mosel),Anna Lee C. Iijima,29.0,Riesling,90,33
US,Structure 2014 Wallula Syrah (Horse Heaven Hills),Sean P. Sullivan,35.0,Syrah,91,34
US,Pech Merle 2013 Treborce Vineyard Zinfandel (Dry Creek Valley),Virginie Boone,33.0,Zinfandel,85,35
France,Château La Branne 2014  Médoc,Roger Voss,20.0,Bordeaux-style Red Blend,90,36
Italy,Stemmari 2013 Dalila White (Terre Siciliane),Kerin O’Keefe,13.0,White Blend,87,37
US,Aiken 2013 Cabernet Sauvignon (Rutherford),Virginie Boone,125.0,Cabernet Sauvignon,90,38
US,W.H. Smith 2012 Reserve Cabernet Sauvignon (Howell Mountain),Virginie Boone,70.0,Cabernet Sauvignon,93,39
Australia,Torbreck 2010 The Factor Shiraz (Barossa Valley),Joe Czerwinski,125.0,Shiraz,92,40
France,Domaine du Grand Cros 2011 L'Esprit de Provence Rosé (Côtes de Provence),Roger Voss,20.0,Rosé,87,41
France,Jacquart NV Brut Mosaïque  (Champagne),Roger Voss,40.0,Champagne Blend,87,42
US,Alta Colina 2012 Old 900 Syrah (Paso Robles),Matt Kettmann,46.0,Syrah,91,43
Italy,Madonna Alta 2014 Nativo Red (Toscana),Kerin O’Keefe,16.0,Red Blend,87,44
Italy,Grifalco 2013 Daginestra  (Aglianico del Vulture),Kerin O’Keefe,32.0,Aglianico,86,45
South Africa,Kanonkop 2012 Estate Wine Pinotage (Simonsberg-Stellenbosch),Lauren Buzzeo,40.0,Pinotage,91,46
Italy,Moncaro 2015 Le Vele  (Verdicchio dei Castelli di Jesi Classico),Kerin O’Keefe,32.0,Verdicchio,90,47
US,Dry Creek Vineyard 2012 DCV2 Estate Four Clones Vineyard Zinfandel (Dry Creek Valley),Virginie Boone,38.0,Zinfandel,91,48
US,Efeste 2013 Upright Klipsun Vineyard Merlot (Red Mountain),Sean P. Sullivan,39.0,Merlot,90,49
US,Raphael 2014 Virgin Berry Riesling (North Fork of Long Island),Anna Lee C. Iijima,26.0,Riesling,90,50
Portugal,Casa de Vilacetinho 2013 Bruto Avesso (Vinho Verde),Roger Voss,30.0,Avesso,87,51
US,Sequum 2013 Four Soil Mélange Cabernet Sauvignon (Napa Valley),Virginie Boone,60.0,Cabernet Sauvignon,90,52
Portugal,Maritávora 2009 Reserva Branco White (Douro),Roger Voss,60.0,Portuguese White,90,53
France,Fournier Père et Fils 2006 Les Belles Vignes  (Sancerre),Roger Voss,22.0,Sauvignon Blanc,88,54
US,Quiévremont 2012 Vin de Maison Red (Virginia),Alexander Peartree,23.0,Red Blend,87,55
France,Domaine Poulleau Père et Fils 2014  Chorey-lès-Beaune,Roger Voss,40.0,Pinot Noir,85,56
US,Sierra Starr 2014 Rising Starr Estate Bottled Cabernet Franc (Nevada County),Jim Gordon,28.0,Cabernet Franc,90,57
US,D.R. Stephens 2014 Silver Eagle Vineyard Pinot Noir (Sonoma Coast),Virginie Boone,75.0,Pinot Noir,91,58
Italy,Poggio Argentiera 2012 Capatosta  (Morellino di Scansano),Kerin O’Keefe,35.0,Red Blend,91,59
Italy,Marchesi Antinori 2015 Villa Antinori White (Toscana),Kerin O’Keefe,14.0,White Blend,87,60
Australia,Mitolo 2016 Jester Sangiovese Rosé (McLaren Vale),Joe Czerwinski,20.0,Rosé,86,61
France,Patriarche Père et Fils 2014  Coteaux Bourguignons,Roger Voss,10.0,Pinot Noir-Gamay,85,62
US,Barrister 2012 Sagemoor Cabernet Sauvignon (Columbia Valley (WA)),Sean P. Sullivan,35.0,Cabernet Sauvignon,90,63
Chile,Estampa 2011 Estate Viognier-Chardonnay (Colchagua Valley),Michael Schachner,15.0,Viognier-Chardonnay,86,64
Portugal,Casca Wines 2015 Bote Chardonnay-Fernão Pires-Vital White (Lisboa),Roger Voss,8.0,Portuguese White,85,65
Germany,Robert Weil 2014 Kiedrich Gräfenberg Beerenauslese Riesling (Rheingau),Anna Lee C. Iijima,365.0,Riesling,96,66
France,Domaine Jeannin-Naltet 2014 Le Clos l'Evêque Premier Cru  (Mercurey),Roger Voss,60.0,Pinot Noir,91,67
US,Wölffer 2013 Caya Cabernet Franc (Long Island),Anna Lee C. Iijima,35.0,Cabernet Franc,89,68
US,Limerick Lane 2013 Hail Mary Syrah-Grenache (Russian River Valley),Virginie Boone,48.0,Syrah-Grenache,93,69
US,Beaver Creek 2008 Fairytale Red (Napa Valley),Virginie Boone,39.0,Red Blend,89,70
Australia,McWilliam's Hanwood Estate 2008 Cabernet Sauvignon (South Eastern Australia),Joe Czerwinski,11.0,Cabernet Sauvignon,87,71
Chile,Aresti 2008 Estate Selection Sauvignon Blanc (Curicó Valley),Michael Schachner,13.0,Sauvignon Blanc,85,72
US,Quady North 2011 Steel-Ox Viognier (Rogue Valley),Sean P. Sullivan,25.0,Viognier,87,73
Australia,Chambers Rosewood Vineyards NV Rare Muscadelle (Rutherglen),Joe Czerwinski,350.0,Muscadelle,98,74
US,Paul O'Brien 2014 Bradley Vineyard Pinot Noir (Umpqua Valley),Paul Gregutt,45.0,Pinot Noir,91,75
Spain,Pata Negra NV Brut Sparkling (Cava),Michael Schachner,15.0,Sparkling Blend,86,76
Germany,Weingut Hans Bausch 2011 Hattenheimer Hassel Auslese Riesling (Rheingau),Anna Lee C. Iijima,66.0,Riesling,95,77
US,Brian Carter Cellars 2012 Tuttorosso Red (Yakima Valley),Sean P. Sullivan,34.0,Red Blend,90,78
US,Lucas Vineyards 2007 Vignoles (Finger Lakes),Susan Kostrzewa,11.0,Vignoles,86,79
Spain,Finca del Marquesado 2013 Crianza  (Rioja),Michael Schachner,18.0,Tempranillo Blend,87,80
US,Midnight 2013 Starlight Sangiovese (Paso Robles),Matt Kettmann,36.0,Sangiovese,89,81
South Africa,Goats do Roam Wine Co. 2008 Goat-Roti Syrah-Viognier (Coastal Region),Lauren Buzzeo,20.0,Syrah-Viognier,89,82
US,Pride Mountain 2012 Cabernet Franc (Sonoma County),Virginie Boone,65.0,Cabernet Franc,91,83
Germany,Dr. Loosen 2011 Wehlener Sonnenuhr Kabinett Riesling (Mosel),Anna Lee C. Iijima,27.0,Riesling,92,84
US,Las Positas 2014 Verdigris White (California),Jim Gordon,30.0,White Blend,89,85
Argentina,El Esteco 2015 Don David Reserve Torrontés (Calchaquí Valley),Michael Schachner,17.0,Torrontés,85,86
US,Savage Grace 2016 Orange Oak Ridge Vineyard Gewürztraminer (Columbia Gorge (WA)),Sean P. Sullivan,26.0,Gewürztraminer,89,87
France,Bertrand Ambroise 2006  St.-Romain,Roger Voss,35.0,Chardonnay,87,88
Australia,Torbreck 2013 Cuvee Juveniles Red (Barossa Valley),Joe Czerwinski,22.0,Red Blend,90,89
Italy,Borgogno F.lli Serio e Battista 2012  Barolo,Kerin O’Keefe,35.0,Nebbiolo,87,90
France,Vranken NV Demoiselle Tête de Cuvée Brut  (Champagne),Roger Voss,40.0,Champagne Blend,85,91
South Africa,Oldenburg 2013 Chardonnay (Stellenbosch),Lauren Buzzeo,25.0,Chardonnay,90,92
US,Camaraderie 2009 Clifton Vineyard Syrah (Wahluke Slope),Paul Gregutt,28.0,Syrah,87,93
US,J. Scott Cellars 2015 Albariño (Oregon),Paul Gregutt,18.0,Albariño,90,94
France,Henry Fessy 2015  Régnié,Roger Voss,18.0,Gamay,88,95
US,MICA Cellars 2009 Babcock Vineyard Cabernet Franc (Suisun Valley),Virginie Boone,30.0,Cabernet Franc,87,96
France,Château Maison Noble Saint Martin 2015 Château Jean de Bel Air  (Bordeaux),Roger Voss,15.0,Bordeaux-style Red Blend,89,97
Chile,De Martino 1999 Reserva de la Familia Carmenère (Maipo Valley),Michael Schachner,10.0,Carmenère,88,98
US,Insania 2009 Red (Red Mountain),Paul Gregutt,35.0,Red Blend,87,99
US,Prospect 772 2014 The Brat Grenache (Calaveras County),Jim Gordon,36.0,Grenache,91,100
Spain,Rafael Cambra 2012 Soplo Garnacha Tintorera (Valencia),Michael Schachner,15.0,Garnacha Tintorera,90,101
US,Vincent Vineyards 2012 Family Reserve Cabernet Sauvignon (Santa Ynez Valley),Matt Kettmann,68.0,Cabernet Sauvignon,91,102
Portugal,Casa Santa Vitória 2013 Grande Reserva Tinto Red (Alentejano),Roger Voss,26.0,Portuguese Red,91,103
Portugal,Quinta do Vallado 2010 Reserva Branco White (Douro),Roger Voss,50.0,Portuguese White,90,104
Austria,Eschenhof Holzer 2015 Altweingarten Grüner Veltliner (Wagram),Anne Krebiehl MW,12.0,Grüner Veltliner,88,105
France,Château Corbin 2014 Divin de Corbin  (Saint-Émilion),Roger Voss,35.0,Bordeaux-style Red Blend,90,106
US,Pull 2012 BDX Red (Paso Robles),Matt Kettmann,18.0,Bordeaux-style Red Blend,87,107
US,Piña 2013 Wolff Vineyard Cabernet Sauvignon (Yountville),Virginie Boone,85.0,Cabernet Sauvignon,87,108
US,ONX 2013 Reckoning Red (Templeton Gap District),Matt Kettmann,54.0,Red Blend,93,109
France,Domaines Schlumberger 2012 Kessler Grand Cru Pinot Gris (Alsace),Anne Krebiehl MW,30.0,Pinot Gris,92,110
Australia,Sidewood 2014 Sauvignon Blanc (Adelaide Hills),Joe Czerwinski,18.0,Sauvignon Blanc,87,111
France,Lavau 2015 La Decelle Red,Joe Czerwinski,20.0,Rhône-style Red Blend,89,112
Mexico,Monte Xanic 2012 Viña Kristel Sauvignon Blanc (Valle de Guadalupe),Michael Schachner,15.0,Sauvignon Blanc,87,113
US,Louis M. Martini 2012 Cabernet Sauvignon (Alexander Valley),Virginie Boone,34.0,Cabernet Sauvignon,87,114
US,Sevtap 2015 Golden Horn Sauvignon Blanc (Santa Ynez Valley),Matt Kettmann,26.0,Sauvignon Blanc,86,115
France,Roland Champion NV Brut Rosé  (Champagne),Roger Voss,58.0,Champagne Blend,86,116
US,Silvan Ridge 2006 Reserve Pinot Noir (Willamette Valley),Paul Gregutt,28.0,Pinot Noir,85,117
US,Greenwood Ridge 2013 Estate Bottled Syrah (Mendocino Ridge),Jim Gordon,29.0,Syrah,90,118
Italy,Tenuta San Giorgio 2012 Ciampoleto  (Rosso di Montalcino),Kerin O’Keefe,28.0,Sangiovese,86,119
US,Tumwater 2014 Prince Hill Vineyard Reserve Pinot Noir (Dundee Hills),Paul Gregutt,55.0,Pinot Noir,91,120
South Africa,Hartenberg 2007 Cabernet Sauvignon (Stellenbosch),Lauren Buzzeo,35.0,Cabernet Sauvignon,89,121
US,Paradise Ridge 2012 Rockpile Vineyard Cabernet Sauvignon (Rockpile),Virginie Boone,65.0,Cabernet Sauvignon,90,122
US,Bunnell 2011 ALX Syrah (Columbia Valley (WA)),Sean P. Sullivan,42.0,Syrah,90,123
South Africa,Graham Beck 2007 The William Red (Coastal Region),Lauren Buzzeo,18.0,Red Blend,89,124
France,Château Riotor 2014 Rosé (Côtes de Provence),Roger Voss,17.0,Rosé,91,125
New Zealand,Dry River 2013 Pinot Noir (Martinborough),Joe Czerwinski,120.0,Pinot Noir,91,126
US,Kynsi 1999 Paragon Vineyard Pinot Noir (Edna Valley),Roger Voss,25.0,Pinot Noir,88,127
Italy,Valentina Cubi 2008 Morar  (Amarone della Valpolicella),Kerin O’Keefe,69.0,Red Blend,92,128
France,Bernard Magrez 2012 La Sérénité des Grands Chênes  (Médoc),Roger Voss,30.0,Bordeaux-style Red Blend,90,129
Argentina,Gaucho Andino 2011 Winemaker Selection Malbec (Mendoza),Michael Schachner,13.0,Malbec,87,130
US,Armida 2013 Tina's Block Maple Vineyard Zinfandel (Dry Creek Valley),Virginie Boone,48.0,Zinfandel,92,131
Italy,San Michele Eppan 2002 Sanct Valentin Gewürztraminer (Alto Adige),Roger Voss,30.0,Gewürztraminer,88,132
Italy,Cantine di Marzo NV Anni Venti Metodo Classico  (Greco di Tufo),Kerin O’Keefe,30.0,Greco,87,133
US,Beringer 2014 Quantum Red (Napa Valley),Virginie Boone,65.0,Red Blend,91,134
Austria,Winzer Krems 2015 Rosé Zweigelt (Niederösterreich),Anne Krebiehl MW,12.0,Zweigelt,89,135
US,Stevens 2016 StevensSteel Chardonnay (Yakima Valley),Sean P. Sullivan,25.0,Chardonnay,89,136
US,Le Cadeau 2011 Blanc de Noir Sparkling (Oregon),Paul Gregutt,50.0,Sparkling Blend,91,137
US,Flying Cloud 2014 Cabernet Sauvignon (Paso Robles),Matt Kettmann,20.0,Cabernet Sauvignon,88,138
Argentina,Benegas 2011 Benegas Lynch La Encerrada Estate Vineyard Malbec (Mendoza),Michael Schachner,55.0,Malbec,93,139
US,Kirkland Signature 2011 Mountain Cuvée Cabernet Sauvignon (Napa Valley),Virginie Boone,19.0,Cabernet Sauvignon,87,140
Italy,Borgo Conventi 2002 I Fiori del Borgo Sauvignon Blanc (Collio),Roger Voss,15.0,Sauvignon Blanc,88,141
Italy,Canicattì 2009 Aynat Nero d'Avola (Sicilia),Kerin O’Keefe,35.0,Nero d'Avola,87,142
Chile,Viña Tarapacá 2015 Gran Reserva Chardonnay (Leyda Valley),Michael Schachner,19.0,Chardonnay,80,143
US,Cuda Ridge Wines 2013 Melange d'Amis Reserve Red (Livermore Valley),Jim Gordon,55.0,Bordeaux-style Red Blend,87,144
US,Mont Sec 2015 Mont Sec Vineyards Viognier (Texas),Alexander Peartree,14.0,Viognier,85,145
France,Château Pavillon de Boyrein 2006  Graves,Roger Voss,11.0,Bordeaux-style Red Blend,85,146
US,Turiya 2011 Shapeshifter Red (Central Coast),Matt Kettmann,100.0,Red Blend,93,147
France,Georges Duboeuf 2013 Flower Label  (Beaujolais),Roger Voss,12.0,Gamay,86,148
Romania,Cramele Recas 2009 Chardonnay (Recas),Anna Lee C. Iijima,7.0,Chardonnay,87,149
US,Efeste 2014 Lola Evergreen Vineyard Chardonnay (Ancient Lakes),Sean P. Sullivan,35.0,Chardonnay,90,150
US,Pull 2013 Chardonnay (Paso Robles),Matt Kettmann,18.0,Chardonnay,87,151
Argentina,Proemio 2009 Gran Reserve Winemaker's Selection Red (Mendoza),Michael Schachner,30.0,Red Blend,87,152
Italy,Deltetto 2012 Bussia  (Barolo),Kerin O’Keefe,50.0,Nebbiolo,87,153
US,Frank Family 2013 Reserve Winston Hill Vineyard Sangiovese (Rutherford),Virginie Boone,65.0,Sangiovese,87,154
US,Prospect 772 2014 Stepping Stones Grenache Blanc (Santa Barbara County),Jim Gordon,27.0,Grenache Blanc,89,155
South Africa,Jardin 2009 Nine Yards Chardonnay (Stellenbosch),Lauren Buzzeo,40.0,Chardonnay,89,156
US,Donkey & Goat 2013 Perli Vineyards Syrah (Mendocino Ridge),Jim Gordon,42.0,Syrah,90,157
New Zealand,Carrick 2013 Unravelled Pinot Noir (Central Otago),Joe Czerwinski,30.0,Pinot Noir,91,158
US,MCV 2014 1105 Red (Paso Robles),Matt Kettmann,48.0,Red Blend,90,159
US,Heron Hill 2015 Ingle Vineyard Riesling (Finger Lakes),Anna Lee C. Iijima,20.0,Riesling,88,160
US,Flying Goat Cellars 2012 Rancho Santa Rosa Vineyard Pinot Noir (Sta. Rita Hills),Matt Kettmann,48.0,Pinot Noir,93,161
Spain,Luberri 2011 Seis  (Rioja),Michael Schachner,18.0,Tempranillo,89,162
US,Ferrari-Carano 2014 Siena Red (Sonoma County),Virginie Boone,23.0,Red Blend,88,163
France,Jean-Marc Bernhard 2013 Wineck-Schlossberg Grand Cru Riesling (Alsace),Anne Krebiehl MW,34.0,Riesling,92,164
Argentina,O. Fournier 2007 B Crux Red (Uco Valley),Michael Schachner,19.0,Red Blend,89,165
France,Château de Callac 2011  Graves,Roger Voss,20.0,Bordeaux-style Red Blend,89,166
France,Philippe Colin 2014 Les Chenevottes Premier Cru  (Chassagne-Montrachet),Roger Voss,110.0,Chardonnay,95,167
France,Pardon et Fils 2015 Les Quartelets  (Brouilly),Roger Voss,23.0,Gamay,87,168
France,Domaine Barmès-Buecher 2014 Rosenberg Sylvaner (Alsace),Anne Krebiehl MW,24.0,Sylvaner,90,169
US,Chronic Cellars 2013 Mr. Nibbles Red (Paso Robles),Matt Kettmann,35.0,Red Blend,91,170
Germany,Fritz Haag 2014 Brauneberger Feinherb Riesling (Mosel),Anna Lee C. Iijima,30.0,Riesling,91,171
US,Still Waters 2010 Malbec (Paso Robles),Matt Kettmann,28.0,Malbec,86,172
Spain,Vinos de Arganza 2013 Marqués de Montejos Selección Mencía (Vino de la Tierra de Castilla y León),Michael Schachner,42.0,Mencía,89,173
Italy,Bel Colle 2012 Simposio  (Barolo),Kerin O’Keefe,60.0,Nebbiolo,95,174
Portugal,Quinta dos Avidagos 2011 Avidagos Red (Douro),Roger Voss,15.0,Portuguese Red,87,175
France,Yvon Mau 2007 Premius Bordeaux Sauvignon  (Bordeaux Blanc),Roger Voss,10.0,Sauvignon Blanc,85,176
US,Fenestra 2010 Silvaspoons Vineyard Verdelho (Lodi),Virginie Boone,15.0,Verdelho,87,177
US,Carabella 2013 Estate Pinot Noir (Chehalem Mountains),Paul Gregutt,40.0,Pinot Noir,90,178
France,Château de Campuget 2016 Tradition Rosé (Costières de Nîmes),Joe Czerwinski,11.0,Rosé,89,179
US,Macari 2010 Cuvée Gabriella Brut Rosé Sparkling (North Fork of Long Island),Anna Lee C. Iijima,35.0,Sparkling Blend,89,180
US,Beacon Hill 2013 Chehalem Mountain Vineyard Pinot Noir (Chehalem Mountains),Paul Gregutt,85.0,Pinot Noir,90,181
France,Château Vincens 2012 Malbec (Cahors),Roger Voss,35.0,Malbec,91,182
Hungary,Oremus 2005 Eszencia  (Tokaji),Jeff Jenssen,320.0,Furmint,96,183
US,Cobb 2012 Emmaline Ann Vineyard Pinot Noir (Sonoma Coast),Virginie Boone,75.0,Pinot Noir,90,184
US,Raptor Ridge 2012 Estate Grüner Veltliner (Chehalem Mountains),Paul Gregutt,20.0,Grüner Veltliner,87,185
Austria,Kohl 2015 Kittl Grüner Veltliner (Weinviertel),Anne Krebiehl MW,23.0,Grüner Veltliner,89,186
Portugal,Herdade Grande 2010 Gerações Colheita Seleccionada Red (Alentejano),Roger Voss,34.0,Portuguese Red,92,187
Argentina,El Enemigo 2012 Bonarda (Mendoza),Michael Schachner,30.0,Bonarda,91,188
US,J. Lohr 2014 Gesture G-S-M (Paso Robles),Matt Kettmann,30.0,G-S-M,90,189
Spain,Marqués de Murrieta 2010 Capellanía Viura (Rioja),Michael Schachner,28.0,Viura,92,190
France,Bruno Paillard 2002 Assemblage Brut  (Champagne),Roger Voss,101.0,Champagne Blend,92,191
US,Brennan 2014 Super Nero Nero d'Avola (Texas),Alexander Peartree,30.0,Nero d'Avola,87,192
US,Lamoreaux Landing 2013 Yellow Dog Vineyard Riesling (Finger Lakes),Anna Lee C. Iijima,20.0,Riesling,86,193
US,McGregor 2007 Dry Gewürztraminer (Finger Lakes),Susan Kostrzewa,20.0,Gewürztraminer,85,194
France,JCB 2014 No. 5 Rosé (Côtes de Provence),Roger Voss,25.0,Rosé,91,195
US,Chehalem 2012 Stoller Vineyards Pinot Blanc (Dundee Hills),Paul Gregutt,29.0,Pinot Blanc,92,196
Germany,Wittmann 2011 Westhofen Morstein GG Trocken Riesling (Rheinhessen),Anna Lee C. Iijima,115.0,Riesling,92,197
US,Basel Cellars 2013 Inspired Red (Columbia Valley (WA)),Sean P. Sullivan,46.0,Bordeaux-style Red Blend,86,198
Chile,San Pedro 2002 Castillo de Molina Reserva Chardonnay (Lontué Valley),Michael Schachner,11.0,Chardonnay,87,199
Spain,Acústic 2010 Braó Vinyes Velles Carignan-Grenache (Montsant),Michael Schachner,40.0,Carignan-Grenache,92,200
Australia,Yalumba 2006 Patchwork Shiraz (Barossa),Joe Czerwinski,18.0,Shiraz,88,201
Spain,Juvé y Camps NV Cinta Púrpura Brut Reserva Sparkling (Cava),Michael Schachner,13.0,Sparkling Blend,86,202
US,Yardstick 2013 Ruth's Reach Cabernet Sauvignon (Napa Valley),Virginie Boone,25.0,Cabernet Sauvignon,91,203
Spain,Spyro 2014 Albariño (Rías Baixas),Michael Schachner,16.0,Albariño,86,204
Portugal,Real Companhia Velha 2014 Evel Tinto Red (Douro),Roger Voss,13.0,Portuguese Red,87,205
US,Carica 2015 Ritchie Vineyard Sauvignon Blanc (Russian River Valley),Virginie Boone,24.0,Sauvignon Blanc,87,206
France,Lassègue 2003  Saint-Émilion,Joe Czerwinski,50.0,Bordeaux-style Red Blend,91,207
Austria,Landhaus Mayer 2016 Riesling (Niederösterreich),Anne Krebiehl MW,16.0,Riesling,89,208
US,Leonesse Cellars 2007 Signature Selection Syrah (Temecula Valley),Virginie Boone,70.0,Syrah,90,209
France,Domaine Michel Goubard 2014 Mont-Avril  (Côte Chalonnaise),Roger Voss,22.0,Pinot Noir,85,210
US,Four Lanterns 2013 Fire Light Syrah (Paso Robles),Matt Kettmann,62.0,Syrah,93,211
France,Vignobles 46N118 2007 Noir 46 Malbec (Cahors),Roger Voss,13.0,Malbec,89,212
Italy,Bellavista 2006 Gran Cuvée Pas Operé Sparkling (Franciacorta),Kerin O’Keefe,50.0,Sparkling Blend,92,213
US,St. Supéry 2013 Rutherford Estate Vineyard Cabernet Sauvignon (Rutherford),Virginie Boone,125.0,Cabernet Sauvignon,90,214
Portugal,Cortes de Cima 2015 Rosé (Alentejano),Roger Voss,22.0,Rosé,85,215
US,Vine Cliff 2014 Chardonnay (Los Carneros),Virginie Boone,40.0,Chardonnay,87,216
France,Domaine St Pierre 2014 Red (Côtes du Rhône),Joe Czerwinski,16.0,Rhône-style Red Blend,90,217
US,Dutton-Goldfield 2014 Dutton Ranch Pinot Noir (Russian River Valley),Virginie Boone,44.0,Pinot Noir,91,218
US,Chessman 2014 Cabernet Sauvignon (Santa Ynez Valley),Matt Kettmann,20.0,Cabernet Sauvignon,90,219
US,West of Temperance 2012 Rio Vista Vineyard Pinot Noir (Sta. Rita Hills),Matt Kettmann,45.0,Pinot Noir,90,220
Argentina,Kaiken 2008 Corte Malbec-Bonarda-Petit Verdot Red (Mendoza),Michael Schachner,14.0,Red Blend,89,221
US,Nadia 2012 Quattro Santa Barbara Highlands Vineyard Red (Santa Barbara County),Matt Kettmann,35.0,Red Blend,91,222
Italy,Sturm 2014 Sauvignon (Collio),Kerin O’Keefe,24.0,Sauvignon,92,223
France,Château de Pressac 2014 Les Terrasses de Pressac  (Saint-Émilion),Roger Voss,37.0,Bordeaux-style Red Blend,89,224
US,Covington 2006 Rough House Red Red (Walla Walla Valley (WA)),Paul Gregutt,30.0,Red Blend,85,225
US,Chateau Lafayette Reneau 2016 Pinot Noir Rosé (Finger Lakes),Anna Lee C. Iijima,17.0,Rosé,89,226
South Africa,Cape View 2011 Chenin Blanc (Stellenbosch),Lauren Buzzeo,12.0,Chenin Blanc,87,227
US,Rex Hill 2014 Sims Vineyard Pinot Noir (Willamette Valley),Paul Gregutt,55.0,Pinot Noir,91,228
Argentina,Domaine Bousquet 2015 Reserve Pinot Gris (Tupungato),Michael Schachner,15.0,Pinot Gris,87,229
Israel,Yatir 2011 Syrah (Judean Hills),Mike DeSimone,50.0,Syrah,90,230
US,Va Piano 2012 Cabernet Sauvignon (Walla Walla Valley (WA)),Sean P. Sullivan,45.0,Cabernet Sauvignon,90,231
Italy,Terlan 2014 Nova Domus Riserva White (Alto Adige),Kerin O’Keefe,62.0,White Blend,90,232
Germany,Reichsgraf von Kesselstatt 2014 Brauneberger Juffer-Sonnenuhr Spätlese Grosse Lage Riesling (Mosel),Anna Lee C. Iijima,34.0,Riesling,92,233
US,Sparkman 2009 Stella Mae Red (Red Mountain),Paul Gregutt,45.0,Bordeaux-style Red Blend,87,234
US,Acrobat 2013 Pinot Noir (Oregon),Paul Gregutt,20.0,Pinot Noir,87,235
US,Amity 2006 Estate Single Vineyard Pinot Noir (Willamette Valley),Paul Gregutt,45.0,Pinot Noir,85,236
Chile,La Playa 2012 Block Selection Reserve Block N. 10 Merlot (Colchagua Valley),Michael Schachner,12.0,Merlot,86,237
US,Domaine Serene 2010 Evenstad Reserve Pinot Noir (Willamette Valley),Paul Gregutt,65.0,Pinot Noir,92,238
Argentina,Antonio Mas 2011 Roll Fermentor Malbec (Tupungato),Michael Schachner,175.0,Malbec,87,239
US,Mirassou 2012 Chardonnay (Central Coast),Matt Kettmann,12.0,Chardonnay,87,240
France,Chanoine NV Tzarina No 1 Brut  (Champagne),Roger Voss,100.0,Champagne Blend,92,241
US,Ruby 2015 Steve's Reserve Pinot Noir (Chehalem Mountains),Paul Gregutt,65.0,Pinot Noir,91,242
Italy,Stemmari 2013 Nero d'Avola (Terre Siciliane),Kerin O’Keefe,10.0,Nero d'Avola,87,243
US,Casa Larga 2008 Fiori Delle Stelle Ice Wine Cabernet Franc (Finger Lakes),Anna Lee C. Iijima,75.0,Cabernet Franc,87,244
France,Domaine du Tariquet 2007 Ugni Blanc-Colombard (Vin de Pays des Côtes de Gascogne),Roger Voss,9.0,Ugni Blanc-Colombard,85,245
US,Mellisoni 2014 Malbec (Columbia Valley (WA)),Sean P. Sullivan,55.0,Malbec,86,246
Italy,Boffa 2013 Pajè  (Barbaresco),Kerin O’Keefe,50.0,Nebbiolo,87,247
Italy,Montresor 2001  Bianco di Custoza,Joe Czerwinski,11.0,Garganega,88,248
France,André Brunel 2014 Domaine de la Becassonne White (Côtes du Rhône),Joe Czerwinski,19.0,Rhône-style White Blend,88,249
France,Domaine du Haut-Poncié 2013 Roche Grès  (Moulin-à-Vent),Roger Voss,23.0,Gamay,86,250
US,Rascal 2014 Pinot Noir (Oregon),Paul Gregutt,13.0,Pinot Noir,85,251
US,Guardian 2013 Confidential Source Merlot (Columbia Valley (WA)),Sean P. Sullivan,30.0,Merlot,89,252
US,Patton Valley 2010 Lorna Marie Pinot Noir (Willamette Valley),Paul Gregutt,70.0,Pinot Noir,92,253
US,Mounts 2014 Verah Red (Dry Creek Valley),Virginie Boone,36.0,Rhône-style Red Blend,90,254
Germany,Fritz Haag 2014 Riesling (Mosel),Anna Lee C. Iijima,22.0,Riesling,91,255
Argentina,Domaine Bousquet 2015 Cabernet Sauvignon (Tupungato),Michael Schachner,14.0,Cabernet Sauvignon,85,256
US,Big Basin 2014 Coastview Vineyard Chardonnay (Monterey County),Matt Kettmann,48.0,Chardonnay,91,257
US,Trione 2012 Henry's Blend Red (Alexander Valley),Virginie Boone,54.0,Bordeaux-style Red Blend,89,258
Germany,Carl Graff 2014 Graacher Himmelreich Spätlese Riesling (Mosel),Anna Lee C. Iijima,14.0,Riesling,91,259
US,Quady North 2011 Bomba Grenache (Rogue Valley),Sean P. Sullivan,25.0,Grenache,87,260
US,Cherry Hill 2006 Papillon Estate Pinot Noir (Willamette Valley),Paul Gregutt,22.0,Pinot Noir,85,261
France,Jeaunaux-Robin NV Brut Zéro Sélection  (Champagne),Roger Voss,42.0,Champagne Blend,91,262
US,Vintage Cowboy 2016 Chardonnay (Paso Robles),Matt Kettmann,17.0,Chardonnay,89,263
US,Z'IVO 2015 Rosé of Pinot Noir (Eola-Amity Hills),Paul Gregutt,25.0,Pinot Noir,86,264
France,Château d'Esclans 2013 Les Clans Rosé (Côtes de Provence),Roger Voss,65.0,Rosé,91,265
Australia,Chambers Rosewood Vineyards NV Rare Muscat (Rutherglen),Joe Czerwinski,350.0,Muscat,100,266
US,Milbrandt 2013 The Estates Clifton Hill Vineyard Syrah (Wahluke Slope),Sean P. Sullivan,42.0,Syrah,89,267
US,Quiévremont 2012 Meritage (Virginia),Alexander Peartree,32.0,Meritage,87,268
Italy,Pecchenino 2013 Siri d'Jermu  (Dogliani Superiore),Kerin O’Keefe,35.0,Dolcetto,90,269
South Africa,Ken Forrester 2011 Petit Chenin Blanc (Western Cape),Lauren Buzzeo,12.0,Chenin Blanc,87,270
Italy,Tommasi 2001 Vigneto Santa Cecilia Chardonnay (Valdadige),Joe Czerwinski,9.0,Chardonnay,88,271
US,Array 2012 Dijon Clone Chardonnay (Yakima Valley),Sean P. Sullivan,32.0,Chardonnay,90,272
France,Cave de Beblenheim 2009 Baron de Hoen Riesling (Alsace),Roger Voss,12.0,Riesling,87,273
Portugal,Santos & Seixo 2014 Santos da Casa Tinto Red (Alentejano),Roger Voss,15.0,Portuguese Red,87,274
US,Erath 2009 Bishop Creek Pinot Noir,Paul Gregutt,50.0,Pinot Noir,89,275
Italy,Castello di Gabbiano 2012 Bellezza Gran Selezione  (Chianti Classico),Kerin O’Keefe,38.0,Sangiovese,91,276
France,Château Bel-Air Ortet 2009  Saint-Estèphe,Roger Voss,35.0,Bordeaux-style Red Blend,90,277
France,Kiwi Cuvée 2014 Bin 068 Chardonnay (Vin de France),Lauren Buzzeo,10.0,Chardonnay,85,278
US,R2 2013 Camp 4 Vineyard Grenache Blanc (Santa Ynez Valley),Matt Kettmann,25.0,Grenache Blanc,87,279
US,Willamette Valley Vineyards 2009 Estate Pinot Noir (Willamette Valley),Paul Gregutt,40.0,Pinot Noir,89,280
France,Philippe Fontaine NV Brut Prestige  (Champagne),Roger Voss,69.0,Champagne Blend,92,281
Chile,G7 2012 Reserva Estate Bottled Cabernet Sauvignon (Loncomilla Valley),Michael Schachner,10.0,Cabernet Sauvignon,86,282
Italy,Marchesi di Barolo 2009 Riserva  (Barolo),Kerin O’Keefe,102.0,Nebbiolo,85,283
US,Dutton Estate 2013 Cohen Vineyard Dutton Ranch Sauvignon Blanc (Russian River Valley),Virginie Boone,23.0,Sauvignon Blanc,91,284
US,Casa Dumetz 2014 Larner Grenache (Ballard Canyon),Matt Kettmann,42.0,Grenache,90,285
France,Château Cap Saint-Martin 2014  Blaye Côtes de Bordeaux,Roger Voss,18.0,Bordeaux-style Red Blend,87,286
France,Château Ségonzac 2014 Vieilles Vignes  (Blaye Côtes de Bordeaux),Roger Voss,14.0,Bordeaux-style Red Blend,87,287
Italy,Terre di Giurfo 2013 Belsito Frappato (Vittoria),Kerin O’Keefe,16.0,Frappato,87,288
New Zealand,Kono 2008 Sauvignon Blanc (Marlborough),Joe Czerwinski,9.0,Sauvignon Blanc,85,289
France,Vignerons des Terres Secrètes 2015  Mâcon-Milly Lamartine,Roger Voss,15.0,Chardonnay,86,290
France,Sipp Mack 2014 Rosacker Grand Cru Riesling (Alsace),Anne Krebiehl MW,43.0,Riesling,92,291
US,Chehalem 2015 Stoller Vineyards Pinot Blanc (Dundee Hills),Paul Gregutt,29.0,Pinot Blanc,87,292
Argentina,Finca Las Moras 2007 Reserve Chardonnay (San Juan),Michael Schachner,12.0,Chardonnay,85,293
Spain,Pradorey 2010 Vendimia Seleccionada Finca Valdelayegua Single Vineyard Crianza  (Ribera del Duero),Michael Schachner,28.0,Tempranillo Blend,87,294
France,Collet NV Brut Rosé  (Champagne),Roger Voss,55.0,Champagne Blend,86,295
US,Archgate Cellars 2014 Reserve Bottling Cabernet Sauvignon (Lodi),Jim Gordon,15.0,Cabernet Sauvignon,87,296
Argentina,Graffigna 2012 Grand Reserve Malbec (San Juan),Michael Schachner,20.0,Malbec,87,297
US,Sweet Cheeks 2012 Vintner's Reserve Wild Child Block Pinot Noir (Willamette Valley),Paul Gregutt,65.0,Pinot Noir,87,298
Portugal,Quinta de Paços 2015 Casa de Paços Rosé (Vinho Verde),Roger Voss,9.0,Rosé,85,299
US,Stags' Leap Winery 2012 Petite Sirah (Napa Valley),Virginie Boone,45.0,Petite Sirah,90,300
France,Henri de Villamont 2010 Les Chatelots Premier Cru  (Chambolle-Musigny),Roger Voss,73.0,Pinot Noir,92,301
US,Keuka Spring 2013 Pre-Emption Vineyard Gewürztraminer (Finger Lakes),Anna Lee C. Iijima,22.0,Gewürztraminer,86,302
Australia,Yeringberg 2013 Viognier (Yarra Valley),Joe Czerwinski,60.0,Viognier,92,303
Italy,Diego Conterno 2012 Ginestra  (Barolo),Kerin O’Keefe,50.0,Nebbiolo,87,304
US,Pomum 2014 Upland Vineyard Riesling (Snipes Mountain),Sean P. Sullivan,16.0,Riesling,89,305
Italy,Tenuta Forconi 2013 Toscano Red (Toscana),Kerin O’Keefe,80.0,Red Blend,87,306
Italy,Revello Fratelli 2012 Rocche dell'Annunziata  (Barolo),Kerin O’Keefe,89.0,Nebbiolo,89,307
US,The Grapes of Roth 2014 Dry Riesling (Long Island),Anna Lee C. Iijima,26.0,Riesling,90,308
Australia,Chambers Rosewood Vineyards NV Grand Muscat (Rutherglen),Joe Czerwinski,100.0,Muscat,97,309
Italy,Terre di Giurfo 2011 Mascaria Barricato  (Cerasuolo di Vittoria),Kerin O’Keefe,17.0,Red Blend,87,310
France,Château Haut-Logat 2014  Haut-Médoc,Roger Voss,45.0,Bordeaux-style Red Blend,90,311
Chile,Cono Sur 2008 Visión Pinot Noir (Colchagua Valley),Michael Schachner,15.0,Pinot Noir,85,312
Portugal,Solar de Pinheiro 2012 Paço de São Lourenço White (Vinho Verde),Roger Voss,12.0,Portuguese White,87,313
US,Eco Terreno 2013 Old Vine Cabernet Sauvignon (Alexander Valley),Virginie Boone,40.0,Cabernet Sauvignon,86,314
US,Le Cadeau 2015 Équinoxe Pinot Noir (Willamette Valley),Paul Gregutt,50.0,Pinot Noir,91,315
US,Rochioli 2014 South River Chardonnay (Russian River Valley),Virginie Boone,68.0,Chardonnay,96,316
Chile,Tres Palacios 2011 Reserve Pinot Noir (Maipo Valley),Michael Schachner,13.0,Pinot Noir,85,317
Portugal,Quinta de Foz de Arouce 2013 Red (Beira Atlantico),Roger Voss,20.0,Portuguese Red,90,318
Australia,Torbreck 2012 Descendant Shiraz-Viognier (Barossa Valley),Joe Czerwinski,125.0,Shiraz-Viognier,95,319
Italy,Travaglini 2014 Nebbiolo (Coste della Sesia),Kerin O’Keefe,23.0,Nebbiolo,87,320
US,Midsummer Cellars 2013 Cañon Creek Vineyard Cabernet Sauvignon (Napa Valley),Virginie Boone,75.0,Cabernet Sauvignon,93,321
US,St. Amant 2013 Lodi Native Marian's Vineyard Zinfandel (Mokelumne River),Jim Gordon,30.0,Zinfandel,92,322
US,Claiborne & Churchill 2014 Twin Creeks Estate Pinot Noir (Edna Valley),Matt Kettmann,42.0,Pinot Noir,93,323
Australia,Kangarilla Road 2012 Alluvial Fans Shiraz (McLaren Vale),Joe Czerwinski,35.0,Shiraz,92,324
US,Yorkville Cellars 2013 Rennie Vineyard Organic Grapes Petit Verdot (Yorkville Highlands),Jim Gordon,32.0,Petit Verdot,87,325
US,Esterlina 2009 Reserva Pinot Noir (Cole Ranch),Virginie Boone,55.0,Pinot Noir,89,326
France,Domaine Bott-Geyl 2012 Galets Oligocène Pinot Noir (Alsace),Anne Krebiehl MW,33.0,Pinot Noir,90,327
Chile,G7 2012 The 7th Generation Gran Reserva Estate Bottled Cabernet Sauvignon (Loncomilla Valley),Michael Schachner,20.0,Cabernet Sauvignon,91,328
France,Clos Troteligotte 2013 K-libre Chenin Blanc (Côtes du Lot),Roger Voss,30.0,Chenin Blanc,86,329
Argentina,Viña Cobos 2011 Marchiori Vineyard Block C2 Malbec (Perdriel),Michael Schachner,215.0,Malbec,92,330
France,Domaine Jacques Prieur 2014 Grèves Premier Cru  (Beaune),Roger Voss,117.0,Chardonnay,90,331
France,Château les Petits Arnauds 2014 Tradition  (Blaye Côtes de Bordeaux),Roger Voss,14.0,Bordeaux-style Red Blend,87,332
Italy,Comm. G. B. Burlotto 2011 Acclivi  (Barolo),Kerin O’Keefe,53.0,Nebbiolo,90,333
France,Château Vignelaure 2014 Rosé (Coteaux d'Aix-en-Provence),Roger Voss,20.0,Rosé,91,334
New Zealand,Akarua 2012 Bannockburn Pinot Noir (Central Otago),Joe Czerwinski,50.0,Pinot Noir,91,335
US,Amalie Robert 2012 i Pinot Noir (Willamette Valley),Paul Gregutt,38.0,Pinot Noir,87,336
Italy,Dosio 2012  Nebbiolo d'Alba,Kerin O’Keefe,30.0,Nebbiolo,86,337
US,Fess Parker 2013 Syrah (Santa Barbara County),Matt Kettmann,28.0,Syrah,90,338
Italy,Fattoria Sardi 2015 Rosato (Toscana),Kerin O’Keefe,19.0,Rosato,88,339
Spain,Agustí Torelló Mata 2015 XIC Xarel-lo (Penedès),Michael Schachner,16.0,Xarel-lo,87,340
US,Seven Hills 2013 McClellan Estate Vineyard Malbec (Walla Walla Valley (WA)),Sean P. Sullivan,30.0,Malbec,90,341
Australia,D'Arenberg 2006 The Derelict Vineyard Grenache (McLaren Vale),Joe Czerwinski,29.0,Grenache,85,342
US,WillaKenzie Estate 2013 Aliette Pinot Noir,Paul Gregutt,48.0,Pinot Noir,92,343
France,Domaine de la Bastide Blanche 2014 TwoB Rosé (Côtes de Provence),Roger Voss,20.0,Rosé,91,344
Argentina,Mendel 2014 Lunta Malbec (Luján de Cuyo),Michael Schachner,22.0,Malbec,90,345
France,Vollereaux 2007 Cuvée Marguerite Brut  (Champagne),Roger Voss,60.0,Champagne Blend,92,346
US,J. Christopher 2011 Bella Vida Vineyard Unfiltered Pinot Noir (Dundee Hills),Paul Gregutt,52.0,Pinot Noir,92,347
Portugal,Messias 2015 Santola White (Vinho Verde),Roger Voss,8.0,Portuguese White,85,348
US,Le Vigne 2014 Di Domenico Cabernet Sauvignon (Paso Robles),Matt Kettmann,38.0,Cabernet Sauvignon,91,349
France,Château Vignelaure 2015 Rosé (Coteaux d'Aix-en-Provence),Roger Voss,20.0,Rosé,93,350
Germany,Bex 2014 Riesling (Nahe),Anna Lee C. Iijima,10.0,Riesling,87,351
US,Jack's House 2013 Cabernet Sauvignon (California),Jim Gordon,16.0,Cabernet Sauvignon,85,352
Spain,Matarromera 2015 Fermentado en Barrica Verdejo (Rueda),Michael Schachner,40.0,Verdejo,90,353
France,Domaine du Grand Cros 2014 L'Esprit de Provence Rosé (Côtes de Provence),Roger Voss,20.0,Rosé,91,354
Argentina,Mendel 2015 Semillon (Mendoza),Michael Schachner,25.0,Sémillon,85,355
Spain,Marques de Griñon 2010 Single Vineyard Estate Bottled Graciano (Dominio de Valdepusa),Michael Schachner,50.0,Graciano,91,356
Australia,Torbreck 2012 RunRig Shiraz-Viognier (Barossa),Joe Czerwinski,225.0,Shiraz-Viognier,97,357
US,Friedeman 2013 Dichotomy Pinot Noir (Russian River Valley),Virginie Boone,32.0,Pinot Noir,91,358
US,Iron Hub 2014 Small Lot Chardonnay (Sierra Foothills),Jim Gordon,27.0,Chardonnay,90,359
US,Vincent Vineyards 2010 Family Reserve Cabernet Sauvignon (Santa Ynez Valley),Matt Kettmann,68.0,Cabernet Sauvignon,91,360
Austria,Winzer Krems 2016 GV Grüner Veltliner (Niederösterreich),Anne Krebiehl MW,13.0,Grüner Veltliner,89,361
US,Trinity River 2015 Chardonnay,Jim Gordon,18.0,Chardonnay,89,362
Chile,Conde de Velázquez 2012 Condesa Real Premium Blend Red (Aconcagua Valley),Michael Schachner,29.0,Red Blend,91,363
US,Hindsight 2012 Estate Grown Petite Sirah (Calistoga),Virginie Boone,55.0,Petite Sirah,86,364
France,Famille Perrin 2013 Les Christins Red (Vacqueyras),Joe Czerwinski,32.0,Rhône-style Red Blend,90,365
Italy,Brezza 2015  Dolcetto d'Alba,Kerin O’Keefe,15.0,Dolcetto,89,366
France,Château Saintongey 2014 Vieilles Vignes  (Bordeaux),Roger Voss,15.0,Bordeaux-style Red Blend,87,367
Chile,Aresti 2007 Reserva Merlot (Curicó Valley),Michael Schachner,18.0,Merlot,86,368
US,Leaping Horse 2013 Chardonnay (California),Jim Gordon,10.0,Chardonnay,86,369
Portugal,Sobredos 2012 Aneto Tinto Red (Douro),Roger Voss,12.0,Portuguese Red,90,370
France,Jean-Baptiste Adam 2012 Les Natures Pinot Gris (Alsace),Roger Voss,27.0,Pinot Gris,87,371
US,Finn Hill 2013 Soleil Sauvignon Blanc (Wahluke Slope),Sean P. Sullivan,18.0,Sauvignon Blanc,86,372
US,Souverain 2010 Chardonnay (North Coast),Virginie Boone,14.0,Chardonnay,85,373
France,Domaines Schlumberger 2010 Kitterlé Grand Cru Riesling (Alsace),Anne Krebiehl MW,36.0,Riesling,92,374
Italy,Fratelli Zeni 2000 Vigne Alte  (Bianco di Custoza),Joe Czerwinski,11.0,White Blend,88,375
US,Roederer Estate NV Brut Sparkling (Anderson Valley),Virginie Boone,23.0,Sparkling Blend,92,376
Spain,Manyana 2008 Tempranillo (Cariñena),Michael Schachner,9.0,Tempranillo,87,377
France,Les Vins Aujoux 2013 Belle Grâce  (Beaujolais-Villages),Roger Voss,15.0,Gamay,86,378
US,Felten Cellars 2013 Tempranillo (Paso Robles),Matt Kettmann,32.0,Tempranillo,85,379
Chile,Undurraga 2001 Reserva Merlot (Maipo Valley),Michael Schachner,12.0,Merlot,87,380
France,Gadais Père et Fils 2015 Domaine de la Vieille Cure Sur Lie  (Muscadet Sèvre et Maine),Roger Voss,14.0,Melon,88,381
US,Silvertip 2014 Unfiltered Estate Pinot Noir (Santa Cruz Mountains),Matt Kettmann,32.0,Pinot Noir,89,382
South Africa,Eikendal 2014 Chardonnay (Western Cape),Lauren Buzzeo,20.0,Chardonnay,90,383
France,Domaine Franck Besson 2014 Le Griottier  (Juliénas),Roger Voss,22.0,Gamay,90,384
France,Loup Blanc 2007 La Mère Grand Red (Minervois),Lauren Buzzeo,25.0,Rhône-style Red Blend,90,385
US,Truchard 2012 Estate Cabernet Sauvignon (Carneros),Virginie Boone,38.0,Cabernet Sauvignon,90,386
US,Del Carlo Winery 2014 Home Ranch Teldeschi Vineyards Century Old Vine Zinfandel (Dry Creek Valley),Virginie Boone,32.0,Zinfandel,90,387
US,Courtney Benham 2014 Cabernet Sauvignon (Napa Valley),Virginie Boone,25.0,Cabernet Sauvignon,90,388
Portugal,Wines & Winemakers 2015 Casa Ermelinda Freitas Monte de Baía Rosé (Península de Setúbal),Roger Voss,12.0,Rosé,85,389
Portugal,Fiuza 2015 Red (Tejo),Roger Voss,14.0,Tinta Miúda,87,390
Spain,Covila 2013 II Crianza  (Rioja),Michael Schachner,15.0,Tempranillo,87,391
US,Davis Family 2014 Starr Ridge Vineyard Pinot Noir (Russian River Valley),Virginie Boone,55.0,Pinot Noir,91,392
US,Stone The Crows 2013 Three Twins Vineyard Fallen Feather Cabernet Sauvignon (Napa Valley),Virginie Boone,75.0,Cabernet Sauvignon,92,393
Austria,Winzer Krems 2011 Kellermeister Privat Goldberg Grüner Veltliner (Kremstal),Roger Voss,18.0,Grüner Veltliner,87,394
Austria,Mariell 2009 Blaufränkisch (Leithaberg),Roger Voss,17.0,Blaufränkisch,89,395
US,Duckhorn 2012 Rector Creek Vineyard Merlot (Napa Valley),Virginie Boone,95.0,Merlot,91,396
France,Domaine Faiveley 2014  Gevrey-Chambertin,Roger Voss,70.0,Pinot Noir,90,397
Portugal,Adega Cooperativa de Borba 2012 Montes Claros Garrafeira Red (Alentejo),Roger Voss,28.0,Portuguese Red,90,398
US,Folin Cellars 2015 Estate Viognier (Rogue Valley),Paul Gregutt,27.0,Viognier,87,399
Australia,Kilikanoon 2009 Green's Vineyard Shiraz (Barossa Valley),Joe Czerwinski,70.0,Shiraz,92,400
Austria,Malat 2015 Crazy Creatures Grüner Veltliner (Kremstal),Anne Krebiehl MW,17.0,Grüner Veltliner,89,401
US,Dunbar 2012 Estate Grown Zinfandel (Sonoma Valley),Virginie Boone,32.0,Zinfandel,88,402
US,Alleromb 2014 La Reyna Blanca Vineyard Chardonnay (Columbia Valley (WA)),Sean P. Sullivan,38.0,Chardonnay,89,403
US,Dracaena 2013 Cabernet Franc (Paso Robles),Matt Kettmann,28.0,Cabernet Franc,91,404
South Africa,Jardin 2007 Syrah (Stellenbosch),Lauren Buzzeo,19.0,Syrah,89,405
US,Claudia Springs 2007 Zinfandel (Mendocino County),Virginie Boone,24.0,Zinfandel,87,406
Argentina,Tilia 2011 Malbec (Mendoza),Michael Schachner,11.0,Malbec,87,407
Italy,Ronco del Gelso 1999 Chardonnay (Friuli),Joe Czerwinski,21.0,Chardonnay,88,408
Austria,Steininger 2016 Grüner Veltliner (Kamptal),Anne Krebiehl MW,18.0,Grüner Veltliner,89,409
Spain,Fuentes 2008 Coraje Red (Priorat),Michael Schachner,44.0,Red Blend,90,410
New Zealand,Stoneleigh 2008 Sauvignon Blanc (Marlborough),Joe Czerwinski,19.0,Sauvignon Blanc,88,411
US,Berryessa Gap 2015 Albariño (Yolo County),Jim Gordon,25.0,Albariño,89,412
France,Château Mayne Vieil 2014  Fronsac,Roger Voss,17.0,Bordeaux-style Red Blend,90,413
US,Barnard Griffin 2014 Signature Cabernet Sauvignon (Columbia Valley (WA)),Sean P. Sullivan,17.0,Cabernet Sauvignon,90,414
US,Brennan 2015 Reddy Vineyard Roussanne (Texas High Plains),Alexander Peartree,18.0,Roussanne,87,415
Spain,Bellisco NV Sparkling (Cava),Michael Schachner,11.0,Sparkling Blend,82,416
Italy,Cascina Bruciata 2013  Barbaresco,Kerin O’Keefe,39.0,Nebbiolo,87,417
France,Jean Milan NV Grande Réserve Blanc de Blancs Grand Cru Brut Chardonnay (Champagne),Roger Voss,66.0,Chardonnay,92,418
France,Frédéric Brouca 2013 Samsó Seulle Cinsault (Vin de France),Lauren Buzzeo,23.0,Cinsault,87,419
Argentina,San Pedro de Yacochuya 2012 Red (Salta),Michael Schachner,25.0,Red Blend,90,420
US,Passing Time 2013 Cabernet Sauvignon (Horse Heaven Hills),Sean P. Sullivan,75.0,Cabernet Sauvignon,93,421
Italy,Bersano 2012 Nirvasco  (Barolo),Kerin O’Keefe,50.0,Nebbiolo,87,422
Italy,Ruffino 2010 Riserva Ducale Oro Gran Selezione  (Chianti Classico),Kerin O’Keefe,43.0,Red Blend,91,423
Chile,Lapostolle 2007 Casa Chardonnay (Casablanca Valley),Michael Schachner,14.0,Chardonnay,85,424
US,Stomping Ground 2010 Merlot (California),Jim Gordon,10.0,Merlot,86,425
US,Colter's Creek 2010 Koos-Koos-Kia Colter's Creek Vineyard Red (Idaho),Sean P. Sullivan,20.0,Red Blend,87,426
Italy,Castello di Neive 2011 Metodo Classico Pinot Nero (Piemonte),Kerin O’Keefe,45.0,Pinot Nero,90,427
US,Big Basin 2013 Syrah (Santa Cruz Mountains),Matt Kettmann,36.0,Syrah,91,428
US,Rochioli 2014 Sweetwater Chardonnay (Russian River Valley),Virginie Boone,68.0,Chardonnay,96,429
Germany,Winzergenossenschaft Mayschoss-Altenahr 2013 Trocken Früburgunder (Ahr),Anna Lee C. Iijima,40.0,Früburgunder,90,430
Italy,Abbazia di Novacella 2012 Praepositus Passito Kerner (Alto Adige Valle Isarco),Kerin O’Keefe,30.0,Kerner,93,431
Australia,Jasper Hill 2013 Georgia's Paddock Shiraz (Heathcote),Joe Czerwinski,85.0,Shiraz,95,432
Australia,Beresford 2014 Handpicked Grenache Rosé (McLaren Vale),Joe Czerwinski,25.0,Rosé,90,433
France,Henri de Villamont 2010 Les Feusselottes Premier Cru  (Chambolle-Musigny),Roger Voss,72.0,Pinot Noir,92,434
US,Cupcake 2016 Rosé (California),Jim Gordon,13.0,Rosé,89,435
Australia,Hungerford Hill 2008 Heavy Metal Shiraz (South Eastern Australia),Joe Czerwinski,15.0,Shiraz,90,436
Germany,Wittmann 2015 Trocken Scheurebe (Rheinhessen),Anna Lee C. Iijima,30.0,Scheurebe,91,437
Italy,Cantina Terlano 2002 Terlano Classico White (Alto Adige),Joe Czerwinski,15.0,White Blend,88,438
US,ONX 2015 Indie Tempranillo (Templeton Gap District),Matt Kettmann,24.0,Tempranillo,89,439
US,Les Belles Collines 2012 Les Sommets Cabernet Sauvignon (Napa Valley),Virginie Boone,85.0,Cabernet Sauvignon,93,440
Argentina,Clos d'Argentine 2013 Winemaker's Selection Reserva Malbec (Mendoza),Michael Schachner,42.0,Malbec,93,441
Germany,Robert Weil 2014 Kiedrich Gräfenberg Trockenbeerenauslese Riesling (Rheingau),Anna Lee C. Iijima,775.0,Riesling,97,442
France,Duménil NV Grande Réserve Premier Cru Brut  (Champagne),Roger Voss,38.0,Champagne Blend,87,443
US,Kontos 2011 Les Collines Vineyard Syrah (Walla Walla Valley (WA)),Paul Gregutt,36.0,Syrah,86,444
US,Vine Cliff 2013 Chardonnay (Los Carneros),Virginie Boone,40.0,Chardonnay,90,445
US,Davis Family 2014 Soul Patch Estate Grown Pinot Noir (Russian River Valley),Virginie Boone,55.0,Pinot Noir,91,446
US,Nottingham Cellars 2012 Ghielmetti Vineyard Micro-lot Reserve Malbec (Livermore Valley),Jim Gordon,50.0,Malbec,91,447
France,Pommery NV Pop Rosé Extra Dry  (Champagne),Roger Voss,15.0,Champagne Blend,85,448
Portugal,Falua 2015 Conde Vimioso Colheita Seleccionada Branco White (Tejo),Roger Voss,9.0,Portuguese White,87,449
US,Becker 2014 Reserve Bingham Vineyard Roussanne (Texas High Plains),Alexander Peartree,22.0,Roussanne,87,450
France,Domaine Roland Schmitt 2014 Grand A du Petit Léon Sylvaner (Alsace),Anne Krebiehl MW,16.0,Sylvaner,90,451
France,Manoir du Carra 2013  Beaujolais-Villages,Roger Voss,16.0,Gamay,86,452
Portugal,Ribafreixo 2015 Pato Frio Antão Vaz (Alentejo),Roger Voss,12.0,Antão Vaz,85,453
Portugal,Quinta do Sagrado 2008 VT '08 Red (Douro),Roger Voss,32.0,Portuguese Red,90,454
Italy,Marchesi de' Frescobaldi 2015 Ammiraglia Massovivo Vermentino (Toscana),Kerin O’Keefe,18.0,Vermentino,87,455
Australia,Wakefield 2013 St. Andrews Single Vineyard Release Shiraz (Clare Valley),Joe Czerwinski,60.0,Shiraz,95,456
Hungary,Samuel Tinon 2015 Megyer Dry Furmint (Tokaj),Jeff Jenssen,36.0,Furmint,90,457
US,Failla 2013 Keefer Ranch Pinot Noir (Russian River Valley),Virginie Boone,48.0,Pinot Noir,91,458
France,Château de Sours 2011 La Fleur d'Amélie  (Bordeaux Blanc),Roger Voss,15.0,Bordeaux-style White Blend,85,459
Argentina,Terrazas de Los Andes 2015 Reserva Torrontés (Salta),Michael Schachner,17.0,Torrontés,85,460
Spain,J. & F. Lurton 2007 Herederos de François Lurton Villafrance de Duero Red (Vino de la Tierra de Castilla y León),Michael Schachner,13.0,Red Blend,85,461
US,Easton 2014 Zinfandel (Amador County),Jim Gordon,20.0,Zinfandel,90,462
US,Maryhill 2011 Proprietor's Reserve Cabernet Franc (Columbia Valley (WA)),Paul Gregutt,25.0,Cabernet Franc,86,463
France,Château Mougneaux 2014  Bordeaux Supérieur,Roger Voss,16.0,Bordeaux-style Red Blend,87,464
US,Rideau 2014 Estate Syrah,Matt Kettmann,44.0,Syrah,87,465
Chile,Ninquén 2009 Antu Cabernet Sauvignon-Carmenère (Colchagua Valley),Michael Schachner,19.0,Cabernet Sauvignon-Carmenère,87,466
France,Louis Latour 2014  Criots-Bâtard-Montrachet,Roger Voss,380.0,Chardonnay,95,467
France,Pierre Gimonnet et Fils 2005 Oenophile Premier Cru Blanc de Blancs Extra Brut Chardonnay (Champagne),Roger Voss,72.0,Chardonnay,92,468
Portugal,Quinta da Lagoalva de Cima 2013 Lagoalva Barrel Selection Tinto Red (Tejo),Roger Voss,23.0,Portuguese Red,92,469
France,Paul Reitz 2014  Saint-Véran,Roger Voss,20.0,Chardonnay,85,470
US,Herencia 2013 Merlot (Napa Valley),Virginie Boone,42.0,Merlot,90,471
New Zealand,Otto's Constant Dream 2008 Syrah (Hawke's Bay),Joe Czerwinski,18.0,Syrah,87,472
US,Loring Wine Company 2014 Durell Vineyard Pinot Noir (Sonoma Coast),Jim Gordon,50.0,Pinot Noir,93,473
US,World's End 2013 If Six Was Nine Reserve Cabernet Sauvignon (Napa Valley),Virginie Boone,53.0,Cabernet Sauvignon,93,474
Italy,Cottanera 2015 Bianco  (Etna),Kerin O’Keefe,24.0,Carricante,90,475
France,Antoine Moltès & Fils 2015 Tradition Pinot Gris (Alsace),Anne Krebiehl MW,18.0,Pinot Gris,82,476
Spain,Tandem 2011 Ars In Vitro Tempranillo-Merlot (Navarra),Michael Schachner,15.0,Tempranillo-Merlot,87,477
US,Bergevin Lane 2008 Stone Tree Vineyard Intuition Reserve Red (Columbia Valley (WA)),Paul Gregutt,58.0,Bordeaux-style Red Blend,90,478
Spain,Navardia 2013 Made With Organic Grapes  (Rioja),Michael Schachner,12.0,Tempranillo Blend,86,479
Argentina,Durigutti 2014 Bonarda (Mendoza),Michael Schachner,15.0,Bonarda,85,480
South Africa,Le Riche 2003 Cabernet Sauvignon Reserve Cabernet Sauvignon (Stellenbosch),Roger Voss,45.0,Cabernet Sauvignon,91,481
US,Patton Valley 2010 West Block Pinot Noir (Willamette Valley),Paul Gregutt,48.0,Pinot Noir,92,482
France,Château de l'Aubrade 2015  Bordeaux Supérieur,Roger Voss,14.0,Bordeaux-style Red Blend,89,483
US,Mosquito Fleet 2011 Reserve 34 Cabernet Sauvignon (Red Mountain),Sean P. Sullivan,90.0,Cabernet Sauvignon,91,484
US,Cocobon 2014 Red (California),Jim Gordon,12.0,Red Blend,86,485
Chile,Sundance 2011 Merlot (Maule Valley),Michael Schachner,9.0,Merlot,86,486
Chile,Arboleda 2009 Cabernet Sauvignon (Aconcagua Valley),Michael Schachner,19.0,Cabernet Sauvignon,87,487
Chile,Viña Bisquertt 2007 Casa La Joya Reserve Merlot (Colchagua Valley),Michael Schachner,11.0,Merlot,88,488
US,Clarksburg Wine Company 2010 Chenin Blanc (Clarksburg),Virginie Boone,16.0,Chenin Blanc,86,489
Hungary,Chateau Dereszla 2014 Dry  (Tokaji),Jeff Jenssen,16.0,White Blend,90,490
France,Louis Latour 2014 Le Montrachet  (Montrachet),Roger Voss,630.0,Chardonnay,96,491
US,Acacia 2013 Pinot Noir (Carneros),Virginie Boone,28.0,Pinot Noir,90,492
US,Turiya 2011 Stolpman Vineyard Sangiovese (Ballard Canyon),Matt Kettmann,150.0,Sangiovese,93,493
Spain,Vinos de Arganza 2012 Século Mencía (Bierzo),Michael Schachner,15.0,Mencía,89,494
Austria,Strauss 2016 Classic Sauvignon Blanc (Südsteiermark),Anne Krebiehl MW,20.0,Sauvignon Blanc,89,495
US,Limerick Lane 2013 Headpruned Block Syrah (Russian River Valley),Virginie Boone,45.0,Syrah,93,496
France,Château Mille-Roses 2012  Margaux,Roger Voss,45.0,Bordeaux-style Red Blend,90,497
US,Chateau Ste. Michelle 2012 Canoe Ridge Vineyard Cabernet Sauvignon (Horse Heaven Hills),Sean P. Sullivan,30.0,Cabernet Sauvignon,90,498
South Africa,Spier 2014 21 Gables Chenin Blanc (Western Cape),Lauren Buzzeo,23.0,Chenin Blanc,90,499
US,Napa Cellars 2014 Classic Zinfandel (Napa Valley),Virginie Boone,24.0,Zinfandel,86,500
South Africa,Fable Mountain 2011 Night Sky Red (Coastal Region),Lauren Buzzeo,50.0,Rhône-style Red Blend,92,501
US,Gershon Bachus 2009 Erato De Portola Trail Vineyard Cabernet Franc (Temecula Valley),Matt Kettmann,45.0,Cabernet Franc,90,502
US,Le Cadeau 2014 Pinot Noir (Willamette Valley),Paul Gregutt,38.0,Pinot Noir,91,503
Spain,Ignacio Marín 2015 Wine Wings Garnacha Rosé (Cariñena),Michael Schachner,18.0,Rosé,87,504
France,Domaine Sainte-Marie 2014 VieVité Extraordinaire Rosé (Côtes de Provence),Roger Voss,25.0,Rosé,91,505
US,Palencia 2016 Albariño (Ancient Lakes),Sean P. Sullivan,20.0,Albariño,86,506
Argentina,Felix Lavaque 2010 Felix Malbec (Cafayate),Michael Schachner,30.0,Malbec,87,507
Italy,Podere Scopetone 2012  Brunello di Montalcino,Kerin O’Keefe,57.0,Sangiovese,90,508
Italy,Podere dal Nespoli 2015 Prugneto Sangiovese (Romagna),Kerin O’Keefe,17.0,Sangiovese,86,509
Italy,Baracchi Riccardo 2012 Smeriglio Syrah (Cortona),Kerin O’Keefe,35.0,Syrah,90,510
US,Iron Horse 2013 Thomas Road Pinot Noir (Green Valley),Virginie Boone,85.0,Pinot Noir,93,511
Greece,My Big Fat Greek Wine 2010 Assyrtico (Santorini),Susan Kostrzewa,15.0,Assyrtico,89,512
Spain,Cavas Hill NV 1887 Rosado Sparkling (Cava),Michael Schachner,13.0,Sparkling Blend,82,513
US,Hindsight 2013 Bella Vetta Vineyard Cabernet Sauvignon (Howell Mountain),Virginie Boone,75.0,Cabernet Sauvignon,86,514
Spain,Aleo 2009 Tempranillo (Vino de la Tierra de Castilla y León),Michael Schachner,16.0,Tempranillo,87,515
Italy,Fattorie Romeo del Castello 2015 Vigorosa Rosato Nerello Mascalese (Etna),Kerin O’Keefe,28.0,Nerello Mascalese,88,516
Italy,La Vis 2001 Bianco dei Sorni White (Trentino),Joe Czerwinski,15.0,White Blend,88,517
Portugal,Quinta do Monte Xisto 2013 Red (Douro),Roger Voss,80.0,Portuguese Red,92,518
US,Les Belles Collines 2014 Pinot Gris (California),Virginie Boone,25.0,Pinot Gris,92,519
France,Domaine du Tariquet 2007 Chenin Blanc-Chardonnay (Vin de Pays des Côtes de Gascogne),Roger Voss,12.0,Chenin Blanc-Chardonnay,88,520
US,Miles 2006 Cabernet Franc (Finger Lakes),Susan Kostrzewa,20.0,Cabernet Franc,85,521
US,Buried Cane 2009 Whiteline No Oak Chardonnay (Columbia Valley (WA)),Paul Gregutt,14.0,Chardonnay,87,522
Italy,St. Pauls 2014 Passion Riserva Pinot Bianco (Alto Adige),Kerin O’Keefe,40.0,Pinot Bianco,90,523
Italy,Punset 2011 Campo Quadro Riserva  (Barbaresco),Kerin O’Keefe,48.0,Nebbiolo,85,524
US,Ardor 2015 Art Den Hoed Vineyard Syrah (Yakima Valley),Sean P. Sullivan,50.0,Syrah,89,525
Italy,Palladino 2011 Ornato  (Barolo),Kerin O’Keefe,65.0,Nebbiolo,90,526
Germany,Weingut Liebfrauenstift 2014 Dry Riesling (Rheinhessen),Anna Lee C. Iijima,16.0,Riesling,91,527
Spain,Pablo del Villar 2010 Ipsum Verdejo-Viura (Rueda),Michael Schachner,10.0,Verdejo-Viura,87,528
US,Terre Rouge 2014 Enigma White (Sierra Foothills),Jim Gordon,25.0,White Blend,93,529
US,Rainstorm 2013 Pinot Gris (Willamette Valley),Paul Gregutt,14.0,Pinot Gris,87,530
Italy,Battaglio 2013  Barbaresco,Kerin O’Keefe,60.0,Nebbiolo,87,531
Spain,El Coto 2010 Viura (Rioja),Michael Schachner,10.0,Viura,87,532
US,Lamoreaux Landing 2014 Yellow Dog Vineyard Riesling (Finger Lakes),Anna Lee C. Iijima,20.0,Riesling,87,533
Greece,Domaine Sigalas 2010 Asirtiko Athiri White (Santorini),Susan Kostrzewa,18.0,White Blend,87,534
Chile,Casa Silva 2008 Gran Reserva Petit Verdot (Colchagua Valley),Michael Schachner,22.0,Petit Verdot,85,535
South Africa,Reyneke 2013 Reserve Sauvignon Blanc (Stellenbosch),Lauren Buzzeo,50.0,Sauvignon Blanc,91,536
Austria,Malat 2016 Furth-Palt Riesling (Kremstal),Anne Krebiehl MW,24.0,Riesling,89,537
US,Foxen 2014 Tinaquaic Vineyard Chardonnay (Santa Maria Valley),Matt Kettmann,37.0,Chardonnay,92,538
Germany,Maximin Grünhäuser 2015 Trocken Riesling (Mosel),Anna Lee C. Iijima,22.0,Riesling,91,539
Italy,Poggioventoso 2015 Poetico White (Toscana),Kerin O’Keefe,19.0,White Blend,87,540
US,Camaraderie 2009 Tempranillo (Yakima Valley),Paul Gregutt,28.0,Tempranillo,87,541
Spain,Oro de Castilla 2010 Solo Verdejo (Rueda),Michael Schachner,14.0,Verdejo,87,542
Chile,Cono Sur 2012 20 Barrels Limited Edition Peralillo Estate Merlot (Colchagua Valley),Michael Schachner,35.0,Merlot,91,543
US,Winderlea 2014 Weber Vineyard Pinot Noir (Dundee Hills),Paul Gregutt,48.0,Pinot Noir,95,544
Germany,Richard Böcking 2013 Devon Riesling (Mosel),Anna Lee C. Iijima,24.0,Riesling,87,545
France,H. Blin 2003 Édition Limitée Extra Brut  (Champagne),Roger Voss,70.0,Champagne Blend,92,546
Australia,Kooyong 2013 Farrago Chardonnay (Mornington Peninsula),Joe Czerwinski,66.0,Chardonnay,90,547
Spain,Resalte 2010 Gran Resalte  (Ribera del Duero),Michael Schachner,88.0,Tempranillo,93,548
US,Kerloo 2015 Blue Mountain Vineyard Grenache Blanc (Walla Walla Valley (WA)),Sean P. Sullivan,20.0,Grenache Blanc,89,549
Argentina,Andean Sky 2007 Bonarda (Mendoza),Michael Schachner,10.0,Bonarda,85,550
Argentina,Pascual Toso 2007 Reserve Las Barrancas Vineyards Cabernet Sauvignon (Mendoza),Michael Schachner,20.0,Cabernet Sauvignon,88,551
US,Foretell 2012 Cabernet Sauvignon (Spring Mountain District),Virginie Boone,150.0,Cabernet Sauvignon,90,552
US,Snoqualmie 2013 Eco Made with Organic Grapes Cabernet Sauvignon (Columbia Valley (WA)),Sean P. Sullivan,13.0,Cabernet Sauvignon,90,553
France,Château de Bel 2014  Bordeaux Supérieur,Roger Voss,20.0,Bordeaux-style Red Blend,87,554
Austria,Nittnaus Hans und Christine 2013 Nit'ana Red (Burgenland),Anne Krebiehl MW,35.0,Red Blend,91,555
Italy,Cantina Terlano 2000 Vorberg Pinot Bianco (Alto Adige),Joe Czerwinski,21.0,Pinot Bianco,88,556
Australia,42°S 2008 Pinot Noir (Tasmania),Joe Czerwinski,18.0,Pinot Noir,87,557
US,"Monte De Oro 2006 Reserve, Vista del Monte Vineyard Syrah (Temecula Valley)",Virginie Boone,70.0,Syrah,87,558
US,Coelho 2014 Atração Pinot Noir (Willamette Valley),Paul Gregutt,25.0,Pinot Noir,87,559
Argentina,Sottano 2009 Reserva de Familia Cabernet Sauvignon (Mendoza),Michael Schachner,30.0,Cabernet Sauvignon,89,560
US,Bella Grace 2013 Estate Zinfandel (Amador County),Jim Gordon,20.0,Zinfandel,87,561
US,Monte Volpe 2013 Pinot Grigio (Mendocino),Jim Gordon,15.0,Pinot Grigio,90,562
Italy,Castello di Neive 2013  Barbaresco,Kerin O’Keefe,35.0,Nebbiolo,87,563
New Zealand,Saint Clair 2014 Pioneer Block 20 Dillons Point Cash Block Sauvignon Blanc (Marlborough),Joe Czerwinski,28.0,Sauvignon Blanc,91,564
Chile,Aresti 2014 Special Release Reserva Carmenère (Rapel Valley),Michael Schachner,12.0,Carmenère,86,565
US,Y Rousseau 2012 Le Roi Soleil Cabernet Sauvignon (Mount Veeder),Virginie Boone,80.0,Cabernet Sauvignon,90,566
Chile,De Martino 2010 347 Vineyards Sauvignon Blanc (Central Valley),Michael Schachner,13.0,Sauvignon Blanc,87,567
Chile,Lapostolle 2002 Estate Bottled Merlot (Rapel Valley),Michael Schachner,12.0,Merlot,88,568
US,Bianchi 2011 Signature Selection Merlot (Paso Robles),Matt Kettmann,22.0,Merlot,87,569
Germany,Dr. Loosen 2011 Ürziger Würzgarten Alte Reben GG Trocken Riesling (Mosel),Anna Lee C. Iijima,42.0,Riesling,92,570
US,Purple Hands 2014 Freedom Hill Vineyard Pinot Noir (Willamette Valley),Paul Gregutt,50.0,Pinot Noir,92,571
US,Sixteen by Twenty 2014 Chardonnay (Sonoma Coast),Virginie Boone,40.0,Chardonnay,90,572
US,Lieb 2015 Bridge Lane Rosé (New York),Anna Lee C. Iijima,18.0,Rosé,89,573
Austria,Forstreiter 2012 Schiefer Reserve Grüner Veltliner (Kremstal),Roger Voss,24.0,Grüner Veltliner,92,574
France,Mas de Cadenet 2015 Mas Negrel Cadenet Rosé (Côtes de Provence Sainte-Victoire),Roger Voss,40.0,Rosé,93,575
US,Seven Falls 2013 Merlot (Wahluke Slope),Sean P. Sullivan,18.0,Merlot,89,576
Italy,Baracchi Riccardo 2011 Smeriglio Riserva Syrah (Cortona),Kerin O’Keefe,50.0,Syrah,90,577
France,Boude Baudin NV B. Zéro Brut Dosage  (Champagne),Roger Voss,59.0,Champagne Blend,91,578
France,Henri de Villamont 2010 Blagny Premier Cru  (Meursault),Roger Voss,66.0,Chardonnay,92,579
Spain,Vall Llach 2007 Idus Red (Priorat),Michael Schachner,50.0,Red Blend,90,580
Chile,TerraMater 2006 Unusual Cabernet-Shiraz-Zinfandel Red (Maipo Valley),Michael Schachner,50.0,Red Blend,88,581
France,Château Ferrière 2009  Margaux,Roger Voss,45.0,Bordeaux-style Red Blend,90,582
South Africa,Delheim 2001 Grand Reserve Cabernet Sauvignon (Simonsberg-Stellenbosch),Roger Voss,30.0,Cabernet Sauvignon,91,583
US,Flying Goat Cellars 2012 Solomon Hills Vineyard Pinot Noir (Santa Maria Valley),Matt Kettmann,42.0,Pinot Noir,93,584
Italy,Ornellaia 2014 Le Volte Red (Toscana),Kerin O’Keefe,30.0,Red Blend,87,585
US,Niner 2013 Estate Grown Cabernet Sauvignon (Paso Robles),Matt Kettmann,40.0,Cabernet Sauvignon,92,586
Spain,Loess 2009 Collection Blanco Verdejo (Rueda),Michael Schachner,25.0,Verdejo,87,587
France,Château Notre Dame du Quatourze 2015 Rosé (Languedoc),Lauren Buzzeo,16.0,Rosé,83,588
Australia,Plantagenet 2014 Riesling (Great Southern),Joe Czerwinski,21.0,Riesling,92,589
France,Domaine Berthoumieu 2013 Charles de Batz Tannat-Cabernet (Madiran),Roger Voss,25.0,Tannat-Cabernet,91,590
Italy,Ridolfi 2012  Rosso di Montalcino,Kerin O’Keefe,20.0,Sangiovese,86,591
Italy,Baglio di Pianetto 2007 Ficiligno White (Sicilia),Kerin O’Keefe,19.0,White Blend,87,592
Argentina,Bodega Calle 2014 Alberti 154 Malbec (Mendoza),Michael Schachner,15.0,Malbec,87,593
Austria,Fuchs 2015 Grüner Veltliner (Burgenland),Anne Krebiehl MW,12.0,Grüner Veltliner,88,594
US,Wrath 2013 Destruction Level Red (Monterey),Matt Kettmann,35.0,Rhône-style Red Blend,91,595
US,Red Newt Cellars 2007 Riesling (Finger Lakes),Susan Kostrzewa,14.0,Riesling,85,596
Portugal,Quinta do Portal 2012 Verdelho and Sauvignon Blanc White (Douro),Roger Voss,15.0,Portuguese White,87,597
US,Testarossa 2013 Guidotti Vineyard Pinot Noir (Santa Lucia Highlands),Matt Kettmann,64.0,Pinot Noir,91,598
Germany,Robert Weil 2014 Kiedrich Gräfenberg Trockenbeerenauslese Riesling (Rheingau),Anna Lee C. Iijima,775.0,Riesling,97,599
France,Château Cap Saint-Martin 2014  Blaye Côtes de Bordeaux,Roger Voss,18.0,Bordeaux-style Red Blend,87,600
US,Felten Cellars 2013 Tempranillo (Paso Robles),Matt Kettmann,32.0,Tempranillo,85,601
US,Buried Cane 2009 Whiteline No Oak Chardonnay (Columbia Valley (WA)),Paul Gregutt,14.0,Chardonnay,87,602
Spain,Acústic 2010 Braó Vinyes Velles Carignan-Grenache (Montsant),Michael Schachner,40.0,Carignan-Grenache,92,603
Spain,Ego Bodegas 2014 Goru Verde Monastrell (Jumilla),Michael Schachner,15.0,Monastrell,87,604
US,Barnard Griffin 2014 Signature Cabernet Sauvignon (Columbia Valley (WA)),Sean P. Sullivan,17.0,Cabernet Sauvignon,90,605
France,Chanoine NV Tzarina No 1 Brut  (Champagne),Roger Voss,100.0,Champagne Blend,92,606
Germany,Robert Weil 2014 Kiedrich Gräfenberg Beerenauslese Riesling (Rheingau),Anna Lee C. Iijima,365.0,Riesling,96,607
Argentina,O. Fournier 2007 B Crux Red (Uco Valley),Michael Schachner,19.0,Red Blend,89,608
Argentina,Finca Las Moras 2007 Reserve Chardonnay (San Juan),Michael Schachner,12.0,Chardonnay,85,609
France,Domaine du Tariquet 2007 Ugni Blanc-Colombard (Vin de Pays des Côtes de Gascogne),Roger Voss,9.0,Ugni Blanc-Colombard,85,610
US,Deerfield Ranch NV Tawny Estate Syrah (Sonoma Valley),Virginie Boone,50.0,Syrah,90,611
US,Rainstorm 2013 Pinot Gris (Willamette Valley),Paul Gregutt,14.0,Pinot Gris,87,612
Italy,Terlan 2014 Nova Domus Riserva White (Alto Adige),Kerin O’Keefe,62.0,White Blend,90,613
Argentina,Clos d'Argentine 2013 Winemaker's Selection Reserva Malbec (Mendoza),Michael Schachner,42.0,Malbec,93,614
US,Turiya 2011 Shapeshifter Red (Central Coast),Matt Kettmann,100.0,Red Blend,93,615
New Zealand,Otto's Constant Dream 2008 Syrah (Hawke's Bay),Joe Czerwinski,18.0,Syrah,87,616
US,Becker 2014 Reserve Bingham Vineyard Roussanne (Texas High Plains),Alexander Peartree,22.0,Roussanne,87,617
Chile,Viña Bisquertt 2007 Casa La Joya Reserve Merlot (Colchagua Valley),Michael Schachner,11.0,Merlot,88,618
Germany,Weingut Liebfrauenstift 2014 Dry Riesling (Rheinhessen),Anna Lee C. Iijima,21.400150505091982,Riesling,91,619
US,Seven Falls 2013 Merlot (Wahluke Slope),Sean P. Sullivan,18.3777466758976,Cabernet Sauvignon,89,620
Chile,Viña Bisquertt 2007 Casa La Joya Reserve Merlot (Colchagua Valley),Michael Schachner,9.667417222278043,Merlot,86,621
US,Rochioli 2014 Sweetwater Chardonnay (Russian River Valley),Virginie Boone,40.28573363584388,Chardonnay,90,622
Italy,Podere dal Nespoli 2015 Prugneto Sangiovese (Romagna),Kerin O’Keefe,19.0,Sangiovese,87,623
Germany,Weingut Liebfrauenstift 2014 Dry Riesling (Rheinhessen),Anna Lee C. Iijima,19.8871768419458,Riesling,87,624
US,Rainstorm 2013 Pinot Gris (Willamette Valley),Paul Gregutt,11.1120049109327,Chardonnay,86,625
US,ONX 2015 Indie Tempranillo (Templeton Gap District),Matt Kettmann,43.016843344252,Syrah,87,626
Argentina,Bodega Calle 2014 Alberti 154 Malbec (Mendoza),Michael Schachner,11.008566424251157,Malbec,87,627
