country,title,taster_name,price,variety,points,taster_first_name,count_words_in_title,title_lower,title_no_punc,title_no_num,title_lower_no_punc,title_lower_no_punc_no_num,orig_index
Argentina,Viña Cobos 2015 Bramare Marchiori Vineyard Chardonnay (Perdriel),Michael Schachner,46.0,Chardonnay,90,Michael,7,viña cobos 2015 bramare marchiori vineyard chardonnay (perdriel),Viña Cobos 2015 Bramare Marchiori Vineyard Chardonnay Perdriel,Viña Cobos Bramare Marchiori Vineyard Chardonnay (Perdriel),viña cobos 2015 bramare marchiori vineyard chardonnay perdriel,viña cobos bramare marchiori vineyard chardonnay perdriel,0
US,Testarossa 2015 Rincon Vineyard Chardonnay (Arroyo Grande Valley),Matt Kettmann,49.0,Chardonnay,91,Matt,7,testarossa 2015 rincon vineyard chardonnay (arroyo grande valley),Testarossa 2015 Rincon Vineyard Chardonnay Arroyo Grande Valley,Testarossa Rincon Vineyard Chardonnay (Arroyo Grande Valley),testarossa 2015 rincon vineyard chardonnay arroyo grande valley,testarossa rincon vineyard chardonnay arroyo grande valley,1
Chile,Apaltagua 2007 Envero Gran Reserva Carmenère (Colchagua Valley),Michael Schachner,15.0,Carmenère,88,Michael,7,apaltagua 2007 envero gran reserva carmenère (colchagua valley),Apaltagua 2007 Envero Gran Reserva Carmenère Colchagua Valley,Apaltagua Envero Gran Reserva Carmenère (Colchagua Valley),apaltagua 2007 envero gran reserva carmenère colchagua valley,apaltagua envero gran reserva carmenère colchagua valley,2
Italy,Volpe Pasini 2002 Zuc de Volpe Pinot Grigio (Colli Orientali del Friuli),Roger Voss,18.0,Pinot Grigio,88,Roger,11,volpe pasini 2002 zuc de volpe pinot grigio (colli orientali del friuli),Volpe Pasini 2002 Zuc de Volpe Pinot Grigio Colli Orientali del Friuli,Volpe Pasini Zuc de Volpe Pinot Grigio (Colli Orientali del Friuli),volpe pasini 2002 zuc de volpe pinot grigio colli orientali del friuli,volpe pasini zuc de volpe pinot grigio colli orientali del friuli,3
Italy,Majolini 2006 Pas Dosé Aligi Sassu Chardonnay (Franciacorta),Kerin O’Keefe,39.0,Chardonnay,92,Kerin,7,majolini 2006 pas dosé aligi sassu chardonnay (franciacorta),Majolini 2006 Pas Dosé Aligi Sassu Chardonnay Franciacorta,Majolini Pas Dosé Aligi Sassu Chardonnay (Franciacorta),majolini 2006 pas dosé aligi sassu chardonnay franciacorta,majolini pas dosé aligi sassu chardonnay franciacorta,4
US,Sanctuary 2013 Bien Nacido Vineyard Pinot Noir (Santa Maria Valley),Matt Kettmann,40.0,Pinot Noir,93,Matt,9,sanctuary 2013 bien nacido vineyard pinot noir (santa maria valley),Sanctuary 2013 Bien Nacido Vineyard Pinot Noir Santa Maria Valley,Sanctuary Bien Nacido Vineyard Pinot Noir (Santa Maria Valley),sanctuary 2013 bien nacido vineyard pinot noir santa maria valley,sanctuary bien nacido vineyard pinot noir santa maria valley,5
France,Alain Jaume et Fils 2009 Réserve Grand Veneur Red (Côtes du Rhône),Joe Czerwinski,15.0,Rhône-style Red Blend,87,Joe,11,alain jaume et fils 2009 réserve grand veneur red (côtes du rhône),Alain Jaume et Fils 2009 Réserve Grand Veneur Red Côtes du Rhône,Alain Jaume et Fils Réserve Grand Veneur Red (Côtes du Rhône),alain jaume et fils 2009 réserve grand veneur red côtes du rhône,alain jaume et fils réserve grand veneur red côtes du rhône,6
Israel,Or Haganuz 2014 French Blend Red (Galilee),Mike DeSimone,80.0,Bordeaux-style Red Blend,90,Mike,6,or haganuz 2014 french blend red (galilee),Or Haganuz 2014 French Blend Red Galilee,Or Haganuz French Blend Red (Galilee),or haganuz 2014 french blend red galilee,or haganuz french blend red galilee,7
Argentina,Benvenuto de la Serna 2010 Trisagio Malbec-Petit Verdot-Tannat Red (Valle de Uco),Michael Schachner,28.0,Red Blend,91,Michael,11,benvenuto de la serna 2010 trisagio malbec-petit verdot-tannat red (valle de uco),Benvenuto de la Serna 2010 Trisagio MalbecPetit VerdotTannat Red Valle de Uco,Benvenuto de la Serna Trisagio Malbec-Petit Verdot-Tannat Red (Valle de Uco),benvenuto de la serna 2010 trisagio malbecpetit verdottannat red valle de uco,benvenuto de la serna trisagio malbecpetit verdottannat red valle de uco,8
Chile,Santa Ema 2008 Selected Terroir Chardonnay (Casablanca Valley),Michael Schachner,10.0,Chardonnay,85,Michael,7,santa ema 2008 selected terroir chardonnay (casablanca valley),Santa Ema 2008 Selected Terroir Chardonnay Casablanca Valley,Santa Ema Selected Terroir Chardonnay (Casablanca Valley),santa ema 2008 selected terroir chardonnay casablanca valley,santa ema selected terroir chardonnay casablanca valley,9
Australia,Henry's Drive Vignerons 2006 Parson's Flat Shiraz-Cabernet Sauvignon (Padthaway),Joe Czerwinski,40.0,Shiraz-Cabernet Sauvignon,92,Joe,8,henry's drive vignerons 2006 parson's flat shiraz-cabernet sauvignon (padthaway),Henrys Drive Vignerons 2006 Parsons Flat ShirazCabernet Sauvignon Padthaway,Henry's Drive Vignerons Parson's Flat Shiraz-Cabernet Sauvignon (Padthaway),henrys drive vignerons 2006 parsons flat shirazcabernet sauvignon padthaway,henrys drive vignerons parsons flat shirazcabernet sauvignon padthaway,10
US,Chehalem 2011 Ridgecrest Vineyards Pinot Noir (Ribbon Ridge),Paul Gregutt,50.0,Pinot Noir,92,Paul,7,chehalem 2011 ridgecrest vineyards pinot noir (ribbon ridge),Chehalem 2011 Ridgecrest Vineyards Pinot Noir Ribbon Ridge,Chehalem Ridgecrest Vineyards Pinot Noir (Ribbon Ridge),chehalem 2011 ridgecrest vineyards pinot noir ribbon ridge,chehalem ridgecrest vineyards pinot noir ribbon ridge,11
US,Ojai 2014 McGinley Vineyard Sauvignon Blanc (Santa Ynez Valley),Matt Kettmann,30.0,Sauvignon Blanc,89,Matt,8,ojai 2014 mcginley vineyard sauvignon blanc (santa ynez valley),Ojai 2014 McGinley Vineyard Sauvignon Blanc Santa Ynez Valley,Ojai McGinley Vineyard Sauvignon Blanc (Santa Ynez Valley),ojai 2014 mcginley vineyard sauvignon blanc santa ynez valley,ojai mcginley vineyard sauvignon blanc santa ynez valley,12
France,Domaine des Terrisses 2006 Grande Tradition Red (Gaillac),Roger Voss,14.0,Red Blend,88,Roger,7,domaine des terrisses 2006 grande tradition red (gaillac),Domaine des Terrisses 2006 Grande Tradition Red Gaillac,Domaine des Terrisses Grande Tradition Red (Gaillac),domaine des terrisses 2006 grande tradition red gaillac,domaine des terrisses grande tradition red gaillac,13
Chile,Cono Sur 2008 Visión Gewürztraminer (Casablanca Valley),Michael Schachner,15.0,Gewürztraminer,86,Michael,6,cono sur 2008 visión gewürztraminer (casablanca valley),Cono Sur 2008 Visión Gewürztraminer Casablanca Valley,Cono Sur Visión Gewürztraminer (Casablanca Valley),cono sur 2008 visión gewürztraminer casablanca valley,cono sur visión gewürztraminer casablanca valley,14
France,Jacquart NV Brut Mosaïque  (Champagne),Roger Voss,30.0,Champagne Blend,85,Roger,5,jacquart nv brut mosaïque  (champagne),Jacquart NV Brut Mosaïque  Champagne,Jacquart NV Brut Mosaïque (Champagne),jacquart nv brut mosaïque  champagne,jacquart nv brut mosaïque champagne,15
US,Okapi 2013 Estate Cabernet Sauvignon (Napa Valley),Virginie Boone,100.0,Cabernet Sauvignon,86,Virginie,6,okapi 2013 estate cabernet sauvignon (napa valley),Okapi 2013 Estate Cabernet Sauvignon Napa Valley,Okapi Estate Cabernet Sauvignon (Napa Valley),okapi 2013 estate cabernet sauvignon napa valley,okapi estate cabernet sauvignon napa valley,16
Italy,Elena Walch 2002 Castel Ringberg Sauvignon Blanc (Alto Adige),Roger Voss,23.0,Sauvignon Blanc,88,Roger,8,elena walch 2002 castel ringberg sauvignon blanc (alto adige),Elena Walch 2002 Castel Ringberg Sauvignon Blanc Alto Adige,Elena Walch Castel Ringberg Sauvignon Blanc (Alto Adige),elena walch 2002 castel ringberg sauvignon blanc alto adige,elena walch castel ringberg sauvignon blanc alto adige,17
Chile,Lapostolle 2013 Cuvée Alexandre Apalta Vineyard Made With Organic Grapes Syrah (Colchagua Valley),Michael Schachner,24.0,Syrah,91,Michael,12,lapostolle 2013 cuvée alexandre apalta vineyard made with organic grapes syrah (colchagua valley),Lapostolle 2013 Cuvée Alexandre Apalta Vineyard Made With Organic Grapes Syrah Colchagua Valley,Lapostolle Cuvée Alexandre Apalta Vineyard Made With Organic Grapes Syrah (Colchagua Valley),lapostolle 2013 cuvée alexandre apalta vineyard made with organic grapes syrah colchagua valley,lapostolle cuvée alexandre apalta vineyard made with organic grapes syrah colchagua valley,18
Italy,Paolo Manzone 2012 Meriame  (Barolo),Kerin O’Keefe,80.0,Nebbiolo,85,Kerin,5,paolo manzone 2012 meriame  (barolo),Paolo Manzone 2012 Meriame  Barolo,Paolo Manzone Meriame (Barolo),paolo manzone 2012 meriame  barolo,paolo manzone meriame barolo,19
Portugal,Luis Duarte 2013 Monte de Carrapatelo Colheita Seleccionada Tinto Red (Alentejano),Roger Voss,30.0,Portuguese Red,92,Roger,10,luis duarte 2013 monte de carrapatelo colheita seleccionada tinto red (alentejano),Luis Duarte 2013 Monte de Carrapatelo Colheita Seleccionada Tinto Red Alentejano,Luis Duarte Monte de Carrapatelo Colheita Seleccionada Tinto Red (Alentejano),luis duarte 2013 monte de carrapatelo colheita seleccionada tinto red alentejano,luis duarte monte de carrapatelo colheita seleccionada tinto red alentejano,20
Italy,Graci 2015 Rosso  (Etna),Kerin O’Keefe,30.0,Nerello Mascalese,90,Kerin,4,graci 2015 rosso  (etna),Graci 2015 Rosso  Etna,Graci Rosso (Etna),graci 2015 rosso  etna,graci rosso etna,21
US,Woodinville Wine Cellars 2012 Little Bear Creek Red (Columbia Valley (WA)),Sean P. Sullivan,20.0,Bordeaux-style Red Blend,91,Sean,10,woodinville wine cellars 2012 little bear creek red (columbia valley (wa)),Woodinville Wine Cellars 2012 Little Bear Creek Red Columbia Valley WA,Woodinville Wine Cellars Little Bear Creek Red (Columbia Valley (WA)),woodinville wine cellars 2012 little bear creek red columbia valley wa,woodinville wine cellars little bear creek red columbia valley wa,22
France,Château Vray Croix de Gay 2010  Pomerol,Roger Voss,65.0,Bordeaux-style Red Blend,92,Roger,7,château vray croix de gay 2010  pomerol,Château Vray Croix de Gay 2010  Pomerol,Château Vray Croix de Gay Pomerol,château vray croix de gay 2010  pomerol,château vray croix de gay pomerol,23
Italy,Poggio Alloro 2014 Le Mandorle Riserva  (Vernaccia di San Gimignano),Kerin O’Keefe,29.0,Vernaccia,86,Kerin,10,poggio alloro 2014 le mandorle riserva  (vernaccia di san gimignano),Poggio Alloro 2014 Le Mandorle Riserva  Vernaccia di San Gimignano,Poggio Alloro Le Mandorle Riserva (Vernaccia di San Gimignano),poggio alloro 2014 le mandorle riserva  vernaccia di san gimignano,poggio alloro le mandorle riserva vernaccia di san gimignano,24
Argentina,Finca Sophenia 2015 Altosur Sauvignon Blanc (Tupungato),Michael Schachner,12.0,Sauvignon Blanc,87,Michael,6,finca sophenia 2015 altosur sauvignon blanc (tupungato),Finca Sophenia 2015 Altosur Sauvignon Blanc Tupungato,Finca Sophenia Altosur Sauvignon Blanc (Tupungato),finca sophenia 2015 altosur sauvignon blanc tupungato,finca sophenia altosur sauvignon blanc tupungato,25
Italy,Gini 2002 Classico  (Soave),Roger Voss,10.0,White Blend,88,Roger,4,gini 2002 classico  (soave),Gini 2002 Classico  Soave,Gini Classico (Soave),gini 2002 classico  soave,gini classico soave,26
US,Knapp 2011 Chardonnay (Finger Lakes),Anna Lee C. Iijima,12.0,Chardonnay,87,Anna,4,knapp 2011 chardonnay (finger lakes),Knapp 2011 Chardonnay Finger Lakes,Knapp Chardonnay (Finger Lakes),knapp 2011 chardonnay finger lakes,knapp chardonnay finger lakes,27
US,Pezzi King 2013 Serracino Reserve Zinfandel (Dry Creek Valley),Virginie Boone,48.0,Zinfandel,82,Virginie,8,pezzi king 2013 serracino reserve zinfandel (dry creek valley),Pezzi King 2013 Serracino Reserve Zinfandel Dry Creek Valley,Pezzi King Serracino Reserve Zinfandel (Dry Creek Valley),pezzi king 2013 serracino reserve zinfandel dry creek valley,pezzi king serracino reserve zinfandel dry creek valley,28
Chile,Pura 8 2010 Grand Reserve Pinot Noir (Rapel Valley),Michael Schachner,20.0,Pinot Noir,81,Michael,8,pura 8 2010 grand reserve pinot noir (rapel valley),Pura 8 2010 Grand Reserve Pinot Noir Rapel Valley,Pura Grand Reserve Pinot Noir (Rapel Valley),pura 8 2010 grand reserve pinot noir rapel valley,pura grand reserve pinot noir rapel valley,29
US,Qupé 2013 Doux Sawyer Lindquist Vineyard Marsanne (Edna Valley),Matt Kettmann,35.0,Marsanne,91,Matt,8,qupé 2013 doux sawyer lindquist vineyard marsanne (edna valley),Qupé 2013 Doux Sawyer Lindquist Vineyard Marsanne Edna Valley,Qupé Doux Sawyer Lindquist Vineyard Marsanne (Edna Valley),qupé 2013 doux sawyer lindquist vineyard marsanne edna valley,qupé doux sawyer lindquist vineyard marsanne edna valley,30
US,Scratch 2013 Grenache (Arroyo Seco),Matt Kettmann,35.0,Grenache,92,Matt,4,scratch 2013 grenache (arroyo seco),Scratch 2013 Grenache Arroyo Seco,Scratch Grenache (Arroyo Seco),scratch 2013 grenache arroyo seco,scratch grenache arroyo seco,31
France,Biecher & Schaal 2014 Altenberg de Bergheim Grand Cru White (Alsace),Anne Krebiehl MW,45.0,Alsace white blend,92,Anne,10,biecher & schaal 2014 altenberg de bergheim grand cru white (alsace),Biecher  Schaal 2014 Altenberg de Bergheim Grand Cru White Alsace,Biecher & Schaal Altenberg de Bergheim Grand Cru White (Alsace),biecher  schaal 2014 altenberg de bergheim grand cru white alsace,biecher schaal altenberg de bergheim grand cru white alsace,32
France,Boude Baudin 2010 Cuvée St Clément  (Champagne),Roger Voss,70.0,Champagne Blend,91,Roger,7,boude baudin 2010 cuvée st clément  (champagne),Boude Baudin 2010 Cuvée St Clément  Champagne,Boude Baudin Cuvée St Clément (Champagne),boude baudin 2010 cuvée st clément  champagne,boude baudin cuvée st clément champagne,33
US,Padis 2012 Cabernet Sauvignon (Napa Valley),Virginie Boone,110.0,Cabernet Sauvignon,91,Virginie,5,padis 2012 cabernet sauvignon (napa valley),Padis 2012 Cabernet Sauvignon Napa Valley,Padis Cabernet Sauvignon (Napa Valley),padis 2012 cabernet sauvignon napa valley,padis cabernet sauvignon napa valley,34
US,Ventosa 2015 Pinot Gris (Finger Lakes),Anna Lee C. Iijima,18.0,Pinot Gris,88,Anna,5,ventosa 2015 pinot gris (finger lakes),Ventosa 2015 Pinot Gris Finger Lakes,Ventosa Pinot Gris (Finger Lakes),ventosa 2015 pinot gris finger lakes,ventosa pinot gris finger lakes,35
Chile,De Martino 2007 Legado Reserva Chardonnay (Limarí Valley),Michael Schachner,18.0,Chardonnay,86,Michael,7,de martino 2007 legado reserva chardonnay (limarí valley),De Martino 2007 Legado Reserva Chardonnay Limarí Valley,De Martino Legado Reserva Chardonnay (Limarí Valley),de martino 2007 legado reserva chardonnay limarí valley,de martino legado reserva chardonnay limarí valley,36
Spain,Príncipe de Viana 2008 Reserva 1423 Red (Navarra),Michael Schachner,35.0,Red Blend,87,Michael,7,príncipe de viana 2008 reserva 1423 red (navarra),Príncipe de Viana 2008 Reserva 1423 Red Navarra,Príncipe de Viana Reserva Red (Navarra),príncipe de viana 2008 reserva 1423 red navarra,príncipe de viana reserva red navarra,37
Chile,Leyda 2015 Single Vineyard Falaris Hill Chardonnay (Leyda Valley),Michael Schachner,18.0,Chardonnay,87,Michael,8,leyda 2015 single vineyard falaris hill chardonnay (leyda valley),Leyda 2015 Single Vineyard Falaris Hill Chardonnay Leyda Valley,Leyda Single Vineyard Falaris Hill Chardonnay (Leyda Valley),leyda 2015 single vineyard falaris hill chardonnay leyda valley,leyda single vineyard falaris hill chardonnay leyda valley,38
US,Raconteur 2016 White (Washington),Sean P. Sullivan,18.0,White Blend,89,Sean,3,raconteur 2016 white (washington),Raconteur 2016 White Washington,Raconteur White (Washington),raconteur 2016 white washington,raconteur white washington,39
US,Soquel Vineyards 2013 Intreccio Library Selection Red (Napa Valley),Virginie Boone,75.0,Bordeaux-style Red Blend,88,Virginie,8,soquel vineyards 2013 intreccio library selection red (napa valley),Soquel Vineyards 2013 Intreccio Library Selection Red Napa Valley,Soquel Vineyards Intreccio Library Selection Red (Napa Valley),soquel vineyards 2013 intreccio library selection red napa valley,soquel vineyards intreccio library selection red napa valley,40
Chile,Morandé 2008 Pionero Carmenère (Maipo Valley),Michael Schachner,9.0,Carmenère,85,Michael,5,morandé 2008 pionero carmenère (maipo valley),Morandé 2008 Pionero Carmenère Maipo Valley,Morandé Pionero Carmenère (Maipo Valley),morandé 2008 pionero carmenère maipo valley,morandé pionero carmenère maipo valley,41
France,Vignerons de Bel Air 2011 Eté Indien  (Brouilly),Roger Voss,14.0,Gamay,86,Roger,8,vignerons de bel air 2011 eté indien  (brouilly),Vignerons de Bel Air 2011 Eté Indien  Brouilly,Vignerons de Bel Air Eté Indien (Brouilly),vignerons de bel air 2011 eté indien  brouilly,vignerons de bel air eté indien brouilly,42
Chile,Cono Sur 2012 20 Barrels Cabernet Sauvignon (Maipo Valley),Michael Schachner,32.0,Cabernet Sauvignon,91,Michael,8,cono sur 2012 20 barrels cabernet sauvignon (maipo valley),Cono Sur 2012 20 Barrels Cabernet Sauvignon Maipo Valley,Cono Sur Barrels Cabernet Sauvignon (Maipo Valley),cono sur 2012 20 barrels cabernet sauvignon maipo valley,cono sur barrels cabernet sauvignon maipo valley,43
Greece,Lyrarakis 2015 Vilana (Crete),Susan Kostrzewa,13.0,Vilana,89,Susan,3,lyrarakis 2015 vilana (crete),Lyrarakis 2015 Vilana Crete,Lyrarakis Vilana (Crete),lyrarakis 2015 vilana crete,lyrarakis vilana crete,44
France,G. H. Mumm NV Mumm de Cramant Blanc de Blancs Chardonnay (Champagne),Roger Voss,62.0,Chardonnay,92,Roger,11,g. h. mumm nv mumm de cramant blanc de blancs chardonnay (champagne),G H Mumm NV Mumm de Cramant Blanc de Blancs Chardonnay Champagne,G. H. Mumm NV Mumm de Cramant Blanc de Blancs Chardonnay (Champagne),g h mumm nv mumm de cramant blanc de blancs chardonnay champagne,g h mumm nv mumm de cramant blanc de blancs chardonnay champagne,45
US,Stoller 2013 Nancy's Pinot Noir (Dundee Hills),Paul Gregutt,70.0,Pinot Noir,92,Paul,6,stoller 2013 nancy's pinot noir (dundee hills),Stoller 2013 Nancys Pinot Noir Dundee Hills,Stoller Nancy's Pinot Noir (Dundee Hills),stoller 2013 nancys pinot noir dundee hills,stoller nancys pinot noir dundee hills,46
Germany,Castell 2015 Castell Silvaner (Franken),Anna Lee C. Iijima,16.0,Silvaner,90,Anna,4,castell 2015 castell silvaner (franken),Castell 2015 Castell Silvaner Franken,Castell Castell Silvaner (Franken),castell 2015 castell silvaner franken,castell castell silvaner franken,47
US,Eighty Four 2010 Petite Sirah (Napa Valley),Virginie Boone,65.0,Petite Sirah,93,Virginie,6,eighty four 2010 petite sirah (napa valley),Eighty Four 2010 Petite Sirah Napa Valley,Eighty Four Petite Sirah (Napa Valley),eighty four 2010 petite sirah napa valley,eighty four petite sirah napa valley,48
US,Flying Goat Cellars 2012 Bien Nacido Vineyard Pinot Noir (Santa Maria Valley),Matt Kettmann,60.0,Pinot Noir,93,Matt,11,flying goat cellars 2012 bien nacido vineyard pinot noir (santa maria valley),Flying Goat Cellars 2012 Bien Nacido Vineyard Pinot Noir Santa Maria Valley,Flying Goat Cellars Bien Nacido Vineyard Pinot Noir (Santa Maria Valley),flying goat cellars 2012 bien nacido vineyard pinot noir santa maria valley,flying goat cellars bien nacido vineyard pinot noir santa maria valley,49
France,Leon Beyer 2012 Gewurztraminer (Alsace),Roger Voss,30.0,Gewürztraminer,87,Roger,4,leon beyer 2012 gewurztraminer (alsace),Leon Beyer 2012 Gewurztraminer Alsace,Leon Beyer Gewurztraminer (Alsace),leon beyer 2012 gewurztraminer alsace,leon beyer gewurztraminer alsace,50
France,Kuentz-Bas 2014 Pfersigberg Grand Cru Riesling (Alsace),Anne Krebiehl MW,39.0,Riesling,92,Anne,6,kuentz-bas 2014 pfersigberg grand cru riesling (alsace),KuentzBas 2014 Pfersigberg Grand Cru Riesling Alsace,Kuentz-Bas Pfersigberg Grand Cru Riesling (Alsace),kuentzbas 2014 pfersigberg grand cru riesling alsace,kuentzbas pfersigberg grand cru riesling alsace,51
US,Northstar 2013 Red (Walla Walla Valley (WA)),Sean P. Sullivan,50.0,Bordeaux-style Red Blend,91,Sean,6,northstar 2013 red (walla walla valley (wa)),Northstar 2013 Red Walla Walla Valley WA,Northstar Red (Walla Walla Valley (WA)),northstar 2013 red walla walla valley wa,northstar red walla walla valley wa,52
Spain,V&N; Cellars NV Reserva Brut Sparkling (Cava),Michael Schachner,19.0,Sparkling Blend,87,Michael,6,v&n; cellars nv reserva brut sparkling (cava),VN Cellars NV Reserva Brut Sparkling Cava,V&N; Cellars NV Reserva Brut Sparkling (Cava),vn cellars nv reserva brut sparkling cava,vn cellars nv reserva brut sparkling cava,53
France,Château Lamothe-Vincent 2008 Sauvignon  (Bordeaux Blanc),Roger Voss,10.0,Sauvignon Blanc,85,Roger,6,château lamothe-vincent 2008 sauvignon  (bordeaux blanc),Château LamotheVincent 2008 Sauvignon  Bordeaux Blanc,Château Lamothe-Vincent Sauvignon (Bordeaux Blanc),château lamothevincent 2008 sauvignon  bordeaux blanc,château lamothevincent sauvignon bordeaux blanc,54
US,Albatross Ridge 2012 Estate Reserve Pinot Noir (Carmel Valley),Matt Kettmann,55.0,Pinot Noir,91,Matt,8,albatross ridge 2012 estate reserve pinot noir (carmel valley),Albatross Ridge 2012 Estate Reserve Pinot Noir Carmel Valley,Albatross Ridge Estate Reserve Pinot Noir (Carmel Valley),albatross ridge 2012 estate reserve pinot noir carmel valley,albatross ridge estate reserve pinot noir carmel valley,55
US,Cooper-Garrod 2012 Gravel Ridge Vineyard Chardonnay (Santa Cruz Mountains),Matt Kettmann,29.0,Chardonnay,90,Matt,8,cooper-garrod 2012 gravel ridge vineyard chardonnay (santa cruz mountains),CooperGarrod 2012 Gravel Ridge Vineyard Chardonnay Santa Cruz Mountains,Cooper-Garrod Gravel Ridge Vineyard Chardonnay (Santa Cruz Mountains),coopergarrod 2012 gravel ridge vineyard chardonnay santa cruz mountains,coopergarrod gravel ridge vineyard chardonnay santa cruz mountains,56
Italy,Serpaia di Endrizzi 2010 Dono Riserva  (Morellino di Scansano),Kerin O’Keefe,30.0,Sangiovese,88,Kerin,9,serpaia di endrizzi 2010 dono riserva  (morellino di scansano),Serpaia di Endrizzi 2010 Dono Riserva  Morellino di Scansano,Serpaia di Endrizzi Dono Riserva (Morellino di Scansano),serpaia di endrizzi 2010 dono riserva  morellino di scansano,serpaia di endrizzi dono riserva morellino di scansano,57
US,Edna Valley Vineyard 2013 Reserve Chardonnay (Edna Valley),Matt Kettmann,35.0,Chardonnay,90,Matt,7,edna valley vineyard 2013 reserve chardonnay (edna valley),Edna Valley Vineyard 2013 Reserve Chardonnay Edna Valley,Edna Valley Vineyard Reserve Chardonnay (Edna Valley),edna valley vineyard 2013 reserve chardonnay edna valley,edna valley vineyard reserve chardonnay edna valley,58
US,Mulvane Wine Co. 2013 The Cypher Red (Napa Valley),Virginie Boone,75.0,Bordeaux-style Red Blend,86,Virginie,8,mulvane wine co. 2013 the cypher red (napa valley),Mulvane Wine Co 2013 The Cypher Red Napa Valley,Mulvane Wine Co. The Cypher Red (Napa Valley),mulvane wine co 2013 the cypher red napa valley,mulvane wine co the cypher red napa valley,59
Chile,Carmen 2000 Estate Grown Reserve Cabernet Sauvignon (Maipo Valley),Michael Schachner,15.0,Cabernet Sauvignon,88,Michael,8,carmen 2000 estate grown reserve cabernet sauvignon (maipo valley),Carmen 2000 Estate Grown Reserve Cabernet Sauvignon Maipo Valley,Carmen Estate Grown Reserve Cabernet Sauvignon (Maipo Valley),carmen 2000 estate grown reserve cabernet sauvignon maipo valley,carmen estate grown reserve cabernet sauvignon maipo valley,60
France,Domaine Bertagna 2009 Les Dames Huguettes  (Côte de Nuits-Villages),Roger Voss,30.0,Pinot Noir,87,Roger,9,domaine bertagna 2009 les dames huguettes  (côte de nuits-villages),Domaine Bertagna 2009 Les Dames Huguettes  Côte de NuitsVillages,Domaine Bertagna Les Dames Huguettes (Côte de Nuits-Villages),domaine bertagna 2009 les dames huguettes  côte de nuitsvillages,domaine bertagna les dames huguettes côte de nuitsvillages,61
US,Francis Coppola 2014 Director's Chardonnay (Sonoma County),Virginie Boone,17.0,Chardonnay,87,Virginie,6,francis coppola 2014 director's chardonnay (sonoma county),Francis Coppola 2014 Directors Chardonnay Sonoma County,Francis Coppola Director's Chardonnay (Sonoma County),francis coppola 2014 directors chardonnay sonoma county,francis coppola directors chardonnay sonoma county,62
US,Chehalem 2013 Ian's Reserve Chardonnay (Willamette Valley),Paul Gregutt,40.0,Chardonnay,87,Paul,6,chehalem 2013 ian's reserve chardonnay (willamette valley),Chehalem 2013 Ians Reserve Chardonnay Willamette Valley,Chehalem Ian's Reserve Chardonnay (Willamette Valley),chehalem 2013 ians reserve chardonnay willamette valley,chehalem ians reserve chardonnay willamette valley,63
Chile,Casa Julia 2001 Reserve Cabernet Sauvignon (Maipo Valley),Michael Schachner,12.0,Cabernet Sauvignon,88,Michael,7,casa julia 2001 reserve cabernet sauvignon (maipo valley),Casa Julia 2001 Reserve Cabernet Sauvignon Maipo Valley,Casa Julia Reserve Cabernet Sauvignon (Maipo Valley),casa julia 2001 reserve cabernet sauvignon maipo valley,casa julia reserve cabernet sauvignon maipo valley,64
Italy,Cavallotto 2010 Vignolo Riserva  (Barolo),Kerin O’Keefe,150.0,Nebbiolo,97,Kerin,5,cavallotto 2010 vignolo riserva  (barolo),Cavallotto 2010 Vignolo Riserva  Barolo,Cavallotto Vignolo Riserva (Barolo),cavallotto 2010 vignolo riserva  barolo,cavallotto vignolo riserva barolo,65
US,Walla Walla Vintners 2013 Cabernet Sauvignon (Walla Walla Valley (WA)),Sean P. Sullivan,38.0,Cabernet Sauvignon,89,Sean,9,walla walla vintners 2013 cabernet sauvignon (walla walla valley (wa)),Walla Walla Vintners 2013 Cabernet Sauvignon Walla Walla Valley WA,Walla Walla Vintners Cabernet Sauvignon (Walla Walla Valley (WA)),walla walla vintners 2013 cabernet sauvignon walla walla valley wa,walla walla vintners cabernet sauvignon walla walla valley wa,66
US,Passaggio 2014 Blau Vineyards Merlot (Knights Valley),Virginie Boone,55.0,Merlot,86,Virginie,6,passaggio 2014 blau vineyards merlot (knights valley),Passaggio 2014 Blau Vineyards Merlot Knights Valley,Passaggio Blau Vineyards Merlot (Knights Valley),passaggio 2014 blau vineyards merlot knights valley,passaggio blau vineyards merlot knights valley,67
US,Coelho 2015 Renovação Estate Vineyards Pinot Gris (Willamette Valley),Paul Gregutt,20.0,Pinot Gris,87,Paul,8,coelho 2015 renovação estate vineyards pinot gris (willamette valley),Coelho 2015 Renovação Estate Vineyards Pinot Gris Willamette Valley,Coelho Renovação Estate Vineyards Pinot Gris (Willamette Valley),coelho 2015 renovação estate vineyards pinot gris willamette valley,coelho renovação estate vineyards pinot gris willamette valley,68
Italy,Castello di Querceto 2010 Cignale Red (Colli della Toscana Centrale),Kerin O’Keefe,70.0,Red Blend,90,Kerin,9,castello di querceto 2010 cignale red (colli della toscana centrale),Castello di Querceto 2010 Cignale Red Colli della Toscana Centrale,Castello di Querceto Cignale Red (Colli della Toscana Centrale),castello di querceto 2010 cignale red colli della toscana centrale,castello di querceto cignale red colli della toscana centrale,69
US,L'Ecole No. 41 2014 Cabernet Sauvignon (Columbia Valley (WA)),Sean P. Sullivan,30.0,Cabernet Sauvignon,89,Sean,8,l'ecole no. 41 2014 cabernet sauvignon (columbia valley (wa)),LEcole No 41 2014 Cabernet Sauvignon Columbia Valley WA,L'Ecole No. Cabernet Sauvignon (Columbia Valley (WA)),lecole no 41 2014 cabernet sauvignon columbia valley wa,lecole no cabernet sauvignon columbia valley wa,70
Australia,Jacob's Creek 2015 Classic Pinot Grigio (South Eastern Australia),Joe Czerwinski,9.0,Pinot Grigio,85,Joe,8,jacob's creek 2015 classic pinot grigio (south eastern australia),Jacobs Creek 2015 Classic Pinot Grigio South Eastern Australia,Jacob's Creek Classic Pinot Grigio (South Eastern Australia),jacobs creek 2015 classic pinot grigio south eastern australia,jacobs creek classic pinot grigio south eastern australia,71
Chile,Valdivieso 2001 Reserve Chardonnay (Central Valley),Michael Schachner,14.0,Chardonnay,88,Michael,5,valdivieso 2001 reserve chardonnay (central valley),Valdivieso 2001 Reserve Chardonnay Central Valley,Valdivieso Reserve Chardonnay (Central Valley),valdivieso 2001 reserve chardonnay central valley,valdivieso reserve chardonnay central valley,72
US,Coiled 2010 Black Mamba Red,Sean P. Sullivan,28.0,Red Blend,87,Sean,4,coiled 2010 black mamba red,Coiled 2010 Black Mamba Red,Coiled Black Mamba Red,coiled 2010 black mamba red,coiled black mamba red,73
US,Le Cadeau 2015 Diversité Pinot Noir (Willamette Valley),Paul Gregutt,50.0,Pinot Noir,91,Paul,7,le cadeau 2015 diversité pinot noir (willamette valley),Le Cadeau 2015 Diversité Pinot Noir Willamette Valley,Le Cadeau Diversité Pinot Noir (Willamette Valley),le cadeau 2015 diversité pinot noir willamette valley,le cadeau diversité pinot noir willamette valley,74
US,Kontos 2014 Summit View Vineyard Malbec (Walla Walla Valley (WA)),Sean P. Sullivan,41.0,Malbec,89,Sean,9,kontos 2014 summit view vineyard malbec (walla walla valley (wa)),Kontos 2014 Summit View Vineyard Malbec Walla Walla Valley WA,Kontos Summit View Vineyard Malbec (Walla Walla Valley (WA)),kontos 2014 summit view vineyard malbec walla walla valley wa,kontos summit view vineyard malbec walla walla valley wa,75
Portugal,Herdade Grande 2015 Audaz Branco White (Alentejano),Roger Voss,10.0,Portuguese White,85,Roger,6,herdade grande 2015 audaz branco white (alentejano),Herdade Grande 2015 Audaz Branco White Alentejano,Herdade Grande Audaz Branco White (Alentejano),herdade grande 2015 audaz branco white alentejano,herdade grande audaz branco white alentejano,76
US,Gård 2014 Grand Klasse Reserve Lawrence Vineyards Viognier (Columbia Valley (WA)),Sean P. Sullivan,22.0,Viognier,88,Sean,10,gård 2014 grand klasse reserve lawrence vineyards viognier (columbia valley (wa)),Gård 2014 Grand Klasse Reserve Lawrence Vineyards Viognier Columbia Valley WA,Gård Grand Klasse Reserve Lawrence Vineyards Viognier (Columbia Valley (WA)),gård 2014 grand klasse reserve lawrence vineyards viognier columbia valley wa,gård grand klasse reserve lawrence vineyards viognier columbia valley wa,77
Chile,Koyle 2015 Costa Pinot Noir (Colchagua Costa),Michael Schachner,35.0,Pinot Noir,83,Michael,6,koyle 2015 costa pinot noir (colchagua costa),Koyle 2015 Costa Pinot Noir Colchagua Costa,Koyle Costa Pinot Noir (Colchagua Costa),koyle 2015 costa pinot noir colchagua costa,koyle costa pinot noir colchagua costa,78
US,Artesa 2014 Estate Reserve Chardonnay (Carneros),Virginie Boone,35.0,Chardonnay,93,Virginie,5,artesa 2014 estate reserve chardonnay (carneros),Artesa 2014 Estate Reserve Chardonnay Carneros,Artesa Estate Reserve Chardonnay (Carneros),artesa 2014 estate reserve chardonnay carneros,artesa estate reserve chardonnay carneros,79
US,J. Davies 2012 Jamie Cabernet Sauvignon (Diamond Mountain District),Virginie Boone,200.0,Cabernet Sauvignon,95,Virginie,8,j. davies 2012 jamie cabernet sauvignon (diamond mountain district),J Davies 2012 Jamie Cabernet Sauvignon Diamond Mountain District,J. Davies Jamie Cabernet Sauvignon (Diamond Mountain District),j davies 2012 jamie cabernet sauvignon diamond mountain district,j davies jamie cabernet sauvignon diamond mountain district,80
Germany,P.J. Valckenberg 2015 Undone Dry Riesling (Rheinhessen),Anna Lee C. Iijima,10.0,Riesling,86,Anna,6,p.j. valckenberg 2015 undone dry riesling (rheinhessen),PJ Valckenberg 2015 Undone Dry Riesling Rheinhessen,P.J. Valckenberg Undone Dry Riesling (Rheinhessen),pj valckenberg 2015 undone dry riesling rheinhessen,pj valckenberg undone dry riesling rheinhessen,81
Germany,Dr. H. Thanisch (Erben Thanisch) 2014 Thanisch Kabinett Riesling (Mosel),Anna Lee C. Iijima,30.0,Riesling,90,Anna,9,dr. h. thanisch (erben thanisch) 2014 thanisch kabinett riesling (mosel),Dr H Thanisch Erben Thanisch 2014 Thanisch Kabinett Riesling Mosel,Dr. H. Thanisch (Erben Thanisch) Thanisch Kabinett Riesling (Mosel),dr h thanisch erben thanisch 2014 thanisch kabinett riesling mosel,dr h thanisch erben thanisch thanisch kabinett riesling mosel,82
US,Firesteed 2012 Riesling (Oregon),Paul Gregutt,15.0,Riesling,90,Paul,3,firesteed 2012 riesling (oregon),Firesteed 2012 Riesling Oregon,Firesteed Riesling (Oregon),firesteed 2012 riesling oregon,firesteed riesling oregon,83
US,Drumheller 2014 Chardonnay (Columbia Valley (WA)),Sean P. Sullivan,12.0,Chardonnay,86,Sean,5,drumheller 2014 chardonnay (columbia valley (wa)),Drumheller 2014 Chardonnay Columbia Valley WA,Drumheller Chardonnay (Columbia Valley (WA)),drumheller 2014 chardonnay columbia valley wa,drumheller chardonnay columbia valley wa,84
Italy,Poderi Colla 2013 Costa Bruna  (Barbera d'Alba),Kerin O’Keefe,25.0,Barbera,90,Kerin,7,poderi colla 2013 costa bruna  (barbera d'alba),Poderi Colla 2013 Costa Bruna  Barbera dAlba,Poderi Colla Costa Bruna (Barbera d'Alba),poderi colla 2013 costa bruna  barbera dalba,poderi colla costa bruna barbera dalba,85
Argentina,Antucura 2011 Grand Vin Red (Vista Flores),Michael Schachner,30.0,Bordeaux-style Red Blend,87,Michael,6,antucura 2011 grand vin red (vista flores),Antucura 2011 Grand Vin Red Vista Flores,Antucura Grand Vin Red (Vista Flores),antucura 2011 grand vin red vista flores,antucura grand vin red vista flores,86
US,Walt 2013 Pinpoint Extreme Pinot Noir (Russian River Valley),Virginie Boone,75.0,Pinot Noir,92,Virginie,8,walt 2013 pinpoint extreme pinot noir (russian river valley),Walt 2013 Pinpoint Extreme Pinot Noir Russian River Valley,Walt Pinpoint Extreme Pinot Noir (Russian River Valley),walt 2013 pinpoint extreme pinot noir russian river valley,walt pinpoint extreme pinot noir russian river valley,87
US,Owen Roe 2009 Slide Mountain Vineyard Cabernet Franc (Yakima Valley),Paul Gregutt,72.0,Cabernet Franc,90,Paul,9,owen roe 2009 slide mountain vineyard cabernet franc (yakima valley),Owen Roe 2009 Slide Mountain Vineyard Cabernet Franc Yakima Valley,Owen Roe Slide Mountain Vineyard Cabernet Franc (Yakima Valley),owen roe 2009 slide mountain vineyard cabernet franc yakima valley,owen roe slide mountain vineyard cabernet franc yakima valley,88
Germany,Heinz Eifel 2013 Shine Gewürztraminer (Rheinhessen),Anna Lee C. Iijima,12.0,Gewürztraminer,87,Anna,5,heinz eifel 2013 shine gewürztraminer (rheinhessen),Heinz Eifel 2013 Shine Gewürztraminer Rheinhessen,Heinz Eifel Shine Gewürztraminer (Rheinhessen),heinz eifel 2013 shine gewürztraminer rheinhessen,heinz eifel shine gewürztraminer rheinhessen,89
Argentina,Lagarde 2013 Henry Legarde Malbec (Luján de Cuyo),Michael Schachner,17.0,Malbec,85,Michael,7,lagarde 2013 henry legarde malbec (luján de cuyo),Lagarde 2013 Henry Legarde Malbec Luján de Cuyo,Lagarde Henry Legarde Malbec (Luján de Cuyo),lagarde 2013 henry legarde malbec luján de cuyo,lagarde henry legarde malbec luján de cuyo,90
US,Castello di Amorosa 2011 King Ridge Vineyard Pinot Noir (Sonoma Coast),Virginie Boone,69.0,Pinot Noir,87,Virginie,10,castello di amorosa 2011 king ridge vineyard pinot noir (sonoma coast),Castello di Amorosa 2011 King Ridge Vineyard Pinot Noir Sonoma Coast,Castello di Amorosa King Ridge Vineyard Pinot Noir (Sonoma Coast),castello di amorosa 2011 king ridge vineyard pinot noir sonoma coast,castello di amorosa king ridge vineyard pinot noir sonoma coast,91
France,Mont Gravet 2013 Colombard (Côtes de Gascogne),Roger Voss,9.0,Colombard,86,Roger,6,mont gravet 2013 colombard (côtes de gascogne),Mont Gravet 2013 Colombard Côtes de Gascogne,Mont Gravet Colombard (Côtes de Gascogne),mont gravet 2013 colombard côtes de gascogne,mont gravet colombard côtes de gascogne,92
Spain,Mauro 2005 Red (Vino de la Tierra de Castilla y León),Michael Schachner,53.0,Tempranillo Blend,88,Michael,10,mauro 2005 red (vino de la tierra de castilla y león),Mauro 2005 Red Vino de la Tierra de Castilla y León,Mauro Red (Vino de la Tierra de Castilla y León),mauro 2005 red vino de la tierra de castilla y león,mauro red vino de la tierra de castilla y león,93
US,Terra Valentine 2013 K Block Cabernet Sauvignon (Spring Mountain District),Virginie Boone,85.0,Cabernet Sauvignon,91,Virginie,9,terra valentine 2013 k block cabernet sauvignon (spring mountain district),Terra Valentine 2013 K Block Cabernet Sauvignon Spring Mountain District,Terra Valentine K Block Cabernet Sauvignon (Spring Mountain District),terra valentine 2013 k block cabernet sauvignon spring mountain district,terra valentine k block cabernet sauvignon spring mountain district,94
Spain,El Coto 2011 Rosado Rosé (Rioja),Michael Schachner,11.0,Rosé,87,Michael,5,el coto 2011 rosado rosé (rioja),El Coto 2011 Rosado Rosé Rioja,El Coto Rosado Rosé (Rioja),el coto 2011 rosado rosé rioja,el coto rosado rosé rioja,95
Portugal,Quinta do Vallado 2009 Sousão (Douro),Roger Voss,40.0,Sousão,90,Roger,5,quinta do vallado 2009 sousão (douro),Quinta do Vallado 2009 Sousão Douro,Quinta do Vallado Sousão (Douro),quinta do vallado 2009 sousão douro,quinta do vallado sousão douro,96
Italy,Tenuta La Marchesa 2015 Gold Label  (Gavi),Kerin O’Keefe,15.0,Cortese,89,Kerin,7,tenuta la marchesa 2015 gold label  (gavi),Tenuta La Marchesa 2015 Gold Label  Gavi,Tenuta La Marchesa Gold Label (Gavi),tenuta la marchesa 2015 gold label  gavi,tenuta la marchesa gold label gavi,97
US,Claiborne & Churchill 2014 Claiborne Vineyard Riesling (Edna Valley),Matt Kettmann,28.0,Riesling,91,Matt,8,claiborne & churchill 2014 claiborne vineyard riesling (edna valley),Claiborne  Churchill 2014 Claiborne Vineyard Riesling Edna Valley,Claiborne & Churchill Claiborne Vineyard Riesling (Edna Valley),claiborne  churchill 2014 claiborne vineyard riesling edna valley,claiborne churchill claiborne vineyard riesling edna valley,98
Argentina,Cueva de las Manos 2007 Reserve Malbec (Luján de Cuyo),Michael Schachner,15.0,Malbec,85,Michael,9,cueva de las manos 2007 reserve malbec (luján de cuyo),Cueva de las Manos 2007 Reserve Malbec Luján de Cuyo,Cueva de las Manos Reserve Malbec (Luján de Cuyo),cueva de las manos 2007 reserve malbec luján de cuyo,cueva de las manos reserve malbec luján de cuyo,99
US,Martin Ranch 2014 J.D. Hurley Zinfandel (Santa Clara Valley),Matt Kettmann,26.0,Zinfandel,87,Matt,8,martin ranch 2014 j.d. hurley zinfandel (santa clara valley),Martin Ranch 2014 JD Hurley Zinfandel Santa Clara Valley,Martin Ranch J.D. Hurley Zinfandel (Santa Clara Valley),martin ranch 2014 jd hurley zinfandel santa clara valley,martin ranch jd hurley zinfandel santa clara valley,100
Austria,Strauss 2016 Classic Pinot Blanc (Steiermark),Anne Krebiehl MW,18.0,Pinot Blanc,89,Anne,5,strauss 2016 classic pinot blanc (steiermark),Strauss 2016 Classic Pinot Blanc Steiermark,Strauss Classic Pinot Blanc (Steiermark),strauss 2016 classic pinot blanc steiermark,strauss classic pinot blanc steiermark,101
US,St. Julian 2013 Reserve Late Harvest Riesling (Lake Michigan Shore),Alexander Peartree,13.0,Riesling,87,Alexander,9,st. julian 2013 reserve late harvest riesling (lake michigan shore),St Julian 2013 Reserve Late Harvest Riesling Lake Michigan Shore,St. Julian Reserve Late Harvest Riesling (Lake Michigan Shore),st julian 2013 reserve late harvest riesling lake michigan shore,st julian reserve late harvest riesling lake michigan shore,102
US,Buttonwood 2015 Grenache Blanc (Santa Ynez Valley),Matt Kettmann,22.0,Grenache Blanc,90,Matt,6,buttonwood 2015 grenache blanc (santa ynez valley),Buttonwood 2015 Grenache Blanc Santa Ynez Valley,Buttonwood Grenache Blanc (Santa Ynez Valley),buttonwood 2015 grenache blanc santa ynez valley,buttonwood grenache blanc santa ynez valley,103
US,Robert Mondavi 2015 Fumé Blanc (Napa Valley),Virginie Boone,20.0,Fumé Blanc,90,Virginie,6,robert mondavi 2015 fumé blanc (napa valley),Robert Mondavi 2015 Fumé Blanc Napa Valley,Robert Mondavi Fumé Blanc (Napa Valley),robert mondavi 2015 fumé blanc napa valley,robert mondavi fumé blanc napa valley,104
US,Hawkins Cellars 2009 Pinot Noir (Willamette Valley),Paul Gregutt,22.0,Pinot Noir,86,Paul,6,hawkins cellars 2009 pinot noir (willamette valley),Hawkins Cellars 2009 Pinot Noir Willamette Valley,Hawkins Cellars Pinot Noir (Willamette Valley),hawkins cellars 2009 pinot noir willamette valley,hawkins cellars pinot noir willamette valley,105
US,Columbia Winery 2013 Viognier (Columbia Valley (WA)),Paul Gregutt,26.0,Viognier,86,Paul,6,columbia winery 2013 viognier (columbia valley (wa)),Columbia Winery 2013 Viognier Columbia Valley WA,Columbia Winery Viognier (Columbia Valley (WA)),columbia winery 2013 viognier columbia valley wa,columbia winery viognier columbia valley wa,106
US,Terre Rouge 2013 Vin Doux Naturel Muscat Blanc à Petits Grains (Shenandoah Valley (CA)),Jim Gordon,20.0,Muscat Blanc à Petits Grains,87,Jim,13,terre rouge 2013 vin doux naturel muscat blanc à petits grains (shenandoah valley (ca)),Terre Rouge 2013 Vin Doux Naturel Muscat Blanc à Petits Grains Shenandoah Valley CA,Terre Rouge Vin Doux Naturel Muscat Blanc à Petits Grains (Shenandoah Valley (CA)),terre rouge 2013 vin doux naturel muscat blanc à petits grains shenandoah valley ca,terre rouge vin doux naturel muscat blanc à petits grains shenandoah valley ca,107
France,Willm 2011 Vendanges Tardives Gewurztraminer (Alsace),Anne Krebiehl MW,54.0,Gewürztraminer,92,Anne,5,willm 2011 vendanges tardives gewurztraminer (alsace),Willm 2011 Vendanges Tardives Gewurztraminer Alsace,Willm Vendanges Tardives Gewurztraminer (Alsace),willm 2011 vendanges tardives gewurztraminer alsace,willm vendanges tardives gewurztraminer alsace,108
South Africa,Oldenburg 2014 Chenin Blanc (Stellenbosch),Lauren Buzzeo,20.0,Chenin Blanc,90,Lauren,4,oldenburg 2014 chenin blanc (stellenbosch),Oldenburg 2014 Chenin Blanc Stellenbosch,Oldenburg Chenin Blanc (Stellenbosch),oldenburg 2014 chenin blanc stellenbosch,oldenburg chenin blanc stellenbosch,109
Chile,Carmen 2014 Gran Reserva Carmenère (Colchagua Valley),Michael Schachner,15.0,Carmenère,90,Michael,6,carmen 2014 gran reserva carmenère (colchagua valley),Carmen 2014 Gran Reserva Carmenère Colchagua Valley,Carmen Gran Reserva Carmenère (Colchagua Valley),carmen 2014 gran reserva carmenère colchagua valley,carmen gran reserva carmenère colchagua valley,110
US,Firesteed 2014 Pinot Gris (Oregon),Paul Gregutt,15.0,Pinot Gris,90,Paul,4,firesteed 2014 pinot gris (oregon),Firesteed 2014 Pinot Gris Oregon,Firesteed Pinot Gris (Oregon),firesteed 2014 pinot gris oregon,firesteed pinot gris oregon,111
Argentina,Algodon 2008 Estate Blend Gran Reserva Red,Michael Schachner,37.0,Red Blend,89,Michael,6,algodon 2008 estate blend gran reserva red,Algodon 2008 Estate Blend Gran Reserva Red,Algodon Estate Blend Gran Reserva Red,algodon 2008 estate blend gran reserva red,algodon estate blend gran reserva red,112
Romania,Byzantium 2005 Rosso di Valachia Red (Dealu Mare),Susan Kostrzewa,12.0,Red Blend,85,Susan,7,byzantium 2005 rosso di valachia red (dealu mare),Byzantium 2005 Rosso di Valachia Red Dealu Mare,Byzantium Rosso di Valachia Red (Dealu Mare),byzantium 2005 rosso di valachia red dealu mare,byzantium rosso di valachia red dealu mare,113
France,Château Bois Chantant 2015  Bordeaux Supérieur,Roger Voss,14.0,Bordeaux-style Red Blend,89,Roger,6,château bois chantant 2015  bordeaux supérieur,Château Bois Chantant 2015  Bordeaux Supérieur,Château Bois Chantant Bordeaux Supérieur,château bois chantant 2015  bordeaux supérieur,château bois chantant bordeaux supérieur,114
US,Ektimo Vineyards 2014 Pinot Noir (Russian River Valley),Virginie Boone,34.0,Pinot Noir,87,Virginie,7,ektimo vineyards 2014 pinot noir (russian river valley),Ektimo Vineyards 2014 Pinot Noir Russian River Valley,Ektimo Vineyards Pinot Noir (Russian River Valley),ektimo vineyards 2014 pinot noir russian river valley,ektimo vineyards pinot noir russian river valley,115
Portugal,Aveleda NV Casal Garcia Rosé Sparkling (Vinho Verde),Roger Voss,12.0,Portuguese Sparkling,87,Roger,7,aveleda nv casal garcia rosé sparkling (vinho verde),Aveleda NV Casal Garcia Rosé Sparkling Vinho Verde,Aveleda NV Casal Garcia Rosé Sparkling (Vinho Verde),aveleda nv casal garcia rosé sparkling vinho verde,aveleda nv casal garcia rosé sparkling vinho verde,116
Italy,Montemercurio 2007 Messaggero  (Vino Nobile di Montepulciano),Kerin O’Keefe,35.0,Sangiovese,92,Kerin,7,montemercurio 2007 messaggero  (vino nobile di montepulciano),Montemercurio 2007 Messaggero  Vino Nobile di Montepulciano,Montemercurio Messaggero (Vino Nobile di Montepulciano),montemercurio 2007 messaggero  vino nobile di montepulciano,montemercurio messaggero vino nobile di montepulciano,117
Portugal,Monte da Penha 2005 Grande Reserva Red (Alentejo),Roger Voss,32.0,Portuguese Red,92,Roger,7,monte da penha 2005 grande reserva red (alentejo),Monte da Penha 2005 Grande Reserva Red Alentejo,Monte da Penha Grande Reserva Red (Alentejo),monte da penha 2005 grande reserva red alentejo,monte da penha grande reserva red alentejo,118
Italy,Marchesi de' Frescobaldi 2014 Castiglioni Red (Toscana),Kerin O’Keefe,30.0,Red Blend,87,Kerin,6,marchesi de' frescobaldi 2014 castiglioni red (toscana),Marchesi de Frescobaldi 2014 Castiglioni Red Toscana,Marchesi de' Frescobaldi Castiglioni Red (Toscana),marchesi de frescobaldi 2014 castiglioni red toscana,marchesi de frescobaldi castiglioni red toscana,119
US,Adelsheim 2010 Winderlea Vineyard Pinot Noir (Dundee Hills),Paul Gregutt,105.0,Pinot Noir,92,Paul,7,adelsheim 2010 winderlea vineyard pinot noir (dundee hills),Adelsheim 2010 Winderlea Vineyard Pinot Noir Dundee Hills,Adelsheim Winderlea Vineyard Pinot Noir (Dundee Hills),adelsheim 2010 winderlea vineyard pinot noir dundee hills,adelsheim winderlea vineyard pinot noir dundee hills,120
US,Lamoreaux Landing 2014 Red Oak Vineyard Riesling (Finger Lakes),Anna Lee C. Iijima,20.0,Riesling,87,Anna,8,lamoreaux landing 2014 red oak vineyard riesling (finger lakes),Lamoreaux Landing 2014 Red Oak Vineyard Riesling Finger Lakes,Lamoreaux Landing Red Oak Vineyard Riesling (Finger Lakes),lamoreaux landing 2014 red oak vineyard riesling finger lakes,lamoreaux landing red oak vineyard riesling finger lakes,121
Italy,Tenuta Poggio il Castellare 2009  Brunello di Montalcino,Kerin O’Keefe,70.0,Sangiovese,86,Kerin,8,tenuta poggio il castellare 2009  brunello di montalcino,Tenuta Poggio il Castellare 2009  Brunello di Montalcino,Tenuta Poggio il Castellare Brunello di Montalcino,tenuta poggio il castellare 2009  brunello di montalcino,tenuta poggio il castellare brunello di montalcino,122
Canada,Pillitteri 2012 Reserve Icewine Vidal (Niagara-On-The-Lake),Sean P. Sullivan,30.0,Vidal,92,Sean,5,pillitteri 2012 reserve icewine vidal (niagara-on-the-lake),Pillitteri 2012 Reserve Icewine Vidal NiagaraOnTheLake,Pillitteri Reserve Icewine Vidal (Niagara-On-The-Lake),pillitteri 2012 reserve icewine vidal niagaraonthelake,pillitteri reserve icewine vidal niagaraonthelake,123
Italy,Tornatore 2015 Rosato (Etna),Kerin O’Keefe,19.0,Rosato,90,Kerin,3,tornatore 2015 rosato (etna),Tornatore 2015 Rosato Etna,Tornatore Rosato (Etna),tornatore 2015 rosato etna,tornatore rosato etna,124
France,Domaine Daniel Dugois 2006 Vin Jaune Savagnin (Arbois),Roger Voss,45.0,Savagnin,92,Roger,7,domaine daniel dugois 2006 vin jaune savagnin (arbois),Domaine Daniel Dugois 2006 Vin Jaune Savagnin Arbois,Domaine Daniel Dugois Vin Jaune Savagnin (Arbois),domaine daniel dugois 2006 vin jaune savagnin arbois,domaine daniel dugois vin jaune savagnin arbois,125
France,Henry Fessy 2012 Nouveau  (Beaujolais),Roger Voss,9.0,Gamay,86,Roger,5,henry fessy 2012 nouveau  (beaujolais),Henry Fessy 2012 Nouveau  Beaujolais,Henry Fessy Nouveau (Beaujolais),henry fessy 2012 nouveau  beaujolais,henry fessy nouveau beaujolais,126
US,Coiled 2009 Sidewinder Red,Sean P. Sullivan,25.0,Red Blend,87,Sean,3,coiled 2009 sidewinder red,Coiled 2009 Sidewinder Red,Coiled Sidewinder Red,coiled 2009 sidewinder red,coiled sidewinder red,127
Chile,Viña Bisquertt 2007 Casa la Joya Reserve Syrah (Colchagua Valley),Michael Schachner,11.0,Syrah,85,Michael,9,viña bisquertt 2007 casa la joya reserve syrah (colchagua valley),Viña Bisquertt 2007 Casa la Joya Reserve Syrah Colchagua Valley,Viña Bisquertt Casa la Joya Reserve Syrah (Colchagua Valley),viña bisquertt 2007 casa la joya reserve syrah colchagua valley,viña bisquertt casa la joya reserve syrah colchagua valley,128
Spain,Morlanda 2007 Criança Red (Priorat),Michael Schachner,48.0,Red Blend,90,Michael,4,morlanda 2007 criança red (priorat),Morlanda 2007 Criança Red Priorat,Morlanda Criança Red (Priorat),morlanda 2007 criança red priorat,morlanda criança red priorat,129
France,Château de la Tour 2013 Vieilles Vignes  (Clos de Vougeot),Roger Voss,350.0,Pinot Noir,95,Roger,10,château de la tour 2013 vieilles vignes  (clos de vougeot),Château de la Tour 2013 Vieilles Vignes  Clos de Vougeot,Château de la Tour Vieilles Vignes (Clos de Vougeot),château de la tour 2013 vieilles vignes  clos de vougeot,château de la tour vieilles vignes clos de vougeot,130
Germany,Schmitt Söhne 2015 Riesling (Rheinhessen),Anna Lee C. Iijima,9.0,Riesling,86,Anna,4,schmitt söhne 2015 riesling (rheinhessen),Schmitt Söhne 2015 Riesling Rheinhessen,Schmitt Söhne Riesling (Rheinhessen),schmitt söhne 2015 riesling rheinhessen,schmitt söhne riesling rheinhessen,131
France,Jacquart NV Mosaïque Rosé Brut  (Champagne),Roger Voss,42.0,Champagne Blend,86,Roger,6,jacquart nv mosaïque rosé brut  (champagne),Jacquart NV Mosaïque Rosé Brut  Champagne,Jacquart NV Mosaïque Rosé Brut (Champagne),jacquart nv mosaïque rosé brut  champagne,jacquart nv mosaïque rosé brut champagne,132
Austria,Gunter Triebaumer NV Muscato Moscato (Österreichischer Sekt),Roger Voss,18.0,Moscato,87,Roger,6,gunter triebaumer nv muscato moscato (österreichischer sekt),Gunter Triebaumer NV Muscato Moscato Österreichischer Sekt,Gunter Triebaumer NV Muscato Moscato (Österreichischer Sekt),gunter triebaumer nv muscato moscato österreichischer sekt,gunter triebaumer nv muscato moscato österreichischer sekt,133
New Zealand,Cloudy Bay 2014 Sauvignon Blanc (Marlborough),Joe Czerwinski,28.0,Sauvignon Blanc,91,Joe,5,cloudy bay 2014 sauvignon blanc (marlborough),Cloudy Bay 2014 Sauvignon Blanc Marlborough,Cloudy Bay Sauvignon Blanc (Marlborough),cloudy bay 2014 sauvignon blanc marlborough,cloudy bay sauvignon blanc marlborough,134
US,Joseph Jewell 2014 Bucher Vineyard Pinot Noir (Russian River Valley),Virginie Boone,45.0,Pinot Noir,91,Virginie,9,joseph jewell 2014 bucher vineyard pinot noir (russian river valley),Joseph Jewell 2014 Bucher Vineyard Pinot Noir Russian River Valley,Joseph Jewell Bucher Vineyard Pinot Noir (Russian River Valley),joseph jewell 2014 bucher vineyard pinot noir russian river valley,joseph jewell bucher vineyard pinot noir russian river valley,135
France,Mémoires 2015 Rosé (Coteaux Varois en Provence),Roger Voss,11.0,Rosé,82,Roger,6,mémoires 2015 rosé (coteaux varois en provence),Mémoires 2015 Rosé Coteaux Varois en Provence,Mémoires Rosé (Coteaux Varois en Provence),mémoires 2015 rosé coteaux varois en provence,mémoires rosé coteaux varois en provence,136
US,Lava Cap 2010 Battonage Chardonnay (El Dorado),Virginie Boone,18.0,Chardonnay,87,Virginie,6,lava cap 2010 battonage chardonnay (el dorado),Lava Cap 2010 Battonage Chardonnay El Dorado,Lava Cap Battonage Chardonnay (El Dorado),lava cap 2010 battonage chardonnay el dorado,lava cap battonage chardonnay el dorado,137
France,Lionel Osmin & Cie 2016 La Réserve Petit Manseng (Vin de France),Roger Voss,11.0,Petit Manseng,86,Roger,11,lionel osmin & cie 2016 la réserve petit manseng (vin de france),Lionel Osmin  Cie 2016 La Réserve Petit Manseng Vin de France,Lionel Osmin & Cie La Réserve Petit Manseng (Vin de France),lionel osmin  cie 2016 la réserve petit manseng vin de france,lionel osmin cie la réserve petit manseng vin de france,138
US,Melhill 2012 Chardonnay (Sonoma Coast),Virginie Boone,60.0,Chardonnay,92,Virginie,4,melhill 2012 chardonnay (sonoma coast),Melhill 2012 Chardonnay Sonoma Coast,Melhill Chardonnay (Sonoma Coast),melhill 2012 chardonnay sonoma coast,melhill chardonnay sonoma coast,139
Italy,Brandini 2011 Resa 56  (Barolo),Kerin O’Keefe,90.0,Nebbiolo,93,Kerin,5,brandini 2011 resa 56  (barolo),Brandini 2011 Resa 56  Barolo,Brandini Resa (Barolo),brandini 2011 resa 56  barolo,brandini resa barolo,140
US,Bloomer Creek 2006 Gewürztraminer (Finger Lakes),Susan Kostrzewa,16.0,Gewürztraminer,85,Susan,5,bloomer creek 2006 gewürztraminer (finger lakes),Bloomer Creek 2006 Gewürztraminer Finger Lakes,Bloomer Creek Gewürztraminer (Finger Lakes),bloomer creek 2006 gewürztraminer finger lakes,bloomer creek gewürztraminer finger lakes,141
US,Lutum 2014 Gap's Crown Vineyard Chardonnay (Sonoma Coast),Virginie Boone,50.0,Chardonnay,93,Virginie,7,lutum 2014 gap's crown vineyard chardonnay (sonoma coast),Lutum 2014 Gaps Crown Vineyard Chardonnay Sonoma Coast,Lutum Gap's Crown Vineyard Chardonnay (Sonoma Coast),lutum 2014 gaps crown vineyard chardonnay sonoma coast,lutum gaps crown vineyard chardonnay sonoma coast,142
US,Peconic Bay Winery 2010 Cabernet Franc (North Fork of Long Island),Anna Lee C. Iijima,36.0,Cabernet Franc,87,Anna,10,peconic bay winery 2010 cabernet franc (north fork of long island),Peconic Bay Winery 2010 Cabernet Franc North Fork of Long Island,Peconic Bay Winery Cabernet Franc (North Fork of Long Island),peconic bay winery 2010 cabernet franc north fork of long island,peconic bay winery cabernet franc north fork of long island,143
South Africa,Delaire Graff 2013 Reserve White (Coastal Region),Lauren Buzzeo,40.0,White Blend,90,Lauren,6,delaire graff 2013 reserve white (coastal region),Delaire Graff 2013 Reserve White Coastal Region,Delaire Graff Reserve White (Coastal Region),delaire graff 2013 reserve white coastal region,delaire graff reserve white coastal region,144
Spain,Juvé y Camps NV Sweet Reserva Sparkling (Cava),Michael Schachner,15.0,Sparkling Blend,86,Michael,7,juvé y camps nv sweet reserva sparkling (cava),Juvé y Camps NV Sweet Reserva Sparkling Cava,Juvé y Camps NV Sweet Reserva Sparkling (Cava),juvé y camps nv sweet reserva sparkling cava,juvé y camps nv sweet reserva sparkling cava,145
Italy,Podere Ciona 2014 Semifonte Red (Toscana),Kerin O’Keefe,15.0,Red Blend,87,Kerin,5,podere ciona 2014 semifonte red (toscana),Podere Ciona 2014 Semifonte Red Toscana,Podere Ciona Semifonte Red (Toscana),podere ciona 2014 semifonte red toscana,podere ciona semifonte red toscana,146
Italy,Fattoria La Rivolta 2015 Taburno Fiano (Sannio),Kerin O’Keefe,25.0,Fiano,90,Kerin,6,fattoria la rivolta 2015 taburno fiano (sannio),Fattoria La Rivolta 2015 Taburno Fiano Sannio,Fattoria La Rivolta Taburno Fiano (Sannio),fattoria la rivolta 2015 taburno fiano sannio,fattoria la rivolta taburno fiano sannio,147
US,Fullerton 2015 Three Otters Pinot Noir Rosé (Willamette Valley),Paul Gregutt,18.0,Rosé,87,Paul,8,fullerton 2015 three otters pinot noir rosé (willamette valley),Fullerton 2015 Three Otters Pinot Noir Rosé Willamette Valley,Fullerton Three Otters Pinot Noir Rosé (Willamette Valley),fullerton 2015 three otters pinot noir rosé willamette valley,fullerton three otters pinot noir rosé willamette valley,148
US,Folie à Deux 2015 Pinot Gris (Sonoma Coast),Virginie Boone,18.0,Pinot Gris,88,Virginie,7,folie à deux 2015 pinot gris (sonoma coast),Folie à Deux 2015 Pinot Gris Sonoma Coast,Folie à Deux Pinot Gris (Sonoma Coast),folie à deux 2015 pinot gris sonoma coast,folie à deux pinot gris sonoma coast,149
