country,title,taster_name,price,variety,points,country_exact_copy,country_with_noise,country_with_nan_noise
US,Pech Merle 2013 Treborce Vineyard Zinfandel (Dry Creek Valley),Virginie Boone,33.0,Zinfandel,85,US,US,
US,Talley 2011 Rincon Vineyard Pinot Noir (Arroyo Grande Valley),,60.0,Pinot Noir,92,US,US,
Chile,Cono Sur 2012 20 Barrels Cabernet Sauvignon (Maipo Valley),Michael Schachner,32.0,Cabernet Sauvignon,91,Chile,Chile,
France,Jacquart NV Brut Mosaïque  (Champagne),Roger Voss,40.0,Champagne Blend,87,France,Austria,
US,Insania 2009 Red (Red Mountain),Paul Gregutt,35.0,Red Blend,87,US,US,
Romania,Byzantium 2005 Rosso di Valachia Red (Dealu Mare),Susan Kostrzewa,12.0,Red Blend,85,Romania,Romania,
France,Simonnet-Febvre 2015  Chablis,Roger Voss,24.0,Chardonnay,86,France,France,France
Italy,Giacomo Ascheri 2003 Vigna dei Pola  (Barolo),,45.0,Nebbiolo,90,Italy,Italy,
Spain,J. & F. Lurton 2007 Herederos de François Lurton Villafrance de Duero Red (Vino de la Tierra de Castilla y León),Michael Schachner,13.0,Red Blend,85,Spain,Spain,
Italy,Tenuta Poggio il Castellare 2009  Brunello di Montalcino,Kerin O’Keefe,70.0,Sangiovese,86,Italy,US,
US,Chessman 2014 Cabernet Sauvignon (Santa Ynez Valley),Matt Kettmann,20.0,Cabernet Sauvignon,90,US,US,
Italy,Boffa 2006 Nebbiolo (Langhe),,18.0,Nebbiolo,87,Italy,Italy,
US,Robert Foley 2008 The Griffin Red (Napa Valley),,32.0,Red Blend,87,US,US,
Austria,Umathum 2015 Zweigelt (Burgenland),Anne Krebiehl MW,,Zweigelt,89,Austria,Austria,Austria
France,Montaudon NV Classe M  (Champagne),Roger Voss,,Champagne Blend,92,France,France,
South Africa,Goats do Roam Wine Co. 2008 Goat-Roti Syrah-Viognier (Coastal Region),Lauren Buzzeo,20.0,Syrah-Viognier,89,South Africa,South Africa,South Africa
US,Kendall-Jackson 2008 Summation Vintner's Reserve White (California),,17.0,White Blend,85,US,US,US
Italy,Fratelli Zeni 2000 Vigne Alte  (Bianco di Custoza),Joe Czerwinski,11.0,White Blend,88,Italy,Italy,Italy
France,Dampierre 2005 Grand Cru Family Reserve Brut  (Champagne),Roger Voss,,Champagne Blend,92,France,France,
France,Vignerons de Bel Air 2011 Eté Indien  (Brouilly),Roger Voss,14.0,Gamay,86,France,France,
US,Phoenix Ranch 2009 Estate Viognier (Napa Valley),,28.0,Viognier,90,US,US,
US,David Fulton 2008 Petite Sirah (St. Helena),,45.0,Petite Sirah,89,US,US,US
US,Midsummer Cellars 2013 Cañon Creek Vineyard Cabernet Sauvignon (Napa Valley),Virginie Boone,75.0,Cabernet Sauvignon,93,US,Italy,
France,Cave de Beblenheim 2009 Baron de Hoen Riesling (Alsace),Roger Voss,12.0,Riesling,87,France,France,
US,Becker 2014 Reserve Bingham Vineyard Roussanne (Texas High Plains),Alexander Peartree,22.0,Roussanne,87,US,US,US
Germany,Maximin Grünhäuser 2015 Trocken Riesling (Mosel),Anna Lee C. Iijima,22.0,Riesling,91,Germany,Germany,
US,Greenwood Ridge 2013 Estate Bottled Syrah (Mendocino Ridge),Jim Gordon,29.0,Syrah,90,US,US,
France,Domaine des Terrisses 2006 Grande Tradition Red (Gaillac),Roger Voss,14.0,Red Blend,88,France,France,
Italy,Santa Maria La Palma 2006 Riserva  (Cannonau di Sardegna),,15.0,Cannonau,87,Italy,Italy,
Spain,Navardia 2013 Made With Organic Grapes  (Rioja),Michael Schachner,12.0,Tempranillo Blend,86,Spain,Spain,
US,Envolve 2010 Puma Springs Vineyard Red (Dry Creek Valley),,50.0,Red Blend,86,US,France,
Italy,Duca di Salaparuta 2010 Calanìca Nero d'Avola-Merlot Red (Sicilia),,,Red Blend,86,Italy,Italy,
Argentina,Andean Sky 2007 Bonarda (Mendoza),Michael Schachner,10.0,Bonarda,85,Argentina,Argentina,
Portugal,Ribafreixo 2015 Pato Frio Antão Vaz (Alentejo),Roger Voss,12.0,Antão Vaz,85,Portugal,Portugal,Portugal
Italy,Aldegheri 2003 Le Pietre Santambrogio Red (Rosso del Veronese),,20.0,Red Blend,87,Italy,US,
Italy,Sommariva NV Palazzo Rosso Brut  (Prosecco di Conegliano),,19.0,Prosecco,86,Italy,Italy,Italy
US,St. Julian 2013 Reserve Late Harvest Riesling (Lake Michigan Shore),Alexander Peartree,13.0,Riesling,87,US,US,
US,J. Lohr 2014 Gesture G-S-M (Paso Robles),Matt Kettmann,30.0,G-S-M,90,US,US,
Chile,J. & F. Lurton 2006 Gran Araucano Cabernet Sauvignon (Colchagua Valley),Michael Schachner,35.0,Cabernet Sauvignon,86,Chile,France,
Italy,Brezza 2015  Dolcetto d'Alba,Kerin O’Keefe,15.0,Dolcetto,89,Italy,Italy,
US,Claudia Springs 2007 Zinfandel (Mendocino County),Virginie Boone,24.0,Zinfandel,87,US,US,
Italy,Ornellaia 2014 Le Volte Red (Toscana),Kerin O’Keefe,30.0,Red Blend,87,Italy,Italy,
US,Babcock 2010 Ocean's Ghost Pinot Noir (Sta. Rita Hills),,60.0,Pinot Noir,87,US,US,
Australia,Yalumba 2016 Made With Organic Grapes Chardonnay (South Australia),Joe Czerwinski,18.0,Chardonnay,86,Australia,Italy,
US,Napa Cellars 2014 Classic Zinfandel (Napa Valley),Virginie Boone,24.0,Zinfandel,86,US,US,
Austria,Malat 2015 Crazy Creatures Grüner Veltliner (Kremstal),Anne Krebiehl MW,17.0,Grüner Veltliner,89,Austria,Austria,
France,Lionel Osmin & Cie 2016 La Réserve Petit Manseng (Vin de France),Roger Voss,11.0,Petit Manseng,86,France,France,France
Germany,Wittmann 2015 Trocken Scheurebe (Rheinhessen),Anna Lee C. Iijima,30.0,Scheurebe,91,Germany,Germany,
US,Carlisle 2013 Pagani Ranch Zinfandel (Sonoma Valley),Virginie Boone,46.0,Zinfandel,93,US,US,
US,J. Davies 2012 Jamie Cabernet Sauvignon (Diamond Mountain District),Virginie Boone,200.0,Cabernet Sauvignon,95,US,US,
France,Château de Marsan 2015  Bordeaux Blanc,Roger Voss,,Bordeaux-style White Blend,89,France,France,
France,Château Mougneaux 2014  Bordeaux Supérieur,Roger Voss,16.0,Bordeaux-style Red Blend,87,France,France,France
France,Domaine Jeannin-Naltet 2014 Le Clos l'Evêque Premier Cru  (Mercurey),Roger Voss,60.0,Pinot Noir,91,France,France,France
France,Henri de Villamont 2010 Blagny Premier Cru  (Meursault),Roger Voss,66.0,Chardonnay,92,France,France,
US,Rainstorm 2013 Pinot Gris (Willamette Valley),Paul Gregutt,14.0,Pinot Gris,87,US,US,
US,Lamoreaux Landing 2014 Red Oak Vineyard Riesling (Finger Lakes),Anna Lee C. Iijima,20.0,Riesling,87,US,US,US
France,Château Vray Croix de Gay 2010  Pomerol,Roger Voss,65.0,Bordeaux-style Red Blend,92,France,France,France
Argentina,Sottano 2009 Reserva de Familia Cabernet Sauvignon (Mendoza),Michael Schachner,30.0,Cabernet Sauvignon,89,Argentina,Argentina,
Spain,Tandem 2011 Ars In Vitro Tempranillo-Merlot (Navarra),Michael Schachner,15.0,Tempranillo-Merlot,87,Spain,Spain,
Italy,Castello di Neive 2013  Barbaresco,Kerin O’Keefe,35.0,Nebbiolo,87,Italy,Italy,
US,Dutton Estate 2013 Cohen Vineyard Dutton Ranch Sauvignon Blanc (Russian River Valley),Virginie Boone,23.0,Sauvignon Blanc,91,US,US,
US,Heron Hill 2015 Ingle Vineyard Riesling (Finger Lakes),Anna Lee C. Iijima,20.0,Riesling,88,US,US,US
South Africa,Jardin 2009 Nine Yards Chardonnay (Stellenbosch),Lauren Buzzeo,40.0,Chardonnay,89,South Africa,South Africa,
US,Rochioli 2014 Sweetwater Chardonnay (Russian River Valley),Virginie Boone,68.0,Chardonnay,96,US,US,
Australia,Beresford 2014 Handpicked Grenache Rosé (McLaren Vale),Joe Czerwinski,25.0,Rosé,90,Australia,Australia,
Italy,Valentina Cubi 2008 Morar  (Amarone della Valpolicella),Kerin O’Keefe,69.0,Red Blend,92,Italy,Italy,
US,Aiken 2013 Cabernet Sauvignon (Rutherford),Virginie Boone,125.0,Cabernet Sauvignon,90,US,US,
US,Ojai 2014 McGinley Vineyard Sauvignon Blanc (Santa Ynez Valley),Matt Kettmann,30.0,Sauvignon Blanc,89,US,US,
US,MICA Cellars 2009 Babcock Vineyard Cabernet Franc (Suisun Valley),Virginie Boone,30.0,Cabernet Franc,87,US,US,
France,Château Sainte Marguerite 2014 Rosé (Côtes de Provence),Roger Voss,,Rosé,91,France,France,
Italy,Tenuta Forconi 2013 Toscano Red (Toscana),Kerin O’Keefe,80.0,Red Blend,87,Italy,Italy,
Chile,Carmen 2014 Gran Reserva Carmenère (Colchagua Valley),Michael Schachner,15.0,Carmenère,90,Chile,Chile,
US,Blue Rock 2005 Estate Cabernet Sauvignon (Alexander Valley),,49.0,Cabernet Sauvignon,85,US,US,
France,Domaine de Thulon 2013  Beaujolais-Villages,Roger Voss,15.0,Chardonnay,86,France,US,
France,Jean-Baptiste Adam 2012 Les Natures Pinot Gris (Alsace),Roger Voss,27.0,Pinot Gris,87,France,France,
Italy,Cesani 2007 Pancole  (Vernaccia di San Gimignano),,18.0,Vernaccia,87,Italy,Italy,
US,Paoletti 2010 Cabernet Sauvignon (Oak Knoll District),,69.0,Cabernet Sauvignon,87,US,US,
Spain,Spyro 2014 Albariño (Rías Baixas),Michael Schachner,16.0,Albariño,86,Spain,Spain,Spain
US,Melhill 2012 Chardonnay (Sonoma Coast),Virginie Boone,60.0,Chardonnay,92,US,US,
Australia,Plantagenet 2014 Riesling (Great Southern),Joe Czerwinski,21.0,Riesling,92,Australia,US,Australia
US,Barlow 2009 Unfiltered Merlot (Calistoga),,35.0,Merlot,87,US,US,
US,Dogwood 2005 Cabernet Sauvignon (Mendocino),,36.0,Cabernet Sauvignon,85,US,Argentina,
US,Parallel 2010 Fortune Teller Cabernet Sauvignon (Napa Valley),,125.0,Cabernet Sauvignon,92,US,US,US
France,Famille Perrin 2013 Les Christins Red (Vacqueyras),Joe Czerwinski,32.0,Rhône-style Red Blend,90,France,France,
Argentina,Benvenuto de la Serna 2010 Trisagio Malbec-Petit Verdot-Tannat Red (Valle de Uco),Michael Schachner,28.0,Red Blend,91,Argentina,Argentina,
France,Château de la Tour 2013 Vieilles Vignes  (Clos de Vougeot),Roger Voss,350.0,Pinot Noir,95,France,France,
France,Gadais Père et Fils 2015 Domaine de la Vieille Cure Sur Lie  (Muscadet Sèvre et Maine),Roger Voss,14.0,Melon,88,France,France,
US,Wagner 2006 Grace House Pinot Noir (Finger Lakes),,15.0,Pinot Noir,85,US,US,
US,Easton 2014 Zinfandel (Amador County),Jim Gordon,20.0,Zinfandel,90,US,US,
Italy,Bel Colle 2012 Simposio  (Barolo),Kerin O’Keefe,60.0,Nebbiolo,95,Italy,Italy,
Chile,Terrapura 2012 Merlot (Curicó Valley),Michael Schachner,11.0,Merlot,86,Chile,Chile,
France,Domaine du Grand Cros 2011 L'Esprit de Provence Rosé (Côtes de Provence),Roger Voss,20.0,Rosé,87,France,France,
US,Kynsi 1999 Paragon Vineyard Pinot Noir (Edna Valley),Roger Voss,25.0,Pinot Noir,88,US,US,
US,Milbrandt 2013 The Estates Clifton Hill Vineyard Syrah (Wahluke Slope),Sean P. Sullivan,42.0,Syrah,89,US,US,
Australia,Sieber Rd 2007 Viognier (Barossa Valley),,25.0,Viognier,88,Australia,Australia,Australia
US,Robert Mondavi 2008 Cabernet Sauvignon (Napa Valley),,28.0,Cabernet Sauvignon,87,US,US,
US,Vino V 2005 White Hawk Vineyard Syrah (Santa Barbara County),,45.0,Syrah,85,US,US,
France,Trimbach 2012 Gewurztraminer (Alsace),Roger Voss,24.0,Gewürztraminer,87,France,France,
US,Big Basin 2013 Syrah (Santa Cruz Mountains),Matt Kettmann,36.0,Syrah,91,US,US,
Italy,Moncaro 2015 Le Vele  (Verdicchio dei Castelli di Jesi Classico),Kerin O’Keefe,32.0,Verdicchio,90,Italy,Italy,
US,Maryhill 2011 Proprietor's Reserve Cabernet Franc (Columbia Valley (WA)),Paul Gregutt,25.0,Cabernet Franc,86,US,US,
US,WillaKenzie Estate 2013 Aliette Pinot Noir,Paul Gregutt,48.0,Pinot Noir,92,US,US,
Chile,Undurraga 2001 Reserva Merlot (Maipo Valley),Michael Schachner,12.0,Merlot,87,Chile,Chile,
Argentina,Bodega Calle 2014 Alberti 154 Malbec (Mendoza),Michael Schachner,15.0,Malbec,87,Argentina,Argentina,
US,Midnight 2013 Starlight Sangiovese (Paso Robles),Matt Kettmann,36.0,Sangiovese,89,US,US,US
Italy,Spagnol NV Col del Sas Extra Dry  (Prosecco di Valdobbiadene),,18.0,Prosecco,86,Italy,Italy,
France,Château de l'Aubrade 2015  Bordeaux Supérieur,Roger Voss,14.0,Bordeaux-style Red Blend,89,France,France,
France,Château les Petits Arnauds 2014 Tradition  (Blaye Côtes de Bordeaux),Roger Voss,14.0,Bordeaux-style Red Blend,87,France,France,
Portugal,Real Companhia Velha 2014 Evel Tinto Red (Douro),Roger Voss,13.0,Portuguese Red,87,Portugal,Portugal,
New Zealand,Saint Clair 2014 Pioneer Block 20 Dillons Point Cash Block Sauvignon Blanc (Marlborough),Joe Czerwinski,28.0,Sauvignon Blanc,91,New Zealand,New Zealand,
US,Joseph Jewell 2014 Bucher Vineyard Pinot Noir (Russian River Valley),Virginie Boone,45.0,Pinot Noir,91,US,France,US
US,Raconteur 2016 White (Washington),Sean P. Sullivan,18.0,White Blend,89,US,US,US
New Zealand,Cloudy Bay 2014 Sauvignon Blanc (Marlborough),Joe Czerwinski,28.0,Sauvignon Blanc,91,New Zealand,New Zealand,
US,Paul O'Brien 2014 Bradley Vineyard Pinot Noir (Umpqua Valley),Paul Gregutt,45.0,Pinot Noir,91,US,France,
Italy,Montemercurio 2007 Messaggero  (Vino Nobile di Montepulciano),Kerin O’Keefe,35.0,Sangiovese,92,Italy,Italy,Italy
US,Treleaven 2006 Semi-Dry Riesling (Cayuga Lake),,14.0,Riesling,85,US,US,
Italy,Cavallotto 2010 Vignolo Riserva  (Barolo),Kerin O’Keefe,150.0,Nebbiolo,97,Italy,Italy,
Italy,Jacopo Biondi-Santi 2008 Castello di Montepò  (Morellino di Scansano),,29.0,Sangiovese,90,Italy,Italy,
Spain,Matarromera 2015 Fermentado en Barrica Verdejo (Rueda),Michael Schachner,40.0,Verdejo,90,Spain,Spain,
Portugal,Adega Cooperativa do Cartaxo 2014 Bridão Touriga Nacional (Tejo),Roger Voss,,Touriga Nacional,86,Portugal,Portugal,
Germany,Weingut Liebfrauenstift 2014 Dry Riesling (Rheinhessen),Anna Lee C. Iijima,16.0,Riesling,91,Germany,Germany,
Italy,Cantina del Nebbiolo 2008  Roero,,,Nebbiolo,87,Italy,Italy,
France,Jacquart NV Mosaïque Rosé Brut  (Champagne),Roger Voss,42.0,Champagne Blend,86,France,France,
US,Failla 2013 Keefer Ranch Pinot Noir (Russian River Valley),Virginie Boone,48.0,Pinot Noir,91,US,US,
US,Folin Cellars 2015 Estate Viognier (Rogue Valley),Paul Gregutt,27.0,Viognier,87,US,US,
Australia,Evans & Tate 2015 Breathing Space Sauvignon Blanc (Australia),Joe Czerwinski,,Sauvignon Blanc,87,Australia,Australia,
South Africa,Cape View 2011 Chenin Blanc (Stellenbosch),Lauren Buzzeo,12.0,Chenin Blanc,87,South Africa,South Africa,South Africa
US,Ledgewood Creek 2007 Estate Grown Viognier (Suisun Valley),,16.0,Viognier,85,US,US,US
Italy,Poderi Luigi Einaudi 2003  Barolo,,68.0,Nebbiolo,91,Italy,Italy,
Italy,Brandini 2011 Resa 56  (Barolo),Kerin O’Keefe,90.0,Nebbiolo,93,Italy,Italy,
New Zealand,Otto's Constant Dream 2008 Syrah (Hawke's Bay),Joe Czerwinski,18.0,Syrah,87,New Zealand,New Zealand,New Zealand
Argentina,Proemio 2009 Gran Reserve Winemaker's Selection Red (Mendoza),Michael Schachner,30.0,Red Blend,87,Argentina,Argentina,
Spain,Vinos de Arganza 2013 Marqués de Montejos Selección Mencía (Vino de la Tierra de Castilla y León),Michael Schachner,42.0,Mencía,89,Spain,Spain,
Italy,Nicosia 2013 Vulkà Bianco  (Etna),Kerin O’Keefe,,White Blend,87,Italy,Germany,
France,Château Mont-Pérat 2008 Les Amants Mont-Pérat  (Bordeaux Blanc),Roger Voss,,Bordeaux-style White Blend,86,France,Spain,
France,Château Vignelaure 2014 Rosé (Coteaux d'Aix-en-Provence),Roger Voss,20.0,Rosé,91,France,France,
France,Kiwi Cuvée 2014 Bin 068 Chardonnay (Vin de France),Lauren Buzzeo,10.0,Chardonnay,85,France,France,
Spain,Bellisco NV Sparkling (Cava),Michael Schachner,11.0,Sparkling Blend,82,Spain,Spain,
US,Le Cadeau 2011 Blanc de Noir Sparkling (Oregon),Paul Gregutt,50.0,Sparkling Blend,91,US,US,
Italy,Altùris 2011 White (Venezia Giulia),,12.0,White Blend,87,Italy,Italy,Italy
US,Sebastiani 1991 Cherryblock Vineyard Cabernet Sauvignon (Sonoma Valley),,160.0,Cabernet Sauvignon,88,US,US,
Chile,G7 2012 The 7th Generation Gran Reserva Estate Bottled Cabernet Sauvignon (Loncomilla Valley),Michael Schachner,20.0,Cabernet Sauvignon,91,Chile,Chile,
South Africa,Le Riche 2003 Cabernet Sauvignon Reserve Cabernet Sauvignon (Stellenbosch),Roger Voss,45.0,Cabernet Sauvignon,91,South Africa,South Africa,
US,Turiya 2011 Stolpman Vineyard Sangiovese (Ballard Canyon),Matt Kettmann,150.0,Sangiovese,93,US,US,
Italy,Benanti 2006 Edèlmio White (Sicilia),,26.0,White Blend,88,Italy,Chile,Italy
Portugal,Quinta do Vallado 2010 Reserva Branco White (Douro),Roger Voss,50.0,Portuguese White,90,Portugal,Portugal,
US,Ferrari-Carano 2014 Siena Red (Sonoma County),Virginie Boone,23.0,Red Blend,88,US,Canada,US
US,Chehalem 2015 Stoller Vineyards Pinot Blanc (Dundee Hills),Paul Gregutt,29.0,Pinot Blanc,87,US,US,
US,McIntyre Vineyards 2006 Mission Ranch Pinot Noir (Arroyo Seco),,36.0,Pinot Noir,88,US,US,
Italy,Pico Maccario 2010 Estrosa White (Monferrato),,13.0,White Blend,89,Italy,Italy,
Australia,Hungerford Hill 2008 Heavy Metal Shiraz (South Eastern Australia),Joe Czerwinski,15.0,Shiraz,90,Australia,Italy,
France,Collet NV Brut Rosé  (Champagne),Roger Voss,55.0,Champagne Blend,86,France,France,
Italy,Dionigi 2006  Sagrantino di Montefalco,Kerin O’Keefe,,Sagrantino,92,Italy,Italy,Italy
France,Dopff & Irion 2008 Gentil White (Alsace),,20.0,Alsace white blend,91,France,France,
US,Benessere 2007 Estate Sangiovese (Napa Valley),,28.0,Sangiovese,87,US,US,
US,Kerloo 2015 Blue Mountain Vineyard Grenache Blanc (Walla Walla Valley (WA)),Sean P. Sullivan,20.0,Grenache Blanc,89,US,US,
Italy,Marsuret NV Extra Dry  (Prosecco di Valdobbiadene),,15.0,Prosecco,86,Italy,Argentina,
US,Terra Valentine 2013 K Block Cabernet Sauvignon (Spring Mountain District),Virginie Boone,85.0,Cabernet Sauvignon,91,US,US,
Spain,Rafael Cambra 2012 Soplo Garnacha Tintorera (Valencia),Michael Schachner,15.0,Garnacha Tintorera,90,Spain,US,
US,St. Amant 2013 Lodi Native Marian's Vineyard Zinfandel (Mokelumne River),Jim Gordon,30.0,Zinfandel,92,US,US,US
Italy,Giacomo Ascheri 2001 Sorano  (Barolo),,60.0,Nebbiolo,91,Italy,Italy,
Italy,Viticoltori Ponte NV Extra Dry  (Prosecco del Veneto),,19.0,Prosecco,85,Italy,Italy,
Chile,Conde de Velázquez 2012 Condesa Real Premium Blend Red (Aconcagua Valley),Michael Schachner,29.0,Red Blend,91,Chile,Chile,
Italy,Terre di Giurfo 2011 Mascaria Barricato  (Cerasuolo di Vittoria),Kerin O’Keefe,17.0,Red Blend,87,Italy,Italy,
US,Coelho 2015 Renovação Estate Vineyards Pinot Gris (Willamette Valley),Paul Gregutt,20.0,Pinot Gris,87,US,US,
France,Bertrand Ambroise 2006  St.-Romain,Roger Voss,35.0,Chardonnay,87,France,France,
Chile,De Martino 2010 347 Vineyards Sauvignon Blanc (Central Valley),Michael Schachner,13.0,Sauvignon Blanc,87,Chile,Chile,
Australia,Torbreck 2010 The Factor Shiraz (Barossa Valley),Joe Czerwinski,125.0,Shiraz,92,Australia,Australia,
US,Dutton-Goldfield 2014 Dutton Ranch Pinot Noir (Russian River Valley),Virginie Boone,44.0,Pinot Noir,91,US,US,
US,Lyeth 2010 L de Lyeth Cabernet Sauvignon (Sonoma County),,13.0,Cabernet Sauvignon,87,US,US,
Italy,Poderi Colla 2005 Costa Bruna  (Barbera d'Alba),,26.0,Barbera,90,Italy,Italy,
US,Le Cadeau 2014 Pinot Noir (Willamette Valley),Paul Gregutt,38.0,Pinot Noir,91,US,US,
Italy,Terre di Giurfo 2013 Belsito Frappato (Vittoria),Kerin O’Keefe,16.0,Frappato,87,Italy,Italy,Italy
US,Amalie Robert 2012 i Pinot Noir (Willamette Valley),Paul Gregutt,38.0,Pinot Noir,87,US,US,
US,Snoqualmie 2013 Eco Made with Organic Grapes Cabernet Sauvignon (Columbia Valley (WA)),Sean P. Sullivan,13.0,Cabernet Sauvignon,90,US,US,
US,Hindsight 2013 Bella Vetta Vineyard Cabernet Sauvignon (Howell Mountain),Virginie Boone,75.0,Cabernet Sauvignon,86,US,US,US
France,Château Mille-Roses 2012  Margaux,Roger Voss,45.0,Bordeaux-style Red Blend,90,France,France,
US,Domaine Serene 2010 Evenstad Reserve Pinot Noir (Willamette Valley),Paul Gregutt,65.0,Pinot Noir,92,US,US,
Australia,D'Arenberg 2006 The Derelict Vineyard Grenache (McLaren Vale),Joe Czerwinski,29.0,Grenache,85,Australia,US,
US,Testarossa 2013 Guidotti Vineyard Pinot Noir (Santa Lucia Highlands),Matt Kettmann,64.0,Pinot Noir,91,US,US,
US,Barnard Griffin 2014 Signature Cabernet Sauvignon (Columbia Valley (WA)),Sean P. Sullivan,17.0,Cabernet Sauvignon,90,US,US,
Italy,Talamonti 2007 Cerasuolo Rosè  (Montepulciano d'Abruzzo),,10.0,Montepulciano,85,Italy,Greece,Italy
US,Sixteen by Twenty 2014 Chardonnay (Sonoma Coast),Virginie Boone,40.0,Chardonnay,90,US,US,
US,Silvertip 2014 Unfiltered Estate Pinot Noir (Santa Cruz Mountains),Matt Kettmann,32.0,Pinot Noir,89,US,US,
Germany,Winzergenossenschaft Mayschoss-Altenahr 2013 Trocken Früburgunder (Ahr),Anna Lee C. Iijima,40.0,Früburgunder,90,Germany,Austria,
South Africa,Delheim 2001 Grand Reserve Cabernet Sauvignon (Simonsberg-Stellenbosch),Roger Voss,30.0,Cabernet Sauvignon,91,South Africa,Austria,
US,Lachini 2007 Pinot Gris (Oregon),Paul Gregutt,20.0,Pinot Gris,88,US,US,
Italy,Le Vigne di Alice 2008 Millesimato Extra Dry  (Prosecco di Conegliano e Valdobbiadene),,15.0,Prosecco,85,Italy,Italy,
Chile,Apaltagua 2007 Envero Gran Reserva Carmenère (Colchagua Valley),Michael Schachner,15.0,Carmenère,88,Chile,Chile,
US,Hawkins Cellars 2009 Pinot Noir (Willamette Valley),Paul Gregutt,22.0,Pinot Noir,86,US,France,
Portugal,Cortes de Cima 2015 Rosé (Alentejano),Roger Voss,22.0,Rosé,85,Portugal,Portugal,
US,Martin Ranch 2014 J.D. Hurley Zinfandel (Santa Clara Valley),Matt Kettmann,26.0,Zinfandel,87,US,France,US
Austria,Strauss 2016 Classic Sauvignon Blanc (Südsteiermark),Anne Krebiehl MW,20.0,Sauvignon Blanc,89,Austria,Austria,
US,Souverain 2010 Chardonnay (North Coast),Virginie Boone,14.0,Chardonnay,85,US,US,
US,Acacia 2013 Pinot Noir (Carneros),Virginie Boone,28.0,Pinot Noir,90,US,US,
US,Walla Walla Vintners 2013 Cabernet Sauvignon (Walla Walla Valley (WA)),Sean P. Sullivan,38.0,Cabernet Sauvignon,89,US,US,
France,Domaines Schlumberger 2010 Kitterlé Grand Cru Riesling (Alsace),Anne Krebiehl MW,36.0,Riesling,92,France,France,
US,Firesteed 2014 Pinot Gris (Oregon),Paul Gregutt,15.0,Pinot Gris,90,US,US,
Italy,Canicattì 2009 Aynat Nero d'Avola (Sicilia),Kerin O’Keefe,35.0,Nero d'Avola,87,Italy,Italy,
France,Domaine Michel Goubard 2014 Mont-Avril  (Côte Chalonnaise),Roger Voss,22.0,Pinot Noir,85,France,France,
US,Knapp 2011 Chardonnay (Finger Lakes),Anna Lee C. Iijima,12.0,Chardonnay,87,US,Italy,
Chile,Lapostolle 2013 Cuvée Alexandre Apalta Vineyard Made With Organic Grapes Syrah (Colchagua Valley),Michael Schachner,24.0,Syrah,91,Chile,US,
Italy,Bacio della Luna 2012 Millesimato Extra Dry  (Conegliano Valdobbiadene Prosecco Superiore),,25.0,Glera,87,Italy,Italy,
Italy,Poggio Argentiera 2012 Capatosta  (Morellino di Scansano),Kerin O’Keefe,35.0,Red Blend,91,Italy,Italy,
Australia,Sidewood 2014 Sauvignon Blanc (Adelaide Hills),Joe Czerwinski,18.0,Sauvignon Blanc,87,Australia,Chile,
France,Mémoires 2015 Rosé (Coteaux Varois en Provence),Roger Voss,11.0,Rosé,82,France,France,
Chile,Casa Silva 2008 Gran Reserva Petit Verdot (Colchagua Valley),Michael Schachner,22.0,Petit Verdot,85,Chile,Chile,
US,Seven Falls 2013 Merlot (Wahluke Slope),Sean P. Sullivan,18.0,Merlot,89,US,US,US
Australia,Kangarilla Road 2012 Alluvial Fans Shiraz (McLaren Vale),Joe Czerwinski,35.0,Shiraz,92,Australia,Australia,
Italy,Diego Conterno 2012 Ginestra  (Barolo),Kerin O’Keefe,50.0,Nebbiolo,87,Italy,Italy,
France,Willm 2011 Vendanges Tardives Gewurztraminer (Alsace),Anne Krebiehl MW,54.0,Gewürztraminer,92,France,France,
South Africa,Jardin 2007 Syrah (Stellenbosch),Lauren Buzzeo,19.0,Syrah,89,South Africa,South Africa,
US,Northstar 2013 Red (Walla Walla Valley (WA)),Sean P. Sullivan,50.0,Bordeaux-style Red Blend,91,US,US,US
France,Domaine Sainte-Marie 2014 VieVité Extraordinaire Rosé (Côtes de Provence),Roger Voss,25.0,Rosé,91,France,France,
Spain,Bodegas Berceo 2011 Selección Crianza  (Rioja),Michael Schachner,25.0,Tempranillo Blend,90,Spain,Spain,
Spain,El Coto 2011 Rosado Rosé (Rioja),Michael Schachner,11.0,Rosé,87,Spain,Spain,Spain
US,B Cellars 2011 Dutton Ranch Chardonnay (Russian River Valley),,45.0,Chardonnay,87,US,US,US
Italy,Fattorie Romeo del Castello 2015 Vigorosa Rosato Nerello Mascalese (Etna),Kerin O’Keefe,28.0,Nerello Mascalese,88,Italy,Italy,
Spain,Pradorey 2010 Vendimia Seleccionada Finca Valdelayegua Single Vineyard Crianza  (Ribera del Duero),Michael Schachner,28.0,Tempranillo Blend,87,Spain,Spain,
US,Friedeman 2013 Dichotomy Pinot Noir (Russian River Valley),Virginie Boone,32.0,Pinot Noir,91,US,US,
Italy,Argiolas 2008 Costera Cannonau (Isola dei Nuraghi),,18.0,Cannonau,87,Italy,Italy,
Argentina,Benegas 2011 Benegas Lynch La Encerrada Estate Vineyard Malbec (Mendoza),Michael Schachner,55.0,Malbec,93,Argentina,US,
US,Ruby 2015 Steve's Reserve Pinot Noir (Chehalem Mountains),Paul Gregutt,65.0,Pinot Noir,91,US,Portugal,
Chile,De Martino 1999 Reserva de la Familia Carmenère (Maipo Valley),Michael Schachner,10.0,Carmenère,88,Chile,Chile,
Australia,Mitolo 2016 Jester Sangiovese Rosé (McLaren Vale),Joe Czerwinski,20.0,Rosé,86,Australia,Australia,
Italy,Podere dal Nespoli 2015 Prugneto Sangiovese (Romagna),Kerin O’Keefe,17.0,Sangiovese,86,Italy,Italy,Italy
Italy,Caruso & Minini 2006 Terre di Giumara Syrah (Sicilia),,14.0,Syrah,88,Italy,Italy,
Italy,Nals Margreid 2010 Sirmian Pinot Bianco (Alto Adige),,26.0,Pinot Bianco,89,Italy,Italy,
Austria,Salomon-Undhof 2011 Steiner Kögl Erste Lage Riesling (Kremstal),Roger Voss,,Riesling,92,Austria,Spain,
Australia,Torbreck 2012 Descendant Shiraz-Viognier (Barossa Valley),Joe Czerwinski,125.0,Shiraz-Viognier,95,Australia,Australia,
Germany,Robert Weil 2014 Kiedrich Gräfenberg Beerenauslese Riesling (Rheingau),Anna Lee C. Iijima,365.0,Riesling,96,Germany,Germany,
Portugal,Fiuza 2015 Red (Tejo),Roger Voss,14.0,Tinta Miúda,87,Portugal,Portugal,
US,Erath 2009 Bishop Creek Pinot Noir,Paul Gregutt,50.0,Pinot Noir,89,US,US,
US,Louis M. Martini 2012 Cabernet Sauvignon (Alexander Valley),Virginie Boone,34.0,Cabernet Sauvignon,87,US,US,
Italy,Abbadia Ardenga 2003 M. Vigna  (Brunello di Montalcino),,,Sangiovese Grosso,88,Italy,Italy,Italy
Italy,Montresor 2001  Bianco di Custoza,Joe Czerwinski,11.0,Garganega,88,Italy,Italy,
Spain,V&N; Cellars NV Reserva Brut Sparkling (Cava),Michael Schachner,19.0,Sparkling Blend,87,Spain,US,
Spain,Mauro 2005 Red (Vino de la Tierra de Castilla y León),Michael Schachner,53.0,Tempranillo Blend,88,Spain,Spain,
Italy,Terlan 2015 Pinot Bianco (Alto Adige),Kerin O’Keefe,,Pinot Bianco,90,Italy,Italy,
US,Nadia 2012 Quattro Santa Barbara Highlands Vineyard Red (Santa Barbara County),Matt Kettmann,35.0,Red Blend,91,US,US,US
Austria,Soellner 2014 von Gösing Roter Veltliner (Wagram),Anne Krebiehl MW,,Roter Veltliner,91,Austria,Austria,
US,Fenestra 2010 Silvaspoons Vineyard Verdelho (Lodi),Virginie Boone,15.0,Verdelho,87,US,US,
US,ONX 2013 Reckoning Red (Templeton Gap District),Matt Kettmann,54.0,Red Blend,93,US,US,
US,Savage Grace 2016 Orange Oak Ridge Vineyard Gewürztraminer (Columbia Gorge (WA)),Sean P. Sullivan,26.0,Gewürztraminer,89,US,US,
Spain,Oro de Castilla 2010 Solo Verdejo (Rueda),Michael Schachner,14.0,Verdejo,87,Spain,US,
Chile,TerraMater 2006 Unusual Cabernet-Shiraz-Zinfandel Red (Maipo Valley),Michael Schachner,50.0,Red Blend,88,Chile,Chile,Chile
Italy,Pecchenino 2013 Siri d'Jermu  (Dogliani Superiore),Kerin O’Keefe,35.0,Dolcetto,90,Italy,Chile,
Italy,Domenico Cavazza 2008 Memorio Creari  (Gambellara Classico),,23.0,Garganega,87,Italy,Italy,Italy
Austria,Steininger 2016 Grüner Veltliner (Kamptal),Anne Krebiehl MW,18.0,Grüner Veltliner,89,Austria,Austria,
US,Prospect 772 2014 The Brat Grenache (Calaveras County),Jim Gordon,36.0,Grenache,91,US,US,
Chile,San Pedro 2002 Castillo de Molina Reserva Chardonnay (Lontué Valley),Michael Schachner,11.0,Chardonnay,87,Chile,Chile,
France,Collin-Bourisset 2011 Hospices Civils de Romanèche Thurins  (Moulin-à-Vent),Roger Voss,,Gamay,91,France,France,
US,Amity 2006 Estate Single Vineyard Pinot Noir (Willamette Valley),Paul Gregutt,45.0,Pinot Noir,85,US,US,
Australia,Yeringberg 2013 Viognier (Yarra Valley),Joe Czerwinski,60.0,Viognier,92,Australia,Australia,
Italy,I Luoghi 2008 Campo al Fico  (Bolgheri Superiore),,,Red Blend,90,Italy,Italy,
US,Raphael 2014 Virgin Berry Riesling (North Fork of Long Island),Anna Lee C. Iijima,26.0,Riesling,90,US,US,
Italy,Valiano 1997 Vino in Musica Sangiovese (Toscana),,40.0,Sangiovese,88,Italy,Italy,
Italy,Perlage 2008 Canah Brut  (Prosecco di Valdobbiadene),,20.0,Prosecco,85,Italy,Italy,
US,Hindsight 2012 Estate Grown Petite Sirah (Calistoga),Virginie Boone,55.0,Petite Sirah,86,US,US,
Italy,Poggioventoso 2015 Poetico White (Toscana),Kerin O’Keefe,19.0,White Blend,87,Italy,Italy,
US,W.H. Smith 2012 Reserve Cabernet Sauvignon (Howell Mountain),Virginie Boone,70.0,Cabernet Sauvignon,93,US,US,
US,Limerick Lane 2013 Hail Mary Syrah-Grenache (Russian River Valley),Virginie Boone,48.0,Syrah-Grenache,93,US,US,
Chile,Casa Julia 2001 Reserve Cabernet Sauvignon (Maipo Valley),Michael Schachner,12.0,Cabernet Sauvignon,88,Chile,Chile,
Italy,Madonna Alta 2014 Nativo Red (Toscana),Kerin O’Keefe,16.0,Red Blend,87,Italy,Italy,
US,Pull 2012 BDX Red (Paso Robles),Matt Kettmann,18.0,Bordeaux-style Red Blend,87,US,France,
Italy,Pizzolato NV  Prosecco del Veneto,,,Prosecco,85,Italy,Italy,Italy
Chile,Ninquén 2009 Antu Cabernet Sauvignon-Carmenère (Colchagua Valley),Michael Schachner,19.0,Cabernet Sauvignon-Carmenère,87,Chile,Chile,
US,Rusack 2011 Solomon Hills Vineyard Pinot Noir (Santa Maria Valley),,45.0,Pinot Noir,92,US,US,
US,McGregor 2007 Dry Gewürztraminer (Finger Lakes),Susan Kostrzewa,20.0,Gewürztraminer,85,US,US,
US,Franciscan 2013 Magnificat Meritage (Napa Valley),Virginie Boone,55.0,Meritage,88,US,US,
US,Handley 2009 Gewürztraminer (Anderson Valley),,18.0,Gewürztraminer,87,US,US,
Italy,Fattoria Sardi 2015 Rosato (Toscana),Kerin O’Keefe,19.0,Rosato,88,Italy,Italy,
Chile,Koyle 2015 Costa Pinot Noir (Colchagua Costa),Michael Schachner,35.0,Pinot Noir,83,Chile,France,
Portugal,Quinta de la Rosa 2004 Late Bottled Vintage  (Port),Roger Voss,,Port,88,Portugal,Portugal,
Argentina,Domaine Bousquet 2015 Reserve Pinot Gris (Tupungato),Michael Schachner,15.0,Pinot Gris,87,Argentina,Argentina,
Italy,Borgogno F.lli Serio e Battista 2012  Barolo,Kerin O’Keefe,35.0,Nebbiolo,87,Italy,Italy,Italy
Spain,Príncipe de Viana 2008 Reserva 1423 Red (Navarra),Michael Schachner,35.0,Red Blend,87,Spain,Spain,
US,West of Temperance 2012 Rio Vista Vineyard Pinot Noir (Sta. Rita Hills),Matt Kettmann,45.0,Pinot Noir,90,US,France,US
South Africa,Reyneke 2013 Reserve Sauvignon Blanc (Stellenbosch),Lauren Buzzeo,50.0,Sauvignon Blanc,91,South Africa,South Africa,
US,Gård 2014 Grand Klasse Reserve Lawrence Vineyards Viognier (Columbia Valley (WA)),Sean P. Sullivan,22.0,Viognier,88,US,US,
France,Leon Beyer 2012 Gewurztraminer (Alsace),Roger Voss,30.0,Gewürztraminer,87,France,France,
US,Cline 2007 Ancient Vines Zinfandel (California),,16.0,Zinfandel,85,US,US,
US,Le Cadeau 2015 Diversité Pinot Noir (Willamette Valley),Paul Gregutt,50.0,Pinot Noir,91,US,US,
US,Robert Hall 2011 Sauvignon Blanc (Paso Robles),,14.0,Sauvignon Blanc,86,US,US,
France,Henry Fessy 2012 Nouveau  (Beaujolais),Roger Voss,9.0,Gamay,86,France,France,
US,Brutocao 2006 Reserve Zinfandel (Mendocino),,34.0,Zinfandel,86,US,US,
US,Dracaena 2013 Cabernet Franc (Paso Robles),Matt Kettmann,28.0,Cabernet Franc,91,US,US,
US,Lava Cap 2010 Battonage Chardonnay (El Dorado),Virginie Boone,18.0,Chardonnay,87,US,US,
Portugal,Quinta do Vallado 2009 Sousão (Douro),Roger Voss,40.0,Sousão,90,Portugal,Portugal,
Greece,Lyrarakis 2015 Vilana (Crete),Susan Kostrzewa,13.0,Vilana,89,Greece,Greece,Greece
Spain,El Coto 2010 Viura (Rioja),Michael Schachner,10.0,Viura,87,Spain,Chile,
US,Ventosa 2015 Pinot Gris (Finger Lakes),Anna Lee C. Iijima,18.0,Pinot Gris,88,US,Germany,
Spain,Luberri 2011 Seis  (Rioja),Michael Schachner,18.0,Tempranillo,89,Spain,Spain,
US,Kenwood 2005 Jack London Vineyard Syrah (Sonoma Valley),,25.0,Syrah,88,US,US,
Austria,Eschenhof Holzer 2015 Altweingarten Grüner Veltliner (Wagram),Anne Krebiehl MW,12.0,Grüner Veltliner,88,Austria,Austria,
Italy,Ca'Tullio NV Extra Dry  (Prosecco del Veneto),,14.0,Prosecco,85,Italy,Italy,
France,Duménil NV Grande Réserve Premier Cru Brut  (Champagne),Roger Voss,38.0,Champagne Blend,87,France,France,
US,Cline 2008 Sonoma Estate Syrah (Los Carneros),,20.0,Syrah,90,US,US,
South Africa,Fable Mountain 2011 Night Sky Red (Coastal Region),Lauren Buzzeo,50.0,Rhône-style Red Blend,92,South Africa,South Africa,
Italy,Isole e Olena 2005  Chianti Classico,,22.0,Sangiovese,88,Italy,South Africa,Italy
Italy,Conti Formentini 2001 Rylint White (Collio),Roger Voss,,White Blend,87,Italy,Italy,Italy
Italy,Graci 2015 Rosso  (Etna),Kerin O’Keefe,30.0,Nerello Mascalese,90,Italy,Italy,Italy
US,J Vineyards & Winery NV Brut Rose Sparkling (Russian River Valley),,28.0,Sparkling Blend,90,US,US,
Spain,Ignacio Marín 2015 Wine Wings Garnacha Rosé (Cariñena),Michael Schachner,18.0,Rosé,87,Spain,Spain,
Italy,Castello di Neive 2011 Metodo Classico Pinot Nero (Piemonte),Kerin O’Keefe,45.0,Pinot Nero,90,Italy,Italy,Italy
Italy,Tommasi 2001 Vigneto Santa Cecilia Chardonnay (Valdadige),Joe Czerwinski,9.0,Chardonnay,88,Italy,Italy,
US,Archgate Cellars 2014 Reserve Bottling Cabernet Sauvignon (Lodi),Jim Gordon,15.0,Cabernet Sauvignon,87,US,US,US
US,Saintsbury 2010 Toyon Farm Pinot Noir (Carneros),,54.0,Pinot Noir,87,US,US,US
South Africa,Graham Beck 2007 The William Red (Coastal Region),Lauren Buzzeo,18.0,Red Blend,89,South Africa,South Africa,South Africa
US,Stevens 2016 StevensSteel Chardonnay (Yakima Valley),Sean P. Sullivan,25.0,Chardonnay,89,US,US,US
Italy,L'Antica Quercia 2007 Arió Extra Dry  (Prosecco di Conegliano),,15.0,Prosecco,86,Italy,Italy,
Portugal,Solar de Pinheiro 2012 Paço de São Lourenço White (Vinho Verde),Roger Voss,12.0,Portuguese White,87,Portugal,US,
Germany,Richard Böcking 2013 Devon Riesling (Mosel),Anna Lee C. Iijima,24.0,Riesling,87,Germany,Germany,
Italy,L'Antica Quercia 2007 Matiú Brut  (Prosecco di Conegliano),,12.0,Prosecco,86,Italy,Italy,
US,Kuleto Estate 2008 Zinfandel (Napa Valley),,35.0,Zinfandel,87,US,US,
Italy,Talenti 2011 Trentennale  (Brunello di Montalcino),Kerin O’Keefe,,Sangiovese,90,Italy,Italy,
France,La Chablisienne 2006 Les Vénérables Vieilles Vignes  (Chablis),Roger Voss,27.0,Chardonnay,88,France,France,
France,Yvon Mau 2007 Premius Bordeaux Sauvignon  (Bordeaux Blanc),Roger Voss,10.0,Sauvignon Blanc,85,France,France,
Italy,Baglio di Pianetto 2007 Ficiligno White (Sicilia),Kerin O’Keefe,19.0,White Blend,87,Italy,Chile,Italy
Australia,Jasper Hill 2013 Georgia's Paddock Shiraz (Heathcote),Joe Czerwinski,85.0,Shiraz,95,Australia,Italy,
Italy,Poderi Colla 2013 Costa Bruna  (Barbera d'Alba),Kerin O’Keefe,25.0,Barbera,90,Italy,Italy,
US,Foretell 2012 Cabernet Sauvignon (Spring Mountain District),Virginie Boone,150.0,Cabernet Sauvignon,90,US,US,US
France,Antoine Moltès & Fils 2015 Tradition Pinot Gris (Alsace),Anne Krebiehl MW,18.0,Pinot Gris,82,France,France,
US,ONX 2015 Indie Tempranillo (Templeton Gap District),Matt Kettmann,24.0,Tempranillo,89,US,US,
US,Bergevin Lane 2008 Stone Tree Vineyard Intuition Reserve Red (Columbia Valley (WA)),Paul Gregutt,58.0,Bordeaux-style Red Blend,90,US,US,
US,Francis Coppola 2014 Director's Chardonnay (Sonoma County),Virginie Boone,17.0,Chardonnay,87,US,US,
Portugal,Adega Cooperativa de Borba 2012 Montes Claros Garrafeira Red (Alentejo),Roger Voss,28.0,Portuguese Red,90,Portugal,Portugal,
US,Walt 2013 Pinpoint Extreme Pinot Noir (Russian River Valley),Virginie Boone,75.0,Pinot Noir,92,US,US,
Austria,Fuchs 2015 Grüner Veltliner (Burgenland),Anne Krebiehl MW,12.0,Grüner Veltliner,88,Austria,Austria,
US,Sanctuary 2013 Bien Nacido Vineyard Pinot Noir (Santa Maria Valley),Matt Kettmann,40.0,Pinot Noir,93,US,US,
US,Cocobon 2014 Red (California),Jim Gordon,12.0,Red Blend,86,US,US,
US,Claiborne & Churchill 2010 Pinot Noir (Edna Valley),,28.0,Pinot Noir,87,US,US,US
Argentina,Viña Cobos 2011 Marchiori Vineyard Block C2 Malbec (Perdriel),Michael Schachner,215.0,Malbec,92,Argentina,Argentina,
France,Domaine Franck Besson 2014 Le Griottier  (Juliénas),Roger Voss,22.0,Gamay,90,France,France,France
Italy,Revello Fratelli 2012 Rocche dell'Annunziata  (Barolo),Kerin O’Keefe,89.0,Nebbiolo,89,Italy,Italy,
US,Alta Colina 2012 Old 900 Syrah (Paso Robles),Matt Kettmann,46.0,Syrah,91,US,US,US
US,Mulvane Wine Co. 2013 The Cypher Red (Napa Valley),Virginie Boone,75.0,Bordeaux-style Red Blend,86,US,US,
Argentina,Terrazas de Los Andes 2015 Reserva Torrontés (Salta),Michael Schachner,17.0,Torrontés,85,Argentina,US,Argentina
US,Flying Cloud 2014 Cabernet Sauvignon (Paso Robles),Matt Kettmann,20.0,Cabernet Sauvignon,88,US,US,US
Chile,Viña Bisquertt 2007 Casa La Joya Reserve Merlot (Colchagua Valley),Michael Schachner,11.0,Merlot,88,Chile,Chile,
Greece,My Big Fat Greek Wine 2010 Assyrtico (Santorini),Susan Kostrzewa,15.0,Assyrtico,89,Greece,Austria,
US,Meeker 2004 Kiss Ridge Vineyard Cabernet Sauvignon (Diamond Mountain District),,85.0,Cabernet Sauvignon,85,US,US,
Italy,Marco Cecchini 2010 Tovè White (Colli Orientali del Friuli),,15.0,White Blend,87,Italy,Italy,
US,Rideau 2014 Estate Syrah,Matt Kettmann,44.0,Syrah,87,US,Portugal,
US,Keuka Spring 2013 Pre-Emption Vineyard Gewürztraminer (Finger Lakes),Anna Lee C. Iijima,22.0,Gewürztraminer,86,US,US,US
France,Boude Baudin NV B. Zéro Brut Dosage  (Champagne),Roger Voss,59.0,Champagne Blend,91,France,France,
France,Château Vignelaure 2015 Rosé (Coteaux d'Aix-en-Provence),Roger Voss,20.0,Rosé,93,France,France,
US,Vintage Cowboy 2016 Chardonnay (Paso Robles),Matt Kettmann,17.0,Chardonnay,89,US,US,
France,Pierre Sparr 2007 Vendages Tardives Gewurztraminer (Alsace),,48.0,Gewürztraminer,91,France,France,
US,R2 2013 Camp 4 Vineyard Grenache Blanc (Santa Ynez Valley),Matt Kettmann,25.0,Grenache Blanc,87,US,US,
Portugal,Herdade Grande 2010 Gerações Colheita Seleccionada Red (Alentejano),Roger Voss,34.0,Portuguese Red,92,Portugal,Portugal,
US,"Monte De Oro 2006 Reserve, Vista del Monte Vineyard Syrah (Temecula Valley)",Virginie Boone,70.0,Syrah,87,US,US,
Italy,Tasca d'Almerita 2011 Sallier de la Tour Grillo (Sicilia),,13.0,Grillo,85,Italy,Italy,Italy
US,The Grapes of Roth 2014 Dry Riesling (Long Island),Anna Lee C. Iijima,26.0,Riesling,90,US,US,US
Argentina,Antucura 2011 Grand Vin Red (Vista Flores),Michael Schachner,30.0,Bordeaux-style Red Blend,87,Argentina,Argentina,
Italy,Ronco del Gelso 1999 Chardonnay (Friuli),Joe Czerwinski,21.0,Chardonnay,88,Italy,Italy,
Italy,Marchesi Fumanelli 2005 Terso White (Veneto),,36.0,White Blend,89,Italy,Italy,
Italy,Tasca d'Almerita 2011 Sallier de la Tour Inzolia (Sicilia),,13.0,Inzolia,86,Italy,Italy,
Australia,Torbreck 2012 RunRig Shiraz-Viognier (Barossa),Joe Czerwinski,225.0,Shiraz-Viognier,97,Australia,Australia,
Italy,Carpineto 2003 Riserva  (Vino Nobile di Montepulciano),,35.0,Prugnolo Gentile,87,Italy,Italy,
Australia,Yalumba 2006 Patchwork Shiraz (Barossa),Joe Czerwinski,18.0,Shiraz,88,Australia,Australia,Australia
France,Domaine du Vissoux 2013 Coeur de Vendanges  (Beaujolais),Roger Voss,,Gamay,86,France,France,
Argentina,Durigutti 2014 Bonarda (Mendoza),Michael Schachner,15.0,Bonarda,85,Argentina,Argentina,
US,Byron 2009 Monument Pinot Noir (Santa Maria Valley),,60.0,Pinot Noir,89,US,US,
US,Dunbar 2012 Estate Grown Zinfandel (Sonoma Valley),Virginie Boone,32.0,Zinfandel,88,US,US,
US,The Withers Winery 2013 Charles Vineyard Pinot Noir (Anderson Valley),Jim Gordon,44.0,Pinot Noir,90,US,US,
Italy,Cascina La Ghersa 2004 Vignassa  (Barbera d'Asti Superiore Nizza),,,Barbera,87,Italy,Argentina,
US,Pezzi King 2013 Serracino Reserve Zinfandel (Dry Creek Valley),Virginie Boone,48.0,Zinfandel,82,US,US,
Italy,Fabiano 2006 Argillaia  (Lugana),,17.0,Trebbiano,85,Italy,Italy,
US,Wrath 2013 Destruction Level Red (Monterey),Matt Kettmann,35.0,Rhône-style Red Blend,91,US,US,
US,Silverado 2006 Cabernet Sauvignon (Napa Valley),,45.0,Cabernet Sauvignon,92,US,US,
Portugal,Quinta do Sagrado 2008 VT '08 Red (Douro),Roger Voss,32.0,Portuguese Red,90,Portugal,US,Portugal
Italy,Viticultori Associati Canicatti 2008 Scialo Red (Sicilia),,,Red Blend,86,Italy,Italy,Italy
France,Louis Latour 2014 Le Montrachet  (Montrachet),Roger Voss,630.0,Chardonnay,96,France,France,
US,Terre Rouge 2013 Vin Doux Naturel Muscat Blanc à Petits Grains (Shenandoah Valley (CA)),Jim Gordon,20.0,Muscat Blanc à Petits Grains,87,US,US,
US,Banyan 2007 Riesling (Santa Lucia Highlands),,17.0,Riesling,90,US,US,
France,H. Blin 2003 Édition Limitée Extra Brut  (Champagne),Roger Voss,70.0,Champagne Blend,92,France,France,
Italy,Astoria 2008 Extra Dry  (Prosecco di Valdobbiadene),,24.0,Prosecco,85,Italy,Italy,
US,Seven Hills 2013 McClellan Estate Vineyard Malbec (Walla Walla Valley (WA)),Sean P. Sullivan,30.0,Malbec,90,US,US,
Italy,Perlage 2008 Col di Manza Extra Dry Millesimato  (Prosecco di Valdobbiadene),,22.0,Prosecco,86,Italy,Italy,
US,Quiévremont 2012 Meritage (Virginia),Alexander Peartree,32.0,Meritage,87,US,US,
Australia,Kooyong 2013 Farrago Chardonnay (Mornington Peninsula),Joe Czerwinski,66.0,Chardonnay,90,Australia,Australia,
Argentina,Viña Cobos 2015 Bramare Marchiori Vineyard Chardonnay (Perdriel),Michael Schachner,46.0,Chardonnay,90,Argentina,Argentina,
US,Iron Hub 2014 Small Lot Chardonnay (Sierra Foothills),Jim Gordon,27.0,Chardonnay,90,US,US,
Chile,Lapostolle 2007 Casa Chardonnay (Casablanca Valley),Michael Schachner,14.0,Chardonnay,85,Chile,Chile,
US,Padis 2012 Cabernet Sauvignon (Napa Valley),Virginie Boone,110.0,Cabernet Sauvignon,91,US,US,US
US,Brian Carter Cellars 2012 Tuttorosso Red (Yakima Valley),Sean P. Sullivan,34.0,Red Blend,90,US,US,US
Italy,Feudi di San Marzano 2011 I Tratturi Primitivo (Puglia),,11.0,Primitivo,86,Italy,Italy,
Italy,Tenuta Peter Sölva & Söhne 2007 De Silva Sauvignon (Alto Adige),,25.0,Sauvignon,88,Italy,Italy,
Argentina,Finca Las Moras 2007 Reserve Chardonnay (San Juan),Michael Schachner,12.0,Chardonnay,85,Argentina,Italy,
Italy,Tenuta San Giorgio 2012 Ciampoleto  (Rosso di Montalcino),Kerin O’Keefe,28.0,Sangiovese,86,Italy,Italy,
US,Poet's Leap 2014 Riesling (Columbia Valley (WA)),Sean P. Sullivan,20.0,Riesling,90,US,US,US
France,Dopff Au Moulin 2009 Gewürztraminer (Alsace),Roger Voss,,Gewürztraminer,87,France,France,
Hungary,Chateau Dereszla 2014 Dry  (Tokaji),Jeff Jenssen,16.0,White Blend,90,Hungary,Italy,
Spain,Marques de Griñon 2010 Single Vineyard Estate Bottled Graciano (Dominio de Valdepusa),Michael Schachner,50.0,Graciano,91,Spain,Spain,Spain
Spain,Acústic 2010 Braó Vinyes Velles Carignan-Grenache (Montsant),Michael Schachner,40.0,Carignan-Grenache,92,Spain,Spain,
Mexico,Monte Xanic 2012 Viña Kristel Sauvignon Blanc (Valle de Guadalupe),Michael Schachner,15.0,Sauvignon Blanc,87,Mexico,Mexico,Mexico
US,Alleromb 2014 La Reyna Blanca Vineyard Chardonnay (Columbia Valley (WA)),Sean P. Sullivan,38.0,Chardonnay,89,US,US,US
France,Patriarche Père et Fils 2014  Coteaux Bourguignons,Roger Voss,10.0,Pinot Noir-Gamay,85,France,France,
Argentina,Gaucho Andino 2011 Winemaker Selection Malbec (Mendoza),Michael Schachner,13.0,Malbec,87,Argentina,Argentina,
France,Pierre Sparr 2008 Alsace One White (Alsace),,13.0,White Blend,91,France,France,France
Italy,Sant Eurosia 2007 Millesimato Dry  (Prosecco di Valdobbiadene),,18.0,Prosecco,86,Italy,US,Italy
US,Esterlina 2009 Reserva Pinot Noir (Cole Ranch),Virginie Boone,55.0,Pinot Noir,89,US,US,
US,Stoller 2013 Nancy's Pinot Noir (Dundee Hills),Paul Gregutt,70.0,Pinot Noir,92,US,US,US
France,Vranken NV Demoiselle Tête de Cuvée Brut  (Champagne),Roger Voss,40.0,Champagne Blend,85,France,France,
Italy,Fattoria Alois 2007 Campole Red (Campania),,26.0,Red Blend,87,Italy,Italy,
US,Pull 2013 Chardonnay (Paso Robles),Matt Kettmann,18.0,Chardonnay,87,US,US,
Argentina,Tilia 2011 Malbec (Mendoza),Michael Schachner,11.0,Malbec,87,Argentina,Argentina,
US,Quady North 2011 Bomba Grenache (Rogue Valley),Sean P. Sullivan,25.0,Grenache,87,US,US,
US,Manzoni 2006 Lucia Highland Vineyard Chardonnay (Santa Lucia Highlands),,23.0,Chardonnay,88,US,US,
US,Buried Cane 2009 Whiteline No Oak Chardonnay (Columbia Valley (WA)),Paul Gregutt,14.0,Chardonnay,87,US,Italy,
US,Lane Tanner 2009 Julia's Vineyard Pinot Noir (Santa Maria Valley),,36.0,Pinot Noir,87,US,US,US
New Zealand,Dry River 2013 Pinot Noir (Martinborough),Joe Czerwinski,120.0,Pinot Noir,91,New Zealand,New Zealand,
Argentina,Domaine Bousquet 2015 Cabernet Sauvignon (Tupungato),Michael Schachner,14.0,Cabernet Sauvignon,85,Argentina,Argentina,Argentina
Italy,Marsiliana 2005 Red (Toscana),,,Red Blend,90,Italy,Italy,Italy
US,Y Rousseau 2012 Le Roi Soleil Cabernet Sauvignon (Mount Veeder),Virginie Boone,80.0,Cabernet Sauvignon,90,US,US,US
US,Davis Family 2014 Starr Ridge Vineyard Pinot Noir (Russian River Valley),Virginie Boone,55.0,Pinot Noir,91,US,US,
Italy,Bellenda 2005 Col di Luna Cabernet Sauvignon (Piave),,16.0,Cabernet Sauvignon,85,Italy,Italy,
US,Tarara 2010 #SocialSecret Red (Virginia),,40.0,Red Blend,86,US,US,US
Portugal,Casa de Vilacetinho 2013 Bruto Avesso (Vinho Verde),Roger Voss,30.0,Avesso,87,Portugal,Portugal,
Portugal,Casa Santa Vitória 2013 Grande Reserva Tinto Red (Alentejano),Roger Voss,26.0,Portuguese Red,91,Portugal,Portugal,
France,Mont Gravet 2013 Colombard (Côtes de Gascogne),Roger Voss,9.0,Colombard,86,France,France,France
Germany,Fritz Haag 2014 Riesling (Mosel),Anna Lee C. Iijima,22.0,Riesling,91,Germany,Germany,
Argentina,Felix Lavaque 2010 Felix Malbec (Cafayate),Michael Schachner,30.0,Malbec,87,Argentina,Argentina,Argentina
France,Boude Baudin 2010 Cuvée St Clément  (Champagne),Roger Voss,70.0,Champagne Blend,91,France,Italy,
US,Trump 2011 Sauvignon Blanc (Monticello),,16.0,Sauvignon Blanc,86,US,US,
Chile,Morandé 2008 Pionero Carmenère (Maipo Valley),Michael Schachner,9.0,Carmenère,85,Chile,Chile,Chile
US,J. Scott Cellars 2015 Albariño (Oregon),Paul Gregutt,18.0,Albariño,90,US,US,
US,D.R. Stephens 2014 Silver Eagle Vineyard Pinot Noir (Sonoma Coast),Virginie Boone,75.0,Pinot Noir,91,US,US,
US,Chateau Ste. Michelle 2012 Canoe Ridge Vineyard Cabernet Sauvignon (Horse Heaven Hills),Sean P. Sullivan,30.0,Cabernet Sauvignon,90,US,US,
US,Sparkman 2009 Stella Mae Red (Red Mountain),Paul Gregutt,45.0,Bordeaux-style Red Blend,87,US,Portugal,
US,J. Christopher 2011 Bella Vida Vineyard Unfiltered Pinot Noir (Dundee Hills),Paul Gregutt,52.0,Pinot Noir,92,US,US,
New Zealand,Carrick 2013 Unravelled Pinot Noir (Central Otago),Joe Czerwinski,30.0,Pinot Noir,91,New Zealand,New Zealand,
US,Scratch 2013 Grenache (Arroyo Seco),Matt Kettmann,35.0,Grenache,92,US,US,US
South Africa,Oldenburg 2013 Chardonnay (Stellenbosch),Lauren Buzzeo,25.0,Chardonnay,90,South Africa,South Africa,
Italy,Stemmari 2013 Dalila White (Terre Siciliane),Kerin O’Keefe,13.0,White Blend,87,Italy,Italy,
Italy,Castello d'Albola 2003  Vin Santo del Chianti Classico,,50.0,White Blend,92,Italy,Italy,
US,Trione 2012 Henry's Blend Red (Alexander Valley),Virginie Boone,54.0,Bordeaux-style Red Blend,89,US,US,US
Italy,Travaglini 2014 Nebbiolo (Coste della Sesia),Kerin O’Keefe,23.0,Nebbiolo,87,Italy,Italy,
US,Winderlea 2014 Weber Vineyard Pinot Noir (Dundee Hills),Paul Gregutt,48.0,Pinot Noir,95,US,US,US
US,Benessere 2005 Costa Del Sol Red (Napa Valley),,18.0,Red Blend,85,US,US,
Italy,Feudi del Pisciotto 2010 Missoni Cabernet Sauvignon (Sicilia),,21.0,Cabernet Sauvignon,86,Italy,Italy,
France,Château Pavillon de Boyrein 2006  Graves,Roger Voss,11.0,Bordeaux-style Red Blend,85,France,France,
US,Ceago Vinegarden 2001 Kathleen's Vineyard Sauvignon Blanc (Mendocino County),,19.0,Sauvignon Blanc,88,US,US,
Germany,Dr. Loosen 2011 Wehlener Sonnenuhr Kabinett Riesling (Mosel),Anna Lee C. Iijima,27.0,Riesling,92,Germany,Germany,
Italy,Vinosia 2006 Vecchie Vigne  (Primitivo di Manduria),,48.0,Primitivo,85,Italy,US,
France,Domaine Collotte 2014 Clos de Jeu  (Marsannay),Roger Voss,,Pinot Noir,90,France,France,
US,Brennan 2015 Reddy Vineyard Roussanne (Texas High Plains),Alexander Peartree,18.0,Roussanne,87,US,US,
Portugal,Messias 2015 Santola White (Vinho Verde),Roger Voss,8.0,Portuguese White,85,Portugal,Portugal,
Italy,Campomaggio 2005  Chianti Classico,,,Sangiovese,87,Italy,Italy,Italy
France,Domaine Roland Schmitt 2014 Grand A du Petit Léon Sylvaner (Alsace),Anne Krebiehl MW,16.0,Sylvaner,90,France,France,
Italy,Mazzei 2009 Fonterutoli  (Chianti Classico),,28.0,Sangiovese,90,Italy,Italy,
US,Hanna 2011 Sauvignon Blanc (Russian River Valley),,19.0,Sauvignon Blanc,87,US,US,
Chile,Santa Ema 2008 Selected Terroir Chardonnay (Casablanca Valley),Michael Schachner,10.0,Chardonnay,85,Chile,Chile,
France,Clos Troteligotte 2013 K-libre Chenin Blanc (Côtes du Lot),Roger Voss,30.0,Chenin Blanc,86,France,France,France
US,Cupcake 2016 Rosé (California),Jim Gordon,13.0,Rosé,89,US,US,
New Zealand,Kono 2008 Sauvignon Blanc (Marlborough),Joe Czerwinski,9.0,Sauvignon Blanc,85,New Zealand,New Zealand,
US,Claiborne & Churchill 2014 Claiborne Vineyard Riesling (Edna Valley),Matt Kettmann,28.0,Riesling,91,US,US,US
France,Domaine de Mirail 2005 Les Mirlandes Red (Vin de Pays des Côtes de Gascogne),Roger Voss,,Bordeaux-style Red Blend,88,France,France,
US,Albatross Ridge 2012 Estate Reserve Pinot Noir (Carmel Valley),Matt Kettmann,55.0,Pinot Noir,91,US,US,
US,Barrister 2012 Sagemoor Cabernet Sauvignon (Columbia Valley (WA)),Sean P. Sullivan,35.0,Cabernet Sauvignon,90,US,US,
Australia,Jacob's Creek 2015 Classic Pinot Grigio (South Eastern Australia),Joe Czerwinski,9.0,Pinot Grigio,85,Australia,Australia,Australia
US,Center of Effort 2008 Effort Chardonnay (Edna Valley),,22.0,Chardonnay,87,US,US,
US,Piña 2013 Wolff Vineyard Cabernet Sauvignon (Yountville),Virginie Boone,85.0,Cabernet Sauvignon,87,US,US,US
South Africa,Oldenburg 2014 Chenin Blanc (Stellenbosch),Lauren Buzzeo,20.0,Chenin Blanc,90,South Africa,France,
US,Vine Cliff 2014 Chardonnay (Los Carneros),Virginie Boone,40.0,Chardonnay,87,US,US,
Chile,Leyda 2015 Single Vineyard Falaris Hill Chardonnay (Leyda Valley),Michael Schachner,18.0,Chardonnay,87,Chile,US,
US,Guardian 2013 Confidential Source Merlot (Columbia Valley (WA)),Sean P. Sullivan,30.0,Merlot,89,US,US,US
France,Château de Callac 2011  Graves,Roger Voss,20.0,Bordeaux-style Red Blend,89,France,France,
Germany,Castell 2015 Castell Silvaner (Franken),Anna Lee C. Iijima,16.0,Silvaner,90,Germany,Germany,
Austria,Strauss 2016 Classic Pinot Blanc (Steiermark),Anne Krebiehl MW,18.0,Pinot Blanc,89,Austria,Italy,Austria
US,Adelsheim 2010 Winderlea Vineyard Pinot Noir (Dundee Hills),Paul Gregutt,105.0,Pinot Noir,92,US,US,US
France,Dopff & Irion 2004 Schoenenbourg Grand Cru Vendanges Tardives Riesling (Alsace),,80.0,Riesling,92,France,France,
France,Château de Sours 2011 La Fleur d'Amélie  (Bordeaux Blanc),Roger Voss,15.0,Bordeaux-style White Blend,85,France,France,France
Portugal,Herdade Grande 2014 Gerações Colheita Seleccionada Branco White (Alentejano),Roger Voss,30.0,Portuguese White,91,Portugal,France,
US,Vinavanti 2005 Le Bon Viveur Red (California),,15.0,Red Blend,85,US,Mexico,
Spain,Finca del Marquesado 2013 Crianza  (Rioja),Michael Schachner,18.0,Tempranillo Blend,87,Spain,Spain,
US,Del Carlo Winery 2014 Home Ranch Teldeschi Vineyards Century Old Vine Zinfandel (Dry Creek Valley),Virginie Boone,32.0,Zinfandel,90,US,US,
US,Vine Cliff 2013 Chardonnay (Los Carneros),Virginie Boone,40.0,Chardonnay,90,US,US,US
US,Leaping Horse 2013 Chardonnay (California),Jim Gordon,10.0,Chardonnay,86,US,US,
US,Mounts 2008 Estate Grown Syrah (Dry Creek Valley),,28.0,Syrah,87,US,US,
Germany,Heinz Eifel 2013 Shine Gewürztraminer (Rheinhessen),Anna Lee C. Iijima,12.0,Gewürztraminer,87,Germany,Italy,Germany
France,Pommery NV Pop Rosé Extra Dry  (Champagne),Roger Voss,15.0,Champagne Blend,85,France,France,
Chile,Estampa 2011 Estate Viognier-Chardonnay (Colchagua Valley),Michael Schachner,15.0,Viognier-Chardonnay,86,Chile,US,
France,Patrick Javillier 2011 Les Tillets  (Meursault),Roger Voss,,Chardonnay,92,France,France,
France,Kuentz-Bas 2014 Pfersigberg Grand Cru Riesling (Alsace),Anne Krebiehl MW,39.0,Riesling,92,France,France,
Argentina,Cueva de las Manos 2007 Reserve Malbec (Luján de Cuyo),Michael Schachner,15.0,Malbec,85,Argentina,Argentina,
Italy,Cascina Adelaide 2005 4 Vigne  (Barolo),,56.0,Nebbiolo,87,Italy,Italy,Italy
Italy,Scubla 2008 Cràtis Verduzzo (Colli Orientali del Friuli),,18.0,Verduzzo,92,Italy,Italy,
US,Berryessa Gap 2015 Albariño (Yolo County),Jim Gordon,25.0,Albariño,89,US,Austria,
US,Coiled 2010 Black Mamba Red,Sean P. Sullivan,28.0,Red Blend,87,US,US,
France,Domaine du Grand Cros 2014 L'Esprit de Provence Rosé (Côtes de Provence),Roger Voss,20.0,Rosé,91,France,France,
France,JCB 2014 No. 5 Rosé (Côtes de Provence),Roger Voss,25.0,Rosé,91,France,France,
US,Beaver Creek 2008 Fairytale Red (Napa Valley),Virginie Boone,39.0,Red Blend,89,US,US,US
US,Rodney Strong 2012 Charlotte's Home Estate Sauvignon Blanc (Northern Sonoma),,17.0,Sauvignon Blanc,87,US,US,
US,Aquinas 2008 Cabernet Sauvignon (Napa Valley),,15.0,Cabernet Sauvignon,87,US,Chile,
Italy,Pizzolato NV Stefany Extra Dry  (Prosecco del Veneto),,16.0,Prosecco,85,Italy,Italy,Italy
US,Yardstick 2013 Ruth's Reach Cabernet Sauvignon (Napa Valley),Virginie Boone,25.0,Cabernet Sauvignon,91,US,US,
Portugal,Sobredos 2012 Aneto Tinto Red (Douro),Roger Voss,12.0,Portuguese Red,90,Portugal,US,
US,Foxen 2014 Tinaquaic Vineyard Chardonnay (Santa Maria Valley),Matt Kettmann,37.0,Chardonnay,92,US,US,
Portugal,Maritávora 2009 Reserva Branco White (Douro),Roger Voss,60.0,Portuguese White,90,Portugal,Portugal,
US,Artesa 2014 Estate Reserve Chardonnay (Carneros),Virginie Boone,35.0,Chardonnay,93,US,US,
Germany,Von Schleinitz 2015 Apollo Dry Riesling (Mosel),Anna Lee C. Iijima,29.0,Riesling,90,Germany,Austria,Germany
Italy,Vigneti Le Monde 2010 Pinot Grigio (Friuli Grave),,18.0,Pinot Grigio,87,Italy,Italy,
US,Vincent Vineyards 2012 Family Reserve Cabernet Sauvignon (Santa Ynez Valley),Matt Kettmann,68.0,Cabernet Sauvignon,91,US,US,
US,Vincent Vineyards 2010 Family Reserve Cabernet Sauvignon (Santa Ynez Valley),Matt Kettmann,68.0,Cabernet Sauvignon,91,US,US,
Portugal,Casca Wines 2015 Bote Chardonnay-Fernão Pires-Vital White (Lisboa),Roger Voss,8.0,Portuguese White,85,Portugal,Portugal,
US,Bella Grace 2013 Estate Zinfandel (Amador County),Jim Gordon,20.0,Zinfandel,87,US,US,
Portugal,Wines & Winemakers 2015 Casa Ermelinda Freitas Monte de Baía Rosé (Península de Setúbal),Roger Voss,12.0,Rosé,85,Portugal,Portugal,
US,Va Piano 2012 Cabernet Sauvignon (Walla Walla Valley (WA)),Sean P. Sullivan,45.0,Cabernet Sauvignon,90,US,US,
Australia,Chambers Rosewood Vineyards NV Grand Muscat (Rutherglen),Joe Czerwinski,100.0,Muscat,97,Australia,Australia,Australia
France,Vollereaux 2007 Cuvée Marguerite Brut  (Champagne),Roger Voss,60.0,Champagne Blend,92,France,US,
US,Lucas Vineyards 2007 Vignoles (Finger Lakes),Susan Kostrzewa,11.0,Vignoles,86,US,US,
US,Harrington 2006 Wiley Vineyard Pinot Noir (Anderson Valley),,40.0,Pinot Noir,88,US,US,
Australia,Henry's Drive Vignerons 2006 Parson's Flat Shiraz-Cabernet Sauvignon (Padthaway),Joe Czerwinski,40.0,Shiraz-Cabernet Sauvignon,92,Australia,Australia,Australia
France,Domaine René Bouvier 2014 Champ Salomon  (Marsannay),Roger Voss,,Pinot Noir,90,France,France,
Portugal,Quinta do Portal 2012 Verdelho and Sauvignon Blanc White (Douro),Roger Voss,15.0,Portuguese White,87,Portugal,Portugal,
France,Domaine Zind-Humbrecht 2007 Hunawihr Clos Windsbuhl Pinot Gris (Alsace),,84.0,Pinot Gris,90,France,France,
Italy,Cantine di Marzo NV Anni Venti Metodo Classico  (Greco di Tufo),Kerin O’Keefe,30.0,Greco,87,Italy,Italy,
South Africa,Spier 2014 21 Gables Chenin Blanc (Western Cape),Lauren Buzzeo,23.0,Chenin Blanc,90,South Africa,South Africa,
US,Raptor Ridge 2012 Estate Grüner Veltliner (Chehalem Mountains),Paul Gregutt,20.0,Grüner Veltliner,87,US,US,
Italy,Franz Haas 2009 Sauvignon (Alto Adige),,52.0,Sauvignon,89,Italy,Italy,
Australia,Kilikanoon 2009 Green's Vineyard Shiraz (Barossa Valley),Joe Czerwinski,70.0,Shiraz,92,Australia,US,Australia
Italy,Cantine Maschio NV Brut Prosecco (Italy),,13.0,Prosecco,85,Italy,Italy,
US,Mauritson 2007 Rockpile Cemetary Vineyard Zinfandel (Rockpile),,39.0,Zinfandel,92,US,US,
Argentina,Alamos 2007 Torrontés (Salta),Michael Schachner,12.0,Torrontés,88,Argentina,Argentina,
Israel,Yatir 2011 Syrah (Judean Hills),Mike DeSimone,50.0,Syrah,90,Israel,Israel,Israel
Spain,Vinos de Arganza 2012 Século Mencía (Bierzo),Michael Schachner,15.0,Mencía,89,Spain,Spain,
Australia,Long Flat 2006 Destinations Sauvignon Blanc (Adelaide Hills),,15.0,Sauvignon Blanc,85,Australia,US,
US,Red Newt Cellars 2007 Riesling (Finger Lakes),Susan Kostrzewa,14.0,Riesling,85,US,US,
US,Patton Valley 2010 Lorna Marie Pinot Noir (Willamette Valley),Paul Gregutt,70.0,Pinot Noir,92,US,US,
US,Fuse 2009 Cabernet Sauvignon (Napa Valley),,22.0,Cabernet Sauvignon,90,US,US,
Italy,Boffa 2013 Pajè  (Barbaresco),Kerin O’Keefe,50.0,Nebbiolo,87,Italy,Italy,
US,Columbia Winery 2013 Viognier (Columbia Valley (WA)),Paul Gregutt,26.0,Viognier,86,US,US,
US,Kokomo 2008 Petite Sirah (Dry Creek Valley),,27.0,Petite Sirah,90,US,US,
South Africa,Camberley 2004 Philosophers' Stone Red (Stellenbosch),,25.0,Bordeaux-style Red Blend,91,South Africa,South Africa,
France,Biecher & Schaal 2014 Altenberg de Bergheim Grand Cru White (Alsace),Anne Krebiehl MW,45.0,Alsace white blend,92,France,France,
Chile,Viña Bisquertt 2007 Casa la Joya Reserve Syrah (Colchagua Valley),Michael Schachner,11.0,Syrah,85,Chile,South Africa,
Spain,Agustí Torelló Mata 2015 XIC Xarel-lo (Penedès),Michael Schachner,16.0,Xarel-lo,87,Spain,Spain,Spain
Italy,Dosio 2012  Nebbiolo d'Alba,Kerin O’Keefe,30.0,Nebbiolo,86,Italy,Italy,
Argentina,El Esteco 2015 Don David Reserve Torrontés (Calchaquí Valley),Michael Schachner,17.0,Torrontés,85,Argentina,Argentina,
France,Frédéric Brouca 2013 Samsó Seulle Cinsault (Vin de France),Lauren Buzzeo,23.0,Cinsault,87,France,France,
Hungary,Samuel Tinon 2015 Megyer Dry Furmint (Tokaj),Jeff Jenssen,36.0,Furmint,90,Hungary,Hungary,
US,Les Belles Collines 2014 Pinot Gris (California),Virginie Boone,25.0,Pinot Gris,92,US,US,
,Gotsa Family Wines 2014 Asureti Valley Chinuri,Mike DeSimone,30.0,Chinuri,87,,,
US,De Loach 2008 Thornton Vineyard Pinot Noir (Sonoma Coast),,45.0,Pinot Noir,87,US,US,
France,Manoir du Carra 2013  Beaujolais-Villages,Roger Voss,16.0,Gamay,86,France,France,
Italy,Deltetto 2012 Bussia  (Barolo),Kerin O’Keefe,50.0,Nebbiolo,87,Italy,Italy,
US,Colter's Creek 2010 Koos-Koos-Kia Colter's Creek Vineyard Red (Idaho),Sean P. Sullivan,20.0,Red Blend,87,US,US,US
Spain,Juvé y Camps NV Cinta Púrpura Brut Reserva Sparkling (Cava),Michael Schachner,13.0,Sparkling Blend,86,Spain,Spain,
US,MacRostie 2008 Pinot Noir (Sonoma Coast),,34.0,Pinot Noir,87,US,US,
US,Merriam 2000 Windacre Vineyard Merlot (Russian River Valley),,34.0,Merlot,88,US,France,
US,One Hope 2006 Cabernet Sauvignon (California),,19.0,Cabernet Sauvignon,85,US,US,US
US,Beringer 2014 Quantum Red (Napa Valley),Virginie Boone,65.0,Red Blend,91,US,US,US
Italy,Lungarotti 2007 Torre di Giano Vigna il Pino White (Torgiano),,40.0,White Blend,89,Italy,Italy,
Chile,La Playa 2012 Block Selection Reserve Block N. 10 Merlot (Colchagua Valley),Michael Schachner,12.0,Merlot,86,Chile,Chile,
Austria,Winzer Krems 2015 Rosé Zweigelt (Niederösterreich),Anne Krebiehl MW,12.0,Zweigelt,89,Austria,Austria,Austria
Spain,Loess 2009 Collection Blanco Verdejo (Rueda),Michael Schachner,25.0,Verdejo,87,Spain,Spain,Spain
Italy,Podere Ciona 2014 Semifonte Red (Toscana),Kerin O’Keefe,15.0,Red Blend,87,Italy,Italy,Italy
US,Nottingham Cellars 2012 Ghielmetti Vineyard Micro-lot Reserve Malbec (Livermore Valley),Jim Gordon,50.0,Malbec,91,US,US,
Australia,Angove's 2006 Red Belly Black Shiraz (South Australia),,12.0,Shiraz,85,Australia,Australia,
US,Carabella 2013 Estate Pinot Noir (Chehalem Mountains),Paul Gregutt,40.0,Pinot Noir,90,US,US,
US,Quady North 2011 Steel-Ox Viognier (Rogue Valley),Sean P. Sullivan,25.0,Viognier,87,US,US,
US,Stags' Leap Winery 2012 Petite Sirah (Napa Valley),Virginie Boone,45.0,Petite Sirah,90,US,US,
Italy,Borgo Conventi 2002 I Fiori del Borgo Sauvignon Blanc (Collio),Roger Voss,15.0,Sauvignon Blanc,88,Italy,France,
France,Château Lamothe-Vincent 2008 Sauvignon  (Bordeaux Blanc),Roger Voss,10.0,Sauvignon Blanc,85,France,France,
Spain,Covila 2013 II Crianza  (Rioja),Michael Schachner,15.0,Tempranillo,87,Spain,US,
US,Silvan Ridge 2006 Reserve Pinot Noir (Willamette Valley),Paul Gregutt,28.0,Pinot Noir,85,US,US,
US,Bella 2009 Big River Ranch Zinfandel (Alexander Valley),,38.0,Zinfandel,92,US,US,
US,Array 2012 Dijon Clone Chardonnay (Yakima Valley),Sean P. Sullivan,32.0,Chardonnay,90,US,US,
France,Château Tour de Mirambeau 2006  Bordeaux Blanc,Roger Voss,,Bordeaux-style White Blend,86,France,France,
Germany,Reichsgraf von Kesselstatt 2014 Brauneberger Juffer-Sonnenuhr Spätlese Grosse Lage Riesling (Mosel),Anna Lee C. Iijima,34.0,Riesling,92,Germany,Italy,
US,Miles 2006 Cabernet Franc (Finger Lakes),Susan Kostrzewa,20.0,Cabernet Franc,85,US,US,
US,Leonesse Cellars 2007 Signature Selection Syrah (Temecula Valley),Virginie Boone,70.0,Syrah,90,US,US,
US,Dry Creek Vineyard 2012 DCV2 Estate Four Clones Vineyard Zinfandel (Dry Creek Valley),Virginie Boone,38.0,Zinfandel,91,US,US,
Germany,Weingut Hans Bausch 2011 Hattenheimer Hassel Auslese Riesling (Rheingau),Anna Lee C. Iijima,66.0,Riesling,95,Germany,Germany,
South Africa,Hartenberg 2007 Cabernet Sauvignon (Stellenbosch),Lauren Buzzeo,35.0,Cabernet Sauvignon,89,South Africa,South Africa,
Italy,Punset 2011 Campo Quadro Riserva  (Barbaresco),Kerin O’Keefe,48.0,Nebbiolo,85,Italy,Italy,
Italy,Cascina La Ghersa 2009 Sivoy White (Monferrato),,19.0,White Blend,87,Italy,US,
France,Jean-Marc Bernhard 2013 Wineck-Schlossberg Grand Cru Riesling (Alsace),Anne Krebiehl MW,34.0,Riesling,92,France,France,
Italy,I Giusti e Zanza 2009 Dulcamara Red (Toscana),Kerin O’Keefe,41.0,Red Blend,92,Italy,Italy,
Italy,Volpe Pasini 2002 Zuc de Volpe Pinot Grigio (Colli Orientali del Friuli),Roger Voss,18.0,Pinot Grigio,88,Italy,France,
Italy,San Michele Eppan 2002 Sanct Valentin Gewürztraminer (Alto Adige),Roger Voss,30.0,Gewürztraminer,88,Italy,Italy,
Argentina,Mendel 2014 Lunta Malbec (Luján de Cuyo),Michael Schachner,22.0,Malbec,90,Argentina,US,
US,Yorkville Cellars 2013 Rennie Vineyard Organic Grapes Petit Verdot (Yorkville Highlands),Jim Gordon,32.0,Petit Verdot,87,US,US,
Portugal,Santos & Seixo 2014 Santos da Casa Tinto Red (Alentejano),Roger Voss,15.0,Portuguese Red,87,Portugal,Portugal,
France,Henri de Villamont 2010 Les Feusselottes Premier Cru  (Chambolle-Musigny),Roger Voss,72.0,Pinot Noir,92,France,France,
Germany,Robert Weil 2014 Kiedrich Gräfenberg Trockenbeerenauslese Riesling (Rheingau),Anna Lee C. Iijima,775.0,Riesling,97,Germany,Germany,
Spain,Aleo 2009 Tempranillo (Vino de la Tierra de Castilla y León),Michael Schachner,16.0,Tempranillo,87,Spain,Spain,
France,Domaines Schlumberger 2012 Kessler Grand Cru Pinot Gris (Alsace),Anne Krebiehl MW,30.0,Pinot Gris,92,France,France,
Argentina,Pascual Toso 2007 Reserve Las Barrancas Vineyards Cabernet Sauvignon (Mendoza),Michael Schachner,20.0,Cabernet Sauvignon,88,Argentina,Argentina,Argentina
Argentina,Antonio Mas 2011 Roll Fermentor Malbec (Tupungato),Michael Schachner,175.0,Malbec,87,Argentina,Argentina,
Germany,Bex 2014 Riesling (Nahe),Anna Lee C. Iijima,10.0,Riesling,87,Germany,US,
Italy,Borgo Maragliano NV Brut Chardonnay (Piedmont),,16.0,Chardonnay,87,Italy,Italy,
Germany,Dr. H. Thanisch (Erben Thanisch) 2014 Thanisch Kabinett Riesling (Mosel),Anna Lee C. Iijima,30.0,Riesling,90,Germany,US,
US,Deerfield Ranch NV Tawny Estate Syrah (Sonoma Valley),Virginie Boone,50.0,Syrah,90,US,US,US
US,Purple Hands 2014 Freedom Hill Vineyard Pinot Noir (Willamette Valley),Paul Gregutt,50.0,Pinot Noir,92,US,US,
Italy,Cottanera 2015 Bianco  (Etna),Kerin O’Keefe,24.0,Carricante,90,Italy,Portugal,
Spain,Resalte 2010 Gran Resalte  (Ribera del Duero),Michael Schachner,88.0,Tempranillo,93,Spain,Spain,Spain
Italy,Tommasi 2006 Chiaretto  (Bardolino Classico),,,Rosé,85,Italy,Italy,
US,Chateau Lafayette Reneau 2016 Pinot Noir Rosé (Finger Lakes),Anna Lee C. Iijima,17.0,Rosé,89,US,US,
France,Château Corbin 2014 Divin de Corbin  (Saint-Émilion),Roger Voss,35.0,Bordeaux-style Red Blend,90,France,France,
Germany,P.J. Valckenberg 2015 Undone Dry Riesling (Rheinhessen),Anna Lee C. Iijima,10.0,Riesling,86,Germany,Germany,
US,Hayman & Hill 2007 Reserve Selection Chardonnay (Russian River Valley),,15.0,Chardonnay,85,US,US,
US,Woodinville Wine Cellars 2012 Little Bear Creek Red (Columbia Valley (WA)),Sean P. Sullivan,20.0,Bordeaux-style Red Blend,91,US,US,
Italy,Castello Romitorio 2011 Filo di Seta  (Brunello di Montalcino),Kerin O’Keefe,,Sangiovese,91,Italy,Italy,
US,Structure 2014 Wallula Syrah (Horse Heaven Hills),Sean P. Sullivan,35.0,Syrah,91,US,US,
US,Erath 2010 Hyland Pinot Noir (McMinnville),Paul Gregutt,50.0,Pinot Noir,86,US,US,
US,Flying Goat Cellars 2012 Bien Nacido Vineyard Pinot Noir (Santa Maria Valley),Matt Kettmann,60.0,Pinot Noir,93,US,US,
Germany,Fritz Haag 2014 Brauneberger Feinherb Riesling (Mosel),Anna Lee C. Iijima,30.0,Riesling,91,Germany,Germany,Germany
France,Sipp Mack 2014 Rosacker Grand Cru Riesling (Alsace),Anne Krebiehl MW,43.0,Riesling,92,France,France,
US,Owen Roe 2009 Slide Mountain Vineyard Cabernet Franc (Yakima Valley),Paul Gregutt,72.0,Cabernet Franc,90,US,US,
US,Edna Valley Vineyard 2013 Reserve Chardonnay (Edna Valley),Matt Kettmann,35.0,Chardonnay,90,US,US,
Italy,CVA Canicattì 2015 Aquilae Bio Grillo (Terre Siciliane),Kerin O’Keefe,,Grillo,90,Italy,Italy,
US,Ektimo Vineyards 2014 Pinot Noir (Russian River Valley),Virginie Boone,34.0,Pinot Noir,87,US,US,
France,Domaine Poulleau Père et Fils 2014  Chorey-lès-Beaune,Roger Voss,40.0,Pinot Noir,85,France,Italy,
France,Henry Fessy 2015  Juliénas,Roger Voss,20.0,Gamay,88,France,Italy,
US,Flying Goat Cellars 2012 Rancho Santa Rosa Vineyard Pinot Noir (Sta. Rita Hills),Matt Kettmann,48.0,Pinot Noir,93,US,US,US
France,Domaine du Tariquet 2007 Ugni Blanc-Colombard (Vin de Pays des Côtes de Gascogne),Roger Voss,9.0,Ugni Blanc-Colombard,85,France,France,France
France,Paul Reitz 2014  Saint-Véran,Roger Voss,20.0,Chardonnay,85,France,France,
France,Château de Campuget 2016 Tradition Rosé (Costières de Nîmes),Joe Czerwinski,11.0,Rosé,89,France,France,
Austria,Nittnaus Hans und Christine 2013 Nit'ana Red (Burgenland),Anne Krebiehl MW,35.0,Red Blend,91,Austria,Austria,
US,Chehalem 2011 Ridgecrest Vineyards Pinot Noir (Ribbon Ridge),Paul Gregutt,50.0,Pinot Noir,92,US,US,
Argentina,Clos d'Argentine 2013 Winemaker's Selection Reserva Malbec (Mendoza),Michael Schachner,42.0,Malbec,93,Argentina,Argentina,
Spain,Vall Llach 2007 Idus Red (Priorat),Michael Schachner,50.0,Red Blend,90,Spain,Spain,
US,Courtney Benham 2014 Cabernet Sauvignon (Napa Valley),Virginie Boone,25.0,Cabernet Sauvignon,90,US,US,US
US,Bridlewood 2000 Sauvignon Blanc (Santa Ynez Valley),,12.0,Sauvignon Blanc,87,US,US,
US,Buttonwood 2015 Grenache Blanc (Santa Ynez Valley),Matt Kettmann,22.0,Grenache Blanc,90,US,US,
Chile,Cono Sur 2008 Visión Pinot Noir (Colchagua Valley),Michael Schachner,15.0,Pinot Noir,85,Chile,Chile,Chile
Australia,42°S 2008 Pinot Noir (Tasmania),Joe Czerwinski,18.0,Pinot Noir,87,Australia,Australia,
France,Domaine Barmès-Buecher 2014 Rosenberg Sylvaner (Alsace),Anne Krebiehl MW,24.0,Sylvaner,90,France,France,France
Portugal,Quinta de Foz de Arouce 2013 Red (Beira Atlantico),Roger Voss,20.0,Portuguese Red,90,Portugal,Portugal,
US,Sweet Cheeks 2012 Vintner's Reserve Wild Child Block Pinot Noir (Willamette Valley),Paul Gregutt,65.0,Pinot Noir,87,US,US,
Australia,McWilliam's Hanwood Estate 2008 Cabernet Sauvignon (South Eastern Australia),Joe Czerwinski,11.0,Cabernet Sauvignon,87,Australia,Australia,Australia
Portugal,Luis Duarte 2013 Monte de Carrapatelo Colheita Seleccionada Tinto Red (Alentejano),Roger Voss,30.0,Portuguese Red,92,Portugal,Germany,Portugal
Italy,Le Buche 2006 Giuseppe Olivi Memento Red (Toscana),,45.0,Red Blend,90,Italy,Italy,
US,Sextant 2010 Caverio G-S-M (Paso Robles),,40.0,G-S-M,87,US,US,US
Argentina,Lagarde 2013 Henry Legarde Malbec (Luján de Cuyo),Michael Schachner,17.0,Malbec,85,Argentina,Argentina,
US,Lutum 2014 Gap's Crown Vineyard Chardonnay (Sonoma Coast),Virginie Boone,50.0,Chardonnay,93,US,US,
Italy,Paolo Manzone 2012 Meriame  (Barolo),Kerin O’Keefe,80.0,Nebbiolo,85,Italy,Italy,
Italy,Castello di Querceto 2010 Cignale Red (Colli della Toscana Centrale),Kerin O’Keefe,70.0,Red Blend,90,Italy,Italy,Italy
Italy,Serpaia di Endrizzi 2010 Dono Riserva  (Morellino di Scansano),Kerin O’Keefe,30.0,Sangiovese,88,Italy,Italy,
US,Efeste 2014 Lola Evergreen Vineyard Chardonnay (Ancient Lakes),Sean P. Sullivan,35.0,Chardonnay,90,US,US,
US,Rascal 2014 Pinot Noir (Oregon),Paul Gregutt,13.0,Pinot Noir,85,US,Italy,
France,Château Bois Chantant 2015  Bordeaux Supérieur,Roger Voss,14.0,Bordeaux-style Red Blend,89,France,France,France
France,Jacquart NV Brut Mosaïque  (Champagne),Roger Voss,30.0,Champagne Blend,85,France,France,
Austria,Gunter Triebaumer NV Muscato Moscato (Österreichischer Sekt),Roger Voss,18.0,Moscato,87,Austria,Austria,
US,The White Knight 2011 Riesling (Lake County),,13.0,Riesling,86,US,France,US
Italy,Duca di Salaparuta 2011 Calanìca Grillo-Viognier White (Sicilia),,,White Blend,86,Italy,Italy,
France,Bruno Paillard 2002 Assemblage Brut  (Champagne),Roger Voss,101.0,Champagne Blend,92,France,France,
US,Lamoreaux Landing 2013 Yellow Dog Vineyard Riesling (Finger Lakes),Anna Lee C. Iijima,20.0,Riesling,86,US,US,
Italy,Tenuta di Sesta 2011 Riserva  (Brunello di Montalcino),Kerin O’Keefe,,Sangiovese,90,Italy,Italy,
US,Clark-Clauden 2007 Cabernet Sauvignon (Napa Valley),,78.0,Cabernet Sauvignon,91,US,US,
Italy,Stemmari 2013 Nero d'Avola (Terre Siciliane),Kerin O’Keefe,10.0,Nero d'Avola,87,Italy,Italy,
France,Loup Blanc 2007 La Mère Grand Red (Minervois),Lauren Buzzeo,25.0,Rhône-style Red Blend,90,France,France,
US,Bloomer Creek 2006 Gewürztraminer (Finger Lakes),Susan Kostrzewa,16.0,Gewürztraminer,85,US,US,US
Italy,Vigneti Le Monde 2010 Sauvignon (Friuli Grave),,13.0,Sauvignon,87,Italy,Italy,
France,Jean Milan NV Grande Réserve Blanc de Blancs Grand Cru Brut Chardonnay (Champagne),Roger Voss,66.0,Chardonnay,92,France,France,
Mexico,L.A. Cetto 1996 Private Reserve Nebbiolo (Valle de Guadalupe),,18.0,Nebbiolo,88,Mexico,Mexico,
Austria,Josef Schmid 2011 Kremser Gebling Erste Lage Grüner Veltliner (Kremstal),Roger Voss,,Grüner Veltliner,92,Austria,Austria,
Austria,Michlits 2007 Biokult Zweigelt Pinot Noir Red (Burgenland),Roger Voss,,Red Blend,85,Austria,Austria,
US,Truchard 2012 Estate Cabernet Sauvignon (Carneros),Virginie Boone,38.0,Cabernet Sauvignon,90,US,US,
Chile,Valdivieso 2001 Reserve Chardonnay (Central Valley),Michael Schachner,14.0,Chardonnay,88,Chile,Chile,Chile
US,Kontos 2014 Summit View Vineyard Malbec (Walla Walla Valley (WA)),Sean P. Sullivan,41.0,Malbec,89,US,US,
US,Michael Pozzan 2010 Annabella Pinot Noir (Carneros),,17.0,Pinot Noir,87,US,US,US
France,Dopff & Irion 2008 Crustacés White (Alsace),,10.0,Alsace white blend,90,France,France,
US,Ram 2014 Alder Ridge Vineyard Cabernet Franc (Columbia Valley (WA)),Sean P. Sullivan,25.0,Cabernet Franc,86,US,US,
France,Henri de Villamont 2010 Les Chatelots Premier Cru  (Chambolle-Musigny),Roger Voss,73.0,Pinot Noir,92,France,France,France
Portugal,Quinta do Monte Xisto 2013 Red (Douro),Roger Voss,80.0,Portuguese Red,92,Portugal,Portugal,Portugal
France,Kuentz-Bas 2008 Pinot Blanc (Alsace),,17.0,Pinot Blanc,91,France,Australia,
US,Covington 2006 Rough House Red Red (Walla Walla Valley (WA)),Paul Gregutt,30.0,Red Blend,85,US,US,
US,Qupé 2013 Doux Sawyer Lindquist Vineyard Marsanne (Edna Valley),Matt Kettmann,35.0,Marsanne,91,US,US,US
US,Kontos 2011 Les Collines Vineyard Syrah (Walla Walla Valley (WA)),Paul Gregutt,36.0,Syrah,86,US,US,
France,Château Cap Saint-Martin 2014  Blaye Côtes de Bordeaux,Roger Voss,18.0,Bordeaux-style Red Blend,87,France,France,
US,Sevtap 2015 Golden Horn Sauvignon Blanc (Santa Ynez Valley),Matt Kettmann,26.0,Sauvignon Blanc,86,US,US,
US,Donkey & Goat 2013 Perli Vineyards Syrah (Mendocino Ridge),Jim Gordon,42.0,Syrah,90,US,US,
US,Mirassou 2012 Chardonnay (Central Coast),Matt Kettmann,12.0,Chardonnay,87,US,US,
Germany,Carl Graff 2014 Graacher Himmelreich Spätlese Riesling (Mosel),Anna Lee C. Iijima,14.0,Riesling,91,Germany,Germany,
Italy,Feudo Montoni 2011 Catarratto (Sicilia),,17.0,Catarratto,86,Italy,Italy,
US,Zerba Cellars 2008 Sangiovese (Walla Walla Valley (WA)),Paul Gregutt,30.0,Sangiovese,87,US,US,
Italy,La Vis 2001 Bianco dei Sorni White (Trentino),Joe Czerwinski,15.0,White Blend,88,Italy,Italy,
Italy,Abbazia Santa Anastasia 2003 Montenero Red (Sicilia),,48.0,Red Blend,88,Italy,Italy,Italy
Spain,Pablo del Villar 2010 Ipsum Verdejo-Viura (Rueda),Michael Schachner,10.0,Verdejo-Viura,87,Spain,Spain,
Italy,Podere Scopetone 2012  Brunello di Montalcino,Kerin O’Keefe,57.0,Sangiovese,90,Italy,Italy,
US,Beacon Hill 2013 Chehalem Mountain Vineyard Pinot Noir (Chehalem Mountains),Paul Gregutt,85.0,Pinot Noir,90,US,US,US
Italy,Cantine di Dolianova 2010 Dolia  (Monica di Sardegna),,14.0,Monica,85,Italy,Italy,
France,Château Bel-Air Ortet 2009  Saint-Estèphe,Roger Voss,35.0,Bordeaux-style Red Blend,90,France,France,
France,Château Notre Dame du Quatourze 2015 Rosé (Languedoc),Lauren Buzzeo,16.0,Rosé,83,France,France,
US,Casa Larga 2008 Fiori Delle Stelle Ice Wine Cabernet Franc (Finger Lakes),Anna Lee C. Iijima,75.0,Cabernet Franc,87,US,US,
France,Cave de Viré 2015 Grande Réserve du Président  (Mâcon-Villages),Roger Voss,15.0,Chardonnay,85,France,France,
US,Mont Sec 2015 Mont Sec Vineyards Viognier (Texas),Alexander Peartree,14.0,Viognier,85,US,Italy,
US,Treana 2008 Treana Red Cabernet Sauvignon-Syrah (Paso Robles),,35.0,Cabernet Sauvignon-Syrah,87,US,US,
France,Château d'Esclans 2013 Les Clans Rosé (Côtes de Provence),Roger Voss,65.0,Rosé,91,France,France,
US,Cherry Hill 2006 Papillon Estate Pinot Noir (Willamette Valley),Paul Gregutt,22.0,Pinot Noir,85,US,US,
Portugal,Quinta de Paços 2015 Casa de Paços Rosé (Vinho Verde),Roger Voss,9.0,Rosé,85,Portugal,Portugal,
US,Chehalem 2012 Stoller Vineyards Pinot Blanc (Dundee Hills),Paul Gregutt,29.0,Pinot Blanc,92,US,US,US
US,Robert Mondavi 2011 Reserve Chardonnay (Carneros),,40.0,Chardonnay,92,US,US,
France,Fournier Père et Fils 2006 Les Belles Vignes  (Sancerre),Roger Voss,22.0,Sauvignon Blanc,88,France,France,
US,Finn Hill 2013 Soleil Sauvignon Blanc (Wahluke Slope),Sean P. Sullivan,18.0,Sauvignon Blanc,86,US,US,
Italy,Tornatore 2015 Rosato (Etna),Kerin O’Keefe,19.0,Rosato,90,Italy,Italy,
Austria,Mariell 2009 Blaufränkisch (Leithaberg),Roger Voss,17.0,Blaufränkisch,89,Austria,France,
Italy,Terlan 2014 Nova Domus Riserva White (Alto Adige),Kerin O’Keefe,62.0,White Blend,90,Italy,Italy,
US,Chronic Cellars 2013 Mr. Nibbles Red (Paso Robles),Matt Kettmann,35.0,Red Blend,91,US,US,US
US,Passing Time 2013 Cabernet Sauvignon (Horse Heaven Hills),Sean P. Sullivan,75.0,Cabernet Sauvignon,93,US,US,
Portugal,Herdade Grande 2015 Audaz Branco White (Alentejano),Roger Voss,10.0,Portuguese White,85,Portugal,Portugal,Portugal
Italy,Val d'Oca 2008 Millesimato Extra Dry  (Prosecco di Valdobbiadene),,19.0,Prosecco,85,Italy,Italy,
France,Château Riotor 2014 Rosé (Côtes de Provence),Roger Voss,17.0,Rosé,91,France,France,
US,Castello di Amorosa 2009 La Castellana Red (Napa Valley),,88.0,Red Blend,92,US,US,
Spain,Pata Negra NV Brut Sparkling (Cava),Michael Schachner,15.0,Sparkling Blend,86,Spain,Spain,
US,Iron Horse 2007 Ocean Reserve Sparkling (Green Valley),,40.0,Sparkling Blend,92,US,US,
Italy,Marchesi Antinori 2015 Villa Antinori White (Toscana),Kerin O’Keefe,14.0,White Blend,87,Italy,Italy,Italy
US,Turiya 2011 Shapeshifter Red (Central Coast),Matt Kettmann,100.0,Red Blend,93,US,US,US
Italy,Cantina Terlano 2002 Terlano Classico White (Alto Adige),Joe Czerwinski,15.0,White Blend,88,Italy,Italy,
Portugal,Quinta dos Avidagos 2011 Avidagos Red (Douro),Roger Voss,15.0,Portuguese Red,87,Portugal,Portugal,Portugal
France,Château Ségonzac 2014 Vieilles Vignes  (Blaye Côtes de Bordeaux),Roger Voss,14.0,Bordeaux-style Red Blend,87,France,France,
Italy,Montresor 2003 Capitel della Crosara  (Amarone della Valpolicella Classico),,41.0,"Corvina, Rondinella, Molinara",85,Italy,Italy,
US,Loring Wine Company 2014 Durell Vineyard Pinot Noir (Sonoma Coast),Jim Gordon,50.0,Pinot Noir,93,US,US,US
Chile,Aresti 2014 Special Release Reserva Carmenère (Rapel Valley),Michael Schachner,12.0,Carmenère,86,Chile,Chile,
US,J. Lohr 2015 October Night Chardonnay (Arroyo Seco),Matt Kettmann,25.0,Chardonnay,90,US,Italy,US
US,Envolve 2011 Sauvignon Blanc (Sonoma Valley),,20.0,Sauvignon Blanc,86,US,US,
US,Patton Valley 2010 West Block Pinot Noir (Willamette Valley),Paul Gregutt,48.0,Pinot Noir,92,US,US,US
US,Camaraderie 2009 Tempranillo (Yakima Valley),Paul Gregutt,28.0,Tempranillo,87,US,US,
US,Macari 2010 Cuvée Gabriella Brut Rosé Sparkling (North Fork of Long Island),Anna Lee C. Iijima,35.0,Sparkling Blend,89,US,US,
Canada,Pillitteri 2012 Reserve Icewine Vidal (Niagara-On-The-Lake),Sean P. Sullivan,30.0,Vidal,92,Canada,US,
Italy,Cantina Terlano 2000 Vorberg Pinot Bianco (Alto Adige),Joe Czerwinski,21.0,Pinot Bianco,88,Italy,Italy,
US,Folie à Deux 2015 Pinot Gris (Sonoma Coast),Virginie Boone,18.0,Pinot Gris,88,US,US,
Spain,Cavas Hill NV 1887 Rosado Sparkling (Cava),Michael Schachner,13.0,Sparkling Blend,82,Spain,Spain,
US,Market Vineyards 2008 Dividend Syrah (Columbia Valley (WA)),Paul Gregutt,39.0,Syrah,90,US,US,
US,Four Lanterns 2013 Fire Light Syrah (Paso Robles),Matt Kettmann,62.0,Syrah,93,US,US,
Australia,Chambers Rosewood Vineyards NV Rare Muscat (Rutherglen),Joe Czerwinski,350.0,Muscat,100,Australia,US,
France,Pierre Gimonnet et Fils 2005 Oenophile Premier Cru Blanc de Blancs Extra Brut Chardonnay (Champagne),Roger Voss,72.0,Chardonnay,92,France,France,
US,Falcor 2005 Sangiovese (Napa Valley),,34.0,Sangiovese,85,US,US,
Italy,Masseria Setteporte 2012 Rosso  (Etna),Kerin O’Keefe,,Nerello Mascalese,87,Italy,Italy,
Italy,Bellussi NV Extra Dry  (Prosecco di Valdobbiadene),,15.0,Prosecco,86,Italy,Italy,
Italy,Michele Chiarlo 2011 Le Marne  (Gavi),,19.0,Cortese,87,Italy,Chile,Italy
US,Murphy-Goode 2000 Reserve Fume Sauvignon Blanc (Alexander Valley),,17.0,Sauvignon Blanc,88,US,US,
Argentina,O. Fournier 2007 B Crux Red (Uco Valley),Michael Schachner,19.0,Red Blend,89,Argentina,Argentina,
France,Domaine Berthoumieu 2013 Charles de Batz Tannat-Cabernet (Madiran),Roger Voss,25.0,Tannat-Cabernet,91,France,France,
France,Laurent Gauthier 2013 Rosé (Beaujolais Rosé),Roger Voss,,Rosé,86,France,France,
US,Dancing Bull 2007 Sauvignon Blanc (California),,12.0,Sauvignon Blanc,88,US,US,
Portugal,Quinta da Lagoalva de Cima 2013 Lagoalva Barrel Selection Tinto Red (Tejo),Roger Voss,23.0,Portuguese Red,92,Portugal,Portugal,
France,Les Vins Aujoux 2013 Belle Grâce  (Beaujolais-Villages),Roger Voss,15.0,Gamay,86,France,US,France
South Africa,Ken Forrester 2011 Petit Chenin Blanc (Western Cape),Lauren Buzzeo,12.0,Chenin Blanc,87,South Africa,South Africa,
US,X 2008 White X White (North Coast),,15.0,White Blend,85,US,US,
France,Alain Jaume et Fils 2009 Réserve Grand Veneur Red (Côtes du Rhône),Joe Czerwinski,15.0,Rhône-style Red Blend,87,France,France,
France,Domaine du Haut-Poncié 2013 Roche Grès  (Moulin-à-Vent),Roger Voss,23.0,Gamay,86,France,Italy,
US,Hermann J. Wiemer 2002 Blanc de Blanc Chardonnay (Finger Lakes),,30.0,Chardonnay,85,US,US,
US,World's End 2013 If Six Was Nine Reserve Cabernet Sauvignon (Napa Valley),Virginie Boone,53.0,Cabernet Sauvignon,93,US,US,US
Portugal,Roquette e Cazes 2007 Red (Douro),Roger Voss,,Portuguese Red,90,Portugal,Portugal,
US,Eighty Four 2010 Petite Sirah (Napa Valley),Virginie Boone,65.0,Petite Sirah,93,US,US,
Italy,Comm. G. B. Burlotto 2011 Acclivi  (Barolo),Kerin O’Keefe,53.0,Nebbiolo,90,Italy,Italy,Italy
Chile,Emiliana 2008 Natura Chardonnay (Casablanca Valley),Michael Schachner,11.0,Chardonnay,87,Chile,Chile,
US,Laetitia 2008 Cuvée M Sparkling (Arroyo Grande Valley),,35.0,Sparkling Blend,92,US,US,
South Africa,Kanonkop 2012 Estate Wine Pinotage (Simonsberg-Stellenbosch),Lauren Buzzeo,40.0,Pinotage,91,South Africa,South Africa,
US,Bell 2009 Clone 6 Cabernet Sauvignon (Rutherford),,130.0,Cabernet Sauvignon,92,US,US,
US,Bunnell 2011 ALX Syrah (Columbia Valley (WA)),Sean P. Sullivan,42.0,Syrah,90,US,US,
US,Big Basin 2014 Coastview Vineyard Chardonnay (Monterey County),Matt Kettmann,48.0,Chardonnay,91,US,US,
Chile,Tres Palacios 2011 Reserve Pinot Noir (Maipo Valley),Michael Schachner,13.0,Pinot Noir,85,Chile,Spain,
France,Jeaunaux-Robin 2004 Les Grands Nots Millesimé Brut  (Champagne),Roger Voss,,Champagne Blend,92,France,France,
US,Limerick Lane 2013 Headpruned Block Syrah (Russian River Valley),Virginie Boone,45.0,Syrah,93,US,US,
Italy,Fattoria La Rivolta 2015 Taburno Fiano (Sannio),Kerin O’Keefe,25.0,Fiano,90,Italy,Italy,
US,William Knuttel 2007 Pinot Noir (Sonoma Coast),,24.0,Pinot Noir,87,US,US,US
US,Cloud 9 2006 Seity Zinfandel (Amador County),,35.0,Zinfandel,85,US,US,
US,Acrobat 2013 Pinot Noir (Oregon),Paul Gregutt,20.0,Pinot Noir,87,US,US,
Italy,Rabino 2008  Roero,,,Nebbiolo,87,Italy,Italy,Italy
France,Chanoine NV Tzarina No 1 Brut  (Champagne),Roger Voss,100.0,Champagne Blend,92,France,France,
France,Château Vincens 2012 Malbec (Cahors),Roger Voss,35.0,Malbec,91,France,France,
US,St. Francis 2009 Old Vines Zinfandel (Sonoma County),,20.0,Zinfandel,89,US,US,
Italy,Bersano 2012 Nirvasco  (Barolo),Kerin O’Keefe,50.0,Nebbiolo,87,Italy,Italy,
Australia,Henry's Drive Vignerons 2006 The Trial of John Montford Cabernet Sauvignon (Padthaway),Joe Czerwinski,30.0,Cabernet Sauvignon,87,Australia,US,
US,Vinoce 2001 Sauvignon Blanc (Rutherford),,18.0,Sauvignon Blanc,88,US,US,
US,Firesteed 2012 Riesling (Oregon),Paul Gregutt,15.0,Riesling,90,US,US,US
Italy,Pizzolato 2007  Prosecco del Veneto,,13.0,Prosecco,85,Italy,Italy,
Austria,Winzer Krems 2011 Kellermeister Privat Goldberg Grüner Veltliner (Kremstal),Roger Voss,18.0,Grüner Veltliner,87,Austria,Austria,
Chile,Pura 8 2010 Grand Reserve Pinot Noir (Rapel Valley),Michael Schachner,20.0,Pinot Noir,81,Chile,Chile,Chile
Italy,Paternoster 2007 Synthesi  (Aglianico del Vulture),,30.0,Aglianico,87,Italy,Italy,Italy
Greece,Domaine Sigalas 2010 Asirtiko Athiri White (Santorini),Susan Kostrzewa,18.0,White Blend,87,Greece,Greece,
US,Monte Volpe 2013 Pinot Grigio (Mendocino),Jim Gordon,15.0,Pinot Grigio,90,US,US,
Italy,Ceretto 2003 Bricco Rocche Brunate  (Barolo),,70.0,Nebbiolo,91,Italy,Italy,Italy
US,Paradise Ridge 2012 Rockpile Vineyard Cabernet Sauvignon (Rockpile),Virginie Boone,65.0,Cabernet Sauvignon,90,US,US,US
US,Herencia 2013 Merlot (Napa Valley),Virginie Boone,42.0,Merlot,90,US,US,
US,Soquel Vineyards 2013 Intreccio Library Selection Red (Napa Valley),Virginie Boone,75.0,Bordeaux-style Red Blend,88,US,US,
Italy,Gini 2002 Classico  (Soave),Roger Voss,10.0,White Blend,88,Italy,Italy,
US,Passaggio 2014 Blau Vineyards Merlot (Knights Valley),Virginie Boone,55.0,Merlot,86,US,US,
Italy,Bellavista 2006 Gran Cuvée Pas Operé Sparkling (Franciacorta),Kerin O’Keefe,50.0,Sparkling Blend,92,Italy,Italy,
US,Clos La Chance 2006 Lila's Cuvée Red (Central Coast),,40.0,Red Blend,86,US,US,
US,Mounts 2014 Verah Red (Dry Creek Valley),Virginie Boone,36.0,Rhône-style Red Blend,90,US,US,
France,Deutz 2007 Blanc de Blancs Brut Chardonnay (Champagne),Roger Voss,,Chardonnay,92,France,France,France
US,Matrix 2007 Stuhlmuller Vineyard Chardonnay (Alexander Valley),,36.0,Chardonnay,92,US,US,
Italy,Suavia 2011  Soave Classico,,19.0,Garganega,87,Italy,Italy,
US,Quiévremont 2012 Vin de Maison Red (Virginia),Alexander Peartree,23.0,Red Blend,87,US,US,US
Argentina,El Enemigo 2012 Bonarda (Mendoza),Michael Schachner,30.0,Bonarda,91,Argentina,Argentina,
US,Eco Terreno 2013 Old Vine Cabernet Sauvignon (Alexander Valley),Virginie Boone,40.0,Cabernet Sauvignon,86,US,US,
Italy,Marchesi de' Frescobaldi 2014 Castiglioni Red (Toscana),Kerin O’Keefe,30.0,Red Blend,87,Italy,Italy,
Italy,Livio Felluga 2009 Friulano (Colli Orientali del Friuli),,25.0,Friulano,89,Italy,Italy,
US,Gershon Bachus 2009 Erato De Portola Trail Vineyard Cabernet Franc (Temecula Valley),Matt Kettmann,45.0,Cabernet Franc,90,US,US,
Austria,Gebeshuber 2015 Lage Modler Zierfandler (Thermenregion),Anne Krebiehl MW,,Zierfandler,89,Austria,Austria,
US,Lamoreaux Landing 2014 Yellow Dog Vineyard Riesling (Finger Lakes),Anna Lee C. Iijima,20.0,Riesling,87,US,US,
