variety,SUM(wine.points),SUM(wine.price)
Chardonnay,1603.0,564.0
Carmenère,263.0,39.0
Pinot Grigio,173.0,27.0
Pinot Noir,1433.0,1110.0
Rhône-style Red Blend,87.0,15.0
Bordeaux-style Red Blend,714.0,409.0
Red Blend,968.0,342.0
Shiraz-Cabernet Sauvignon,92.0,40.0
Sauvignon Blanc,440.0,103.0
Gewürztraminer,437.0,127.0
Champagne Blend,262.0,142.0
Cabernet Sauvignon,808.0,622.0
Syrah,176.0,35.0
Nebbiolo,275.0,320.0
Portuguese Red,184.0,62.0
Nerello Mascalese,90.0,30.0
Vernaccia,86.0,29.0
White Blend,267.0,68.0
Zinfandel,169.0,74.0
Marsanne,91.0,35.0
Grenache,92.0,35.0
Alsace white blend,92.0,45.0
Pinot Gris,353.0,71.0
Gamay,172.0,23.0
Vilana,89.0,13.0
Silvaner,90.0,16.0
Petite Sirah,93.0,65.0
Riesling,709.0,164.0
Sparkling Blend,173.0,34.0
Sangiovese,266.0,135.0
Merlot,86.0,55.0
Malbec,259.0,73.0
Portuguese White,85.0,10.0
Viognier,174.0,48.0
Barbera,90.0,25.0
Cabernet Franc,177.0,108.0
Colombard,86.0,9.0
Tempranillo Blend,88.0,53.0
Rosé,256.0,40.0
Sousão,90.0,40.0
Cortese,89.0,15.0
Pinot Blanc,89.0,18.0
Grenache Blanc,90.0,22.0
Fumé Blanc,90.0,20.0
Muscat Blanc à Petits Grains,87.0,20.0
Chenin Blanc,90.0,20.0
Portuguese Sparkling,87.0,12.0
Vidal,92.0,30.0
Rosato,90.0,19.0
Savagnin,92.0,45.0
Moscato,87.0,18.0
Petit Manseng,86.0,11.0
Fiano,90.0,25.0
